noteId,postId,postUrl,complete,sourceFile
1809083872774402200,1813360938638365163,https://x.com/i/status/1813360938638365163,1,batch_0001 (7).json
1852761408993439926,1852754408255205734,https://x.com/i/status/1852754408255205734,1,batch_0001 (7).json
1852761408993439926,1852757656563257814,https://x.com/i/status/1852757656563257814,1,batch_0001 (7).json
1852761408993439926,1852757705112568065,https://x.com/i/status/1852757705112568065,1,batch_0001 (7).json
1852761408993439926,1852758302532211135,https://x.com/i/status/1852758302532211135,1,batch_0001 (7).json
1852761408993439926,1852758810428871062,https://x.com/i/status/1852758810428871062,1,batch_0001 (7).json
1852761408993439926,1852759229775380791,https://x.com/i/status/1852759229775380791,1,batch_0001 (7).json
1852761408993439926,1852760212090023987,https://x.com/i/status/1852760212090023987,1,batch_0001 (7).json
1852761408993439926,1852761474650837292,https://x.com/i/status/1852761474650837292,1,batch_0001 (7).json
1852761408993439926,1852762206665851055,https://x.com/i/status/1852762206665851055,1,batch_0001 (7).json
1852761408993439926,1852762659982024886,https://x.com/i/status/1852762659982024886,1,batch_0001 (7).json
1852761408993439926,1852763631168991305,https://x.com/i/status/1852763631168991305,1,batch_0001 (7).json
1852761408993439926,1852763986258792795,https://x.com/i/status/1852763986258792795,1,batch_0001 (7).json
1852761408993439926,1852764423716499597,https://x.com/i/status/1852764423716499597,1,batch_0001 (7).json
1852761408993439926,1852767631318687780,https://x.com/i/status/1852767631318687780,1,batch_0001 (7).json
1852761408993439926,1852770763054497928,https://x.com/i/status/1852770763054497928,1,batch_0001 (7).json
1852761408993439926,1852772484556423572,https://x.com/i/status/1852772484556423572,1,batch_0001 (7).json
1852761408993439926,1852773931926626551,https://x.com/i/status/1852773931926626551,1,batch_0001 (7).json
1852761408993439926,1852775267481080069,https://x.com/i/status/1852775267481080069,1,batch_0001 (7).json
1852761408993439926,1852775267887915434,https://x.com/i/status/1852775267887915434,1,batch_0001 (7).json
1852761408993439926,1852777255379865898,https://x.com/i/status/1852777255379865898,1,batch_0001 (7).json
1852761408993439926,1852779615229788380,https://x.com/i/status/1852779615229788380,1,batch_0001 (7).json
1852761408993439926,1852781793520271728,https://x.com/i/status/1852781793520271728,1,batch_0001 (7).json
1852761408993439926,1852783486480114078,https://x.com/i/status/1852783486480114078,1,batch_0001 (7).json
1852761408993439926,1852786000361123960,https://x.com/i/status/1852786000361123960,1,batch_0001 (7).json
1852761408993439926,1852787248703426993,https://x.com/i/status/1852787248703426993,1,batch_0001 (7).json
1852761408993439926,1852791007160795613,https://x.com/i/status/1852791007160795613,1,batch_0001 (7).json
1852761408993439926,1852791247590523062,https://x.com/i/status/1852791247590523062,1,batch_0001 (7).json
1852761408993439926,1852793699962601979,https://x.com/i/status/1852793699962601979,1,batch_0001 (7).json
1852761408993439926,1852793751791698199,https://x.com/i/status/1852793751791698199,1,batch_0001 (7).json
1852761408993439926,1852794897662701668,https://x.com/i/status/1852794897662701668,1,batch_0001 (7).json
1852761408993439926,1852800840459039179,https://x.com/i/status/1852800840459039179,1,batch_0001 (7).json
1852761408993439926,1852802323380359496,https://x.com/i/status/1852802323380359496,1,batch_0001 (7).json
1852761408993439926,1852803222614024472,https://x.com/i/status/1852803222614024472,1,batch_0001 (7).json
1852761408993439926,1852820904100896848,https://x.com/i/status/1852820904100896848,1,batch_0001 (7).json
1852761408993439926,1852840402782495017,https://x.com/i/status/1852840402782495017,1,batch_0001 (7).json
1852761408993439926,1852929646658023887,https://x.com/i/status/1852929646658023887,1,batch_0001 (7).json
1852761408993439926,1852954583632592982,https://x.com/i/status/1852954583632592982,1,batch_0001 (7).json
1852761408993439926,1852965585820258509,https://x.com/i/status/1852965585820258509,1,batch_0001 (7).json
1852761408993439926,1852970835486572780,https://x.com/i/status/1852970835486572780,1,batch_0001 (7).json
1852761408993439926,1852981158348276092,https://x.com/i/status/1852981158348276092,1,batch_0001 (7).json
1852761408993439926,1852987000690794796,https://x.com/i/status/1852987000690794796,1,batch_0001 (7).json
1852761408993439926,1852994262067019823,https://x.com/i/status/1852994262067019823,1,batch_0001 (7).json
1852761408993439926,1852995831462277491,https://x.com/i/status/1852995831462277491,1,batch_0001 (7).json
1852761408993439926,1853006918563848307,https://x.com/i/status/1853006918563848307,1,batch_0001 (7).json
1852761408993439926,1853029836362600619,https://x.com/i/status/1853029836362600619,1,batch_0001 (7).json
1852761408993439926,1853029894613086616,https://x.com/i/status/1853029894613086616,1,batch_0001 (7).json
1852761408993439926,1853029948786716896,https://x.com/i/status/1853029948786716896,1,batch_0001 (7).json
1852761408993439926,1853043598532452612,https://x.com/i/status/1853043598532452612,1,batch_0001 (7).json
1852761408993439926,1853047803955556485,https://x.com/i/status/1853047803955556485,1,batch_0001 (7).json
1852761408993439926,1853084001608630350,https://x.com/i/status/1853084001608630350,1,batch_0001 (7).json
1852761408993439926,1853103984015446167,https://x.com/i/status/1853103984015446167,1,batch_0001 (7).json
1852761408993439926,1853110099297857677,https://x.com/i/status/1853110099297857677,1,batch_0001 (7).json
1852761408993439926,1853130000075010310,https://x.com/i/status/1853130000075010310,1,batch_0001 (7).json
1852761408993439926,1853144070387876000,https://x.com/i/status/1853144070387876000,1,batch_0001 (7).json
1852761408993439926,1853150211817742633,https://x.com/i/status/1853150211817742633,1,batch_0001 (7).json
1852761408993439926,1853164105382641809,https://x.com/i/status/1853164105382641809,1,batch_0001 (7).json
1852761408993439926,1853202410170151097,https://x.com/i/status/1853202410170151097,1,batch_0001 (7).json
1852761408993439926,1853208573616001246,https://x.com/i/status/1853208573616001246,1,batch_0001 (7).json
1852761408993439926,1853378516760334657,https://x.com/i/status/1853378516760334657,1,batch_0001 (7).json
1852761408993439926,1853378921972031586,https://x.com/i/status/1853378921972031586,1,batch_0001 (7).json
1852761408993439926,1853379608323707123,https://x.com/i/status/1853379608323707123,1,batch_0001 (7).json
1852761408993439926,1853409894386298894,https://x.com/i/status/1853409894386298894,1,batch_0001 (7).json
1852761408993439926,1853433406698254614,https://x.com/i/status/1853433406698254614,1,batch_0001 (7).json
1852761408993439926,1853434652742062334,https://x.com/i/status/1853434652742062334,1,batch_0001 (7).json
1852761408993439926,1853448463746531625,https://x.com/i/status/1853448463746531625,1,batch_0001 (7).json
1852761408993439926,1853465616373669902,https://x.com/i/status/1853465616373669902,1,batch_0001 (7).json
1852761408993439926,1853469647028338720,https://x.com/i/status/1853469647028338720,1,batch_0001 (7).json
1852761408993439926,1853569339125105023,https://x.com/i/status/1853569339125105023,1,batch_0001 (7).json
1852761408993439926,1853672371011395840,https://x.com/i/status/1853672371011395840,1,batch_0001 (7).json
1852761408993439926,1853741192665534753,https://x.com/i/status/1853741192665534753,1,batch_0001 (7).json
1852761408993439926,1853860823007121585,https://x.com/i/status/1853860823007121585,1,batch_0001 (7).json
1852761408993439926,1853862324525789633,https://x.com/i/status/1853862324525789633,1,batch_0001 (7).json
1852761408993439926,1853904048820273593,https://x.com/i/status/1853904048820273593,1,batch_0001 (7).json
1852761408993439926,1853938411255783524,https://x.com/i/status/1853938411255783524,1,batch_0001 (7).json
1852761408993439926,1855678245531984315,https://x.com/i/status/1855678245531984315,1,batch_0001 (7).json
1852761408993439926,1855707717555630094,https://x.com/i/status/1855707717555630094,1,batch_0001 (7).json
1852761408993439926,1856024563785629728,https://x.com/i/status/1856024563785629728,1,batch_0001 (7).json
1860281457660309762,1860040288628273368,https://x.com/i/status/1860040288628273368,1,batch_0003.json
1873426338310476018,1866826360888479772,https://x.com/i/status/1866826360888479772,1,batch_0003.json
1873426338310476018,1872157820868567042,https://x.com/i/status/1872157820868567042,1,batch_0003.json
1873426338310476018,1873117779882340765,https://x.com/i/status/1873117779882340765,1,batch_0003.json
1873426338310476018,1873297445142278319,https://x.com/i/status/1873297445142278319,1,batch_0003.json
1873426338310476018,1873402466991243472,https://x.com/i/status/1873402466991243472,1,batch_0003.json
1873426338310476018,1873404687304859895,https://x.com/i/status/1873404687304859895,1,batch_0003.json
1873426338310476018,1873412807204696410,https://x.com/i/status/1873412807204696410,1,batch_0003.json
1873426338310476018,1873428585853391302,https://x.com/i/status/1873428585853391302,1,batch_0003.json
1873426338310476018,1873433036832071902,https://x.com/i/status/1873433036832071902,1,batch_0003.json
1873426338310476018,1873650799148232922,https://x.com/i/status/1873650799148232922,1,batch_0003.json
1873426338310476018,1873731574216462624,https://x.com/i/status/1873731574216462624,1,batch_0003.json
1873426338310476018,1873801319661932647,https://x.com/i/status/1873801319661932647,1,batch_0003.json
1873426338310476018,1874412292311507369,https://x.com/i/status/1874412292311507369,1,batch_0003.json
1882510573465682068,1882502109872222503,https://x.com/i/status/1882502109872222503,1,batch_0002 (1).json
1882510573465682068,1882502242647085236,https://x.com/i/status/1882502242647085236,1,batch_0002 (1).json
1882510573465682068,1882503117650243870,https://x.com/i/status/1882503117650243870,1,batch_0002 (1).json
1882510573465682068,1882503842237173803,https://x.com/i/status/1882503842237173803,1,batch_0002 (1).json
1882510573465682068,1882508710863638829,https://x.com/i/status/1882508710863638829,1,batch_0002 (1).json
1888215995896021132,1880637499774824912,https://x.com/i/status/1880637499774824912,1,batch_0002 (1).json
1888215995896021132,1881046333299237296,https://x.com/i/status/1881046333299237296,1,batch_0002 (1).json
1888215995896021132,1881046499964203412,https://x.com/i/status/1881046499964203412,1,batch_0002 (1).json
1888215995896021132,1881074227119530488,https://x.com/i/status/1881074227119530488,1,batch_0002 (1).json
1888215995896021132,1881272684107243623,https://x.com/i/status/1881272684107243623,1,batch_0002 (1).json
1888215995896021132,1881342468870000696,https://x.com/i/status/1881342468870000696,1,batch_0002 (1).json
1888215995896021132,1881355027635425382,https://x.com/i/status/1881355027635425382,1,batch_0002 (1).json
1888215995896021132,1881403760695726521,https://x.com/i/status/1881403760695726521,1,batch_0002 (1).json
1888215995896021132,1881439745043284043,https://x.com/i/status/1881439745043284043,1,batch_0002 (1).json
1888215995896021132,1881638163854262530,https://x.com/i/status/1881638163854262530,1,batch_0002 (1).json
1888215995896021132,1881871470009413801,https://x.com/i/status/1881871470009413801,1,batch_0002 (1).json
1888215995896021132,1881906229033017449,https://x.com/i/status/1881906229033017449,1,batch_0002 (1).json
1888215995896021132,1881933722850935272,https://x.com/i/status/1881933722850935272,1,batch_0002 (1).json
1888215995896021132,1882003329917837790,https://x.com/i/status/1882003329917837790,1,batch_0002 (1).json
1888215995896021132,1882011616218435883,https://x.com/i/status/1882011616218435883,1,batch_0002 (1).json
1888215995896021132,1882020801056252284,https://x.com/i/status/1882020801056252284,1,batch_0002 (1).json
1888215995896021132,1882355955691880684,https://x.com/i/status/1882355955691880684,1,batch_0002 (1).json
1888215995896021132,1882394274849014137,https://x.com/i/status/1882394274849014137,1,batch_0002 (1).json
1888215995896021132,1882442201583821063,https://x.com/i/status/1882442201583821063,1,batch_0002 (1).json
1888215995896021132,1882471404886732960,https://x.com/i/status/1882471404886732960,1,batch_0002 (1).json
1888215995896021132,1882566826187784454,https://x.com/i/status/1882566826187784454,1,batch_0002 (1).json
1888215995896021132,1882645554892767495,https://x.com/i/status/1882645554892767495,1,batch_0002 (1).json
1888215995896021132,1882788536103125494,https://x.com/i/status/1882788536103125494,1,batch_0002 (1).json
1888215995896021132,1882824952161997091,https://x.com/i/status/1882824952161997091,1,batch_0002 (1).json
1888215995896021132,1883236975597207555,https://x.com/i/status/1883236975597207555,1,batch_0002 (1).json
1888215995896021132,1883446124817928562,https://x.com/i/status/1883446124817928562,1,batch_0002 (1).json
1888215995896021132,1883463317572006373,https://x.com/i/status/1883463317572006373,1,batch_0002 (1).json
1888215995896021132,1883668047648665737,https://x.com/i/status/1883668047648665737,1,batch_0002 (1).json
1888215995896021132,1883689859572981832,https://x.com/i/status/1883689859572981832,1,batch_0002 (1).json
1888215995896021132,1883694083874643980,https://x.com/i/status/1883694083874643980,1,batch_0002 (1).json
1888215995896021132,1883995086624804927,https://x.com/i/status/1883995086624804927,1,batch_0002 (1).json
1888215995896021132,1884050046804713813,https://x.com/i/status/1884050046804713813,1,batch_0002 (1).json
1888215995896021132,1884337054097756222,https://x.com/i/status/1884337054097756222,1,batch_0002 (1).json
1888215995896021132,1884713941588185387,https://x.com/i/status/1884713941588185387,1,batch_0002 (1).json
1888215995896021132,1885019048754475336,https://x.com/i/status/1885019048754475336,1,batch_0002 (1).json
1888215995896021132,1885036284357624161,https://x.com/i/status/1885036284357624161,1,batch_0002 (1).json
1888215995896021132,1885509037657076197,https://x.com/i/status/1885509037657076197,1,batch_0002 (1).json
1888215995896021132,1885541628024135979,https://x.com/i/status/1885541628024135979,1,batch_0002 (1).json
1888215995896021132,1885551056987578564,https://x.com/i/status/1885551056987578564,1,batch_0002 (1).json
1888215995896021132,1885612958384021604,https://x.com/i/status/1885612958384021604,1,batch_0002 (1).json
1888215995896021132,1885628153357340836,https://x.com/i/status/1885628153357340836,1,batch_0002 (1).json
1888215995896021132,1886451017597788422,https://x.com/i/status/1886451017597788422,1,batch_0002 (1).json
1888215995896021132,1886473167109284201,https://x.com/i/status/1886473167109284201,1,batch_0002 (1).json
1888215995896021132,1886473948667191328,https://x.com/i/status/1886473948667191328,1,batch_0002 (1).json
1888215995896021132,1886504967177162939,https://x.com/i/status/1886504967177162939,1,batch_0002 (1).json
1888215995896021132,1886609498934030511,https://x.com/i/status/1886609498934030511,1,batch_0002 (1).json
1888215995896021132,1886614421637599622,https://x.com/i/status/1886614421637599622,1,batch_0002 (1).json
1888215995896021132,1886794854467793079,https://x.com/i/status/1886794854467793079,1,batch_0002 (1).json
1888215995896021132,1886910462542938494,https://x.com/i/status/1886910462542938494,1,batch_0002 (1).json
1888215995896021132,1886924162624807170,https://x.com/i/status/1886924162624807170,1,batch_0002 (1).json
1888215995896021132,1886924282527469707,https://x.com/i/status/1886924282527469707,1,batch_0002 (1).json
1888215995896021132,1886986031464915032,https://x.com/i/status/1886986031464915032,1,batch_0002 (1).json
1888215995896021132,1886993400328548544,https://x.com/i/status/1886993400328548544,1,batch_0002 (1).json
1888215995896021132,1887057792332104023,https://x.com/i/status/1887057792332104023,1,batch_0002 (1).json
1888215995896021132,1887162465567351066,https://x.com/i/status/1887162465567351066,1,batch_0002 (1).json
1888215995896021132,1887166232824066441,https://x.com/i/status/1887166232824066441,1,batch_0002 (1).json
1888215995896021132,1887183910968381860,https://x.com/i/status/1887183910968381860,1,batch_0002 (1).json
1888215995896021132,1887193752336232787,https://x.com/i/status/1887193752336232787,1,batch_0002 (1).json
1888215995896021132,1887217953629782395,https://x.com/i/status/1887217953629782395,1,batch_0002 (1).json
1888215995896021132,1887266368552059377,https://x.com/i/status/1887266368552059377,1,batch_0002 (1).json
1888215995896021132,1887267035555443076,https://x.com/i/status/1887267035555443076,1,batch_0002 (1).json
1888215995896021132,1887267990380675336,https://x.com/i/status/1887267990380675336,1,batch_0002 (1).json
1888215995896021132,1887313003671871755,https://x.com/i/status/1887313003671871755,1,batch_0002 (1).json
1888215995896021132,1887345933173858355,https://x.com/i/status/1887345933173858355,1,batch_0002 (1).json
1888215995896021132,1887348143458525401,https://x.com/i/status/1887348143458525401,1,batch_0002 (1).json
1888215995896021132,1887385587835150686,https://x.com/i/status/1887385587835150686,1,batch_0002 (1).json
1888215995896021132,1887391075406352422,https://x.com/i/status/1887391075406352422,1,batch_0002 (1).json
1888215995896021132,1887396037867823404,https://x.com/i/status/1887396037867823404,1,batch_0002 (1).json
1888215995896021132,1887437047004078571,https://x.com/i/status/1887437047004078571,1,batch_0002 (1).json
1888215995896021132,1887456528455610524,https://x.com/i/status/1887456528455610524,1,batch_0002 (1).json
1888215995896021132,1887458043987927160,https://x.com/i/status/1887458043987927160,1,batch_0002 (1).json
1888215995896021132,1887465656204845131,https://x.com/i/status/1887465656204845131,1,batch_0002 (1).json
1888215995896021132,1887473284561969659,https://x.com/i/status/1887473284561969659,1,batch_0002 (1).json
1888215995896021132,1887474118280552680,https://x.com/i/status/1887474118280552680,1,batch_0002 (1).json
1888215995896021132,1887503249407656133,https://x.com/i/status/1887503249407656133,1,batch_0002 (1).json
1888215995896021132,1887518443777179649,https://x.com/i/status/1887518443777179649,1,batch_0002 (1).json
1888215995896021132,1887526817117917412,https://x.com/i/status/1887526817117917412,1,batch_0002 (1).json
1888215995896021132,1887526983526993949,https://x.com/i/status/1887526983526993949,1,batch_0002 (1).json
1888215995896021132,1887534077659460028,https://x.com/i/status/1887534077659460028,1,batch_0002 (1).json
1888215995896021132,1887535348164522288,https://x.com/i/status/1887535348164522288,1,batch_0002 (1).json
1888215995896021132,1887541229111681406,https://x.com/i/status/1887541229111681406,1,batch_0002 (1).json
1888215995896021132,1887558658201985172,https://x.com/i/status/1887558658201985172,1,batch_0002 (1).json
1888215995896021132,1887562468366397454,https://x.com/i/status/1887562468366397454,1,batch_0002 (1).json
1888215995896021132,1887571448476115057,https://x.com/i/status/1887571448476115057,1,batch_0002 (1).json
1888215995896021132,1887571574557188255,https://x.com/i/status/1887571574557188255,1,batch_0002 (1).json
1888215995896021132,1887573815917507040,https://x.com/i/status/1887573815917507040,1,batch_0002 (1).json
1888215995896021132,1887582031585960278,https://x.com/i/status/1887582031585960278,1,batch_0002 (1).json
1888215995896021132,1887584155535360047,https://x.com/i/status/1887584155535360047,1,batch_0002 (1).json
1888215995896021132,1887584471899324884,https://x.com/i/status/1887584471899324884,1,batch_0002 (1).json
1888215995896021132,1887589980999963025,https://x.com/i/status/1887589980999963025,1,batch_0002 (1).json
1888215995896021132,1887597197694501169,https://x.com/i/status/1887597197694501169,1,batch_0002 (1).json
1888215995896021132,1887617187952619960,https://x.com/i/status/1887617187952619960,1,batch_0002 (1).json
1888215995896021132,1887617344995754040,https://x.com/i/status/1887617344995754040,1,batch_0002 (1).json
1888215995896021132,1887625216160944153,https://x.com/i/status/1887625216160944153,1,batch_0002 (1).json
1888215995896021132,1887626482131869930,https://x.com/i/status/1887626482131869930,1,batch_0002 (1).json
1888215995896021132,1887627396305854930,https://x.com/i/status/1887627396305854930,1,batch_0002 (1).json
1888215995896021132,1887630803703628182,https://x.com/i/status/1887630803703628182,1,batch_0002 (1).json
1888215995896021132,1887633021802627208,https://x.com/i/status/1887633021802627208,1,batch_0002 (1).json
1888215995896021132,1887633651208163785,https://x.com/i/status/1887633651208163785,1,batch_0002 (1).json
1888215995896021132,1887633728614306060,https://x.com/i/status/1887633728614306060,1,batch_0002 (1).json
1888215995896021132,1887636450700820752,https://x.com/i/status/1887636450700820752,1,batch_0002 (1).json
1888215995896021132,1887637543870460090,https://x.com/i/status/1887637543870460090,1,batch_0002 (1).json
1888215995896021132,1887642745465962839,https://x.com/i/status/1887642745465962839,1,batch_0002 (1).json
1888215995896021132,1887644698153537668,https://x.com/i/status/1887644698153537668,1,batch_0002 (1).json
1888215995896021132,1887652281132155209,https://x.com/i/status/1887652281132155209,1,batch_0002 (1).json
1888215995896021132,1887662061787783406,https://x.com/i/status/1887662061787783406,1,batch_0002 (1).json
1888215995896021132,1887664938530799810,https://x.com/i/status/1887664938530799810,1,batch_0002 (1).json
1888215995896021132,1887670253079175525,https://x.com/i/status/1887670253079175525,1,batch_0002 (1).json
1888215995896021132,1887678081349132456,https://x.com/i/status/1887678081349132456,1,batch_0002 (1).json
1888215995896021132,1887681369951596977,https://x.com/i/status/1887681369951596977,1,batch_0002 (1).json
1888215995896021132,1887684905816973791,https://x.com/i/status/1887684905816973791,1,batch_0002 (1).json
1888215995896021132,1887689482461164004,https://x.com/i/status/1887689482461164004,1,batch_0002 (1).json
1888215995896021132,1887691605391352069,https://x.com/i/status/1887691605391352069,1,batch_0002 (1).json
1888215995896021132,1887694537117626788,https://x.com/i/status/1887694537117626788,1,batch_0002 (1).json
1888215995896021132,1887694946389422350,https://x.com/i/status/1887694946389422350,1,batch_0002 (1).json
1888215995896021132,1887695326984732822,https://x.com/i/status/1887695326984732822,1,batch_0002 (1).json
1888215995896021132,1887696821180342330,https://x.com/i/status/1887696821180342330,1,batch_0002 (1).json
1888215995896021132,1887700267426017548,https://x.com/i/status/1887700267426017548,1,batch_0002 (1).json
1888215995896021132,1887700491800383789,https://x.com/i/status/1887700491800383789,1,batch_0002 (1).json
1888215995896021132,1887702424934023515,https://x.com/i/status/1887702424934023515,1,batch_0002 (1).json
1888215995896021132,1887706403680493800,https://x.com/i/status/1887706403680493800,1,batch_0002 (1).json
1888215995896021132,1887709413726634353,https://x.com/i/status/1887709413726634353,1,batch_0002 (1).json
1888215995896021132,1887710559207915806,https://x.com/i/status/1887710559207915806,1,batch_0002 (1).json
1888215995896021132,1887714630409031925,https://x.com/i/status/1887714630409031925,1,batch_0002 (1).json
1888215995896021132,1887716253915099603,https://x.com/i/status/1887716253915099603,1,batch_0002 (1).json
1888215995896021132,1887717516782289088,https://x.com/i/status/1887717516782289088,1,batch_0002 (1).json
1888215995896021132,1887718100763877408,https://x.com/i/status/1887718100763877408,1,batch_0002 (1).json
1888215995896021132,1887718210700542461,https://x.com/i/status/1887718210700542461,1,batch_0002 (1).json
1888215995896021132,1887725507866751130,https://x.com/i/status/1887725507866751130,1,batch_0002 (1).json
1888215995896021132,1887730470743413003,https://x.com/i/status/1887730470743413003,1,batch_0002 (1).json
1888215995896021132,1887731715315208609,https://x.com/i/status/1887731715315208609,1,batch_0002 (1).json
1888215995896021132,1887736463749464077,https://x.com/i/status/1887736463749464077,1,batch_0002 (1).json
1888215995896021132,1887737866316611876,https://x.com/i/status/1887737866316611876,1,batch_0002 (1).json
1888215995896021132,1887746320183796047,https://x.com/i/status/1887746320183796047,1,batch_0002 (1).json
1888215995896021132,1887749947568599049,https://x.com/i/status/1887749947568599049,1,batch_0002 (1).json
1888215995896021132,1887757365422006687,https://x.com/i/status/1887757365422006687,1,batch_0002 (1).json
1888215995896021132,1887764652207284539,https://x.com/i/status/1887764652207284539,1,batch_0002 (1).json
1888215995896021132,1887768841259745604,https://x.com/i/status/1887768841259745604,1,batch_0002 (1).json
1888215995896021132,1887770549444645164,https://x.com/i/status/1887770549444645164,1,batch_0002 (1).json
1888215995896021132,1887778685949817226,https://x.com/i/status/1887778685949817226,1,batch_0002 (1).json
1888215995896021132,1887790657475076194,https://x.com/i/status/1887790657475076194,1,batch_0002 (1).json
1888215995896021132,1887809796612448589,https://x.com/i/status/1887809796612448589,1,batch_0002 (1).json
1888215995896021132,1887811853792710790,https://x.com/i/status/1887811853792710790,1,batch_0002 (1).json
1888215995896021132,1887818701145080084,https://x.com/i/status/1887818701145080084,1,batch_0002 (1).json
1888215995896021132,1887819916708896773,https://x.com/i/status/1887819916708896773,1,batch_0002 (1).json
1888215995896021132,1887824141077647627,https://x.com/i/status/1887824141077647627,1,batch_0002 (1).json
1888215995896021132,1887828361424093436,https://x.com/i/status/1887828361424093436,1,batch_0002 (1).json
1888215995896021132,1887829461439258802,https://x.com/i/status/1887829461439258802,1,batch_0002 (1).json
1888215995896021132,1887835548707926461,https://x.com/i/status/1887835548707926461,1,batch_0002 (1).json
1888215995896021132,1887841926142906665,https://x.com/i/status/1887841926142906665,1,batch_0002 (1).json
1888215995896021132,1887847437408391184,https://x.com/i/status/1887847437408391184,1,batch_0002 (1).json
1888215995896021132,1887848692931264873,https://x.com/i/status/1887848692931264873,1,batch_0002 (1).json
1888215995896021132,1887853814952120560,https://x.com/i/status/1887853814952120560,1,batch_0002 (1).json
1888215995896021132,1887854428083929583,https://x.com/i/status/1887854428083929583,1,batch_0002 (1).json
1888215995896021132,1887857507504443463,https://x.com/i/status/1887857507504443463,1,batch_0002 (1).json
1888215995896021132,1887857898988175698,https://x.com/i/status/1887857898988175698,1,batch_0002 (1).json
1888215995896021132,1887862088476790822,https://x.com/i/status/1887862088476790822,1,batch_0002 (1).json
1888215995896021132,1887866592496964008,https://x.com/i/status/1887866592496964008,1,batch_0002 (1).json
1888215995896021132,1887867973857153424,https://x.com/i/status/1887867973857153424,1,batch_0002 (1).json
1888215995896021132,1887869722567274819,https://x.com/i/status/1887869722567274819,1,batch_0002 (1).json
1888215995896021132,1887895525002735908,https://x.com/i/status/1887895525002735908,1,batch_0002 (1).json
1888215995896021132,1887900109972660292,https://x.com/i/status/1887900109972660292,1,batch_0002 (1).json
1888215995896021132,1887907527293108356,https://x.com/i/status/1887907527293108356,1,batch_0002 (1).json
1888215995896021132,1887921349257199935,https://x.com/i/status/1887921349257199935,1,batch_0002 (1).json
1888215995896021132,1887923053130105003,https://x.com/i/status/1887923053130105003,1,batch_0002 (1).json
1888215995896021132,1887925082322055632,https://x.com/i/status/1887925082322055632,1,batch_0002 (1).json
1888215995896021132,1887938384888480192,https://x.com/i/status/1887938384888480192,1,batch_0002 (1).json
1888215995896021132,1887944382390878627,https://x.com/i/status/1887944382390878627,1,batch_0002 (1).json
1888215995896021132,1887944523399184709,https://x.com/i/status/1887944523399184709,1,batch_0002 (1).json
1888215995896021132,1887949166455730532,https://x.com/i/status/1887949166455730532,1,batch_0002 (1).json
1888215995896021132,1887951674335174939,https://x.com/i/status/1887951674335174939,1,batch_0002 (1).json
1888215995896021132,1887951778517262687,https://x.com/i/status/1887951778517262687,1,batch_0002 (1).json
1888215995896021132,1887962959072149989,https://x.com/i/status/1887962959072149989,1,batch_0002 (1).json
1888215995896021132,1887977964794765686,https://x.com/i/status/1887977964794765686,1,batch_0002 (1).json
1888215995896021132,1888007621824643238,https://x.com/i/status/1888007621824643238,1,batch_0002 (1).json
1888215995896021132,1888008540423372961,https://x.com/i/status/1888008540423372961,1,batch_0002 (1).json
1888215995896021132,1888013689732952247,https://x.com/i/status/1888013689732952247,1,batch_0002 (1).json
1888215995896021132,1888025729138573703,https://x.com/i/status/1888025729138573703,1,batch_0002 (1).json
1888215995896021132,1888045331646136665,https://x.com/i/status/1888045331646136665,1,batch_0002 (1).json
1888215995896021132,1888045552530514105,https://x.com/i/status/1888045552530514105,1,batch_0002 (1).json
1888215995896021132,1888048002616438877,https://x.com/i/status/1888048002616438877,1,batch_0002 (1).json
1888215995896021132,1888049204184105318,https://x.com/i/status/1888049204184105318,1,batch_0002 (1).json
1888215995896021132,1888074259374776770,https://x.com/i/status/1888074259374776770,1,batch_0002 (1).json
1888215995896021132,1888075669059325970,https://x.com/i/status/1888075669059325970,1,batch_0002 (1).json
1888215995896021132,1888077361502982437,https://x.com/i/status/1888077361502982437,1,batch_0002 (1).json
1888215995896021132,1888078079261573371,https://x.com/i/status/1888078079261573371,1,batch_0002 (1).json
1888215995896021132,1888078493210046514,https://x.com/i/status/1888078493210046514,1,batch_0002 (1).json
1888215995896021132,1888079882376331551,https://x.com/i/status/1888079882376331551,1,batch_0002 (1).json
1888215995896021132,1888081318480855418,https://x.com/i/status/1888081318480855418,1,batch_0002 (1).json
1888215995896021132,1888082433482047699,https://x.com/i/status/1888082433482047699,1,batch_0002 (1).json
1888215995896021132,1888083192894107927,https://x.com/i/status/1888083192894107927,1,batch_0002 (1).json
1888215995896021132,1888088222070398976,https://x.com/i/status/1888088222070398976,1,batch_0002 (1).json
1888215995896021132,1888101877952491997,https://x.com/i/status/1888101877952491997,1,batch_0002 (1).json
1888215995896021132,1888102794176909415,https://x.com/i/status/1888102794176909415,1,batch_0002 (1).json
1888215995896021132,1888104385265197247,https://x.com/i/status/1888104385265197247,1,batch_0002 (1).json
1888215995896021132,1888109380899405962,https://x.com/i/status/1888109380899405962,1,batch_0002 (1).json
1888215995896021132,1888114715320275390,https://x.com/i/status/1888114715320275390,1,batch_0002 (1).json
1888215995896021132,1888119029719585253,https://x.com/i/status/1888119029719585253,1,batch_0002 (1).json
1888215995896021132,1888121732201927093,https://x.com/i/status/1888121732201927093,1,batch_0002 (1).json
1888215995896021132,1888129038998495350,https://x.com/i/status/1888129038998495350,1,batch_0002 (1).json
1888215995896021132,1888137242989715719,https://x.com/i/status/1888137242989715719,1,batch_0002 (1).json
1888215995896021132,1888148367051481221,https://x.com/i/status/1888148367051481221,1,batch_0002 (1).json
1888215995896021132,1888153527622508573,https://x.com/i/status/1888153527622508573,1,batch_0002 (1).json
1888215995896021132,1888178280278392835,https://x.com/i/status/1888178280278392835,1,batch_0002 (1).json
1888215995896021132,1888180820533538965,https://x.com/i/status/1888180820533538965,1,batch_0002 (1).json
1900206379593241033,1899929740531675271,https://x.com/i/status/1899929740531675271,1,batch_0002 (1).json
1900206379593241033,1900053012405502330,https://x.com/i/status/1900053012405502330,1,batch_0002 (1).json
1900206379593241033,1900185544908255333,https://x.com/i/status/1900185544908255333,1,batch_0002 (1).json
1900286986575110287,1894393851650965761,https://x.com/i/status/1894393851650965761,1,batch_0001 (9).json
1900286986575110287,1894480752026259920,https://x.com/i/status/1894480752026259920,1,batch_0001 (9).json
1900286986575110287,1894587786298020006,https://x.com/i/status/1894587786298020006,1,batch_0001 (9).json
1900286986575110287,1894623012798030255,https://x.com/i/status/1894623012798030255,1,batch_0001 (9).json
1900286986575110287,1894866554560594329,https://x.com/i/status/1894866554560594329,1,batch_0001 (9).json
1900286986575110287,1894879528423473433,https://x.com/i/status/1894879528423473433,1,batch_0001 (9).json
1900286986575110287,1894952590280138950,https://x.com/i/status/1894952590280138950,1,batch_0001 (9).json
1900286986575110287,1895065046654607411,https://x.com/i/status/1895065046654607411,1,batch_0001 (9).json
1900286986575110287,1895222318680678607,https://x.com/i/status/1895222318680678607,1,batch_0001 (9).json
1900286986575110287,1896175676618850585,https://x.com/i/status/1896175676618850585,1,batch_0001 (9).json
1900286986575110287,1896189462532816907,https://x.com/i/status/1896189462532816907,1,batch_0001 (9).json
1900286986575110287,1896194013763694752,https://x.com/i/status/1896194013763694752,1,batch_0001 (9).json
1900286986575110287,1896224888261882136,https://x.com/i/status/1896224888261882136,1,batch_0001 (9).json
1900286986575110287,1896234827663442099,https://x.com/i/status/1896234827663442099,1,batch_0001 (9).json
1900286986575110287,1896296234861871541,https://x.com/i/status/1896296234861871541,1,batch_0001 (9).json
1900286986575110287,1896341020499210280,https://x.com/i/status/1896341020499210280,1,batch_0001 (9).json
1900286986575110287,1896407192758321279,https://x.com/i/status/1896407192758321279,1,batch_0001 (9).json
1900286986575110287,1896415405461356910,https://x.com/i/status/1896415405461356910,1,batch_0001 (9).json
1900286986575110287,1896458235974185238,https://x.com/i/status/1896458235974185238,1,batch_0001 (9).json
1900286986575110287,1896496334049546582,https://x.com/i/status/1896496334049546582,1,batch_0001 (9).json
1900286986575110287,1896914328361844927,https://x.com/i/status/1896914328361844927,1,batch_0001 (9).json
1900286986575110287,1897003023274221948,https://x.com/i/status/1897003023274221948,1,batch_0001 (9).json
1900286986575110287,1897056230033727730,https://x.com/i/status/1897056230033727730,1,batch_0001 (9).json
1900286986575110287,1897142365258973288,https://x.com/i/status/1897142365258973288,1,batch_0001 (9).json
1900286986575110287,1898175087146086864,https://x.com/i/status/1898175087146086864,1,batch_0001 (9).json
1900286986575110287,1898559147253063909,https://x.com/i/status/1898559147253063909,1,batch_0001 (9).json
1900286986575110287,1899255409715605715,https://x.com/i/status/1899255409715605715,1,batch_0001 (9).json
1900286986575110287,1899452243306266832,https://x.com/i/status/1899452243306266832,1,batch_0001 (9).json
1900286986575110287,1899452273370996784,https://x.com/i/status/1899452273370996784,1,batch_0001 (9).json
1900286986575110287,1899453442843652286,https://x.com/i/status/1899453442843652286,1,batch_0001 (9).json
1900286986575110287,1899619704706339159,https://x.com/i/status/1899619704706339159,1,batch_0001 (9).json
1900286986575110287,1899854773609709728,https://x.com/i/status/1899854773609709728,1,batch_0001 (9).json
1900286986575110287,1900056923262570966,https://x.com/i/status/1900056923262570966,1,batch_0001 (9).json
1900286986575110287,1900107299789697432,https://x.com/i/status/1900107299789697432,1,batch_0001 (9).json
1900286986575110287,1900157672374054977,https://x.com/i/status/1900157672374054977,1,batch_0001 (9).json
1900286986575110287,1900161042086248635,https://x.com/i/status/1900161042086248635,1,batch_0001 (9).json
1900286986575110287,1900220819990863921,https://x.com/i/status/1900220819990863921,1,batch_0001 (9).json
1900286986575110287,1900240081098830286,https://x.com/i/status/1900240081098830286,1,batch_0001 (9).json
1900286986575110287,1900244422253494584,https://x.com/i/status/1900244422253494584,1,batch_0001 (9).json
1900286986575110287,1900268540189696338,https://x.com/i/status/1900268540189696338,1,batch_0001 (9).json
1900286986575110287,1900282810880938443,https://x.com/i/status/1900282810880938443,1,batch_0001 (9).json
1900286986575110287,1900295464731427195,https://x.com/i/status/1900295464731427195,1,batch_0001 (9).json
1900286986575110287,1900302027160510900,https://x.com/i/status/1900302027160510900,1,batch_0001 (9).json
1900286986575110287,1900309376529031649,https://x.com/i/status/1900309376529031649,1,batch_0001 (9).json
1900286986575110287,1900312485393035433,https://x.com/i/status/1900312485393035433,1,batch_0001 (9).json
1900286986575110287,1900312783045951504,https://x.com/i/status/1900312783045951504,1,batch_0001 (9).json
1900286986575110287,1900315680295063918,https://x.com/i/status/1900315680295063918,1,batch_0001 (9).json
1900286986575110287,1900316369452724347,https://x.com/i/status/1900316369452724347,1,batch_0001 (9).json
1900286986575110287,1900320555901083779,https://x.com/i/status/1900320555901083779,1,batch_0001 (9).json
1900286986575110287,1900321910736482328,https://x.com/i/status/1900321910736482328,1,batch_0001 (9).json
1900286986575110287,1900324710971478138,https://x.com/i/status/1900324710971478138,1,batch_0001 (9).json
1900286986575110287,1900327545075056830,https://x.com/i/status/1900327545075056830,1,batch_0001 (9).json
1900286986575110287,1900331385828585782,https://x.com/i/status/1900331385828585782,1,batch_0001 (9).json
1900286986575110287,1900334717838516347,https://x.com/i/status/1900334717838516347,1,batch_0001 (9).json
1900286986575110287,1900334978329719106,https://x.com/i/status/1900334978329719106,1,batch_0001 (9).json
1900286986575110287,1900335914167263448,https://x.com/i/status/1900335914167263448,1,batch_0001 (9).json
1900286986575110287,1900341917038108883,https://x.com/i/status/1900341917038108883,1,batch_0001 (9).json
1900286986575110287,1900345268606034072,https://x.com/i/status/1900345268606034072,1,batch_0001 (9).json
1900286986575110287,1900346109773394214,https://x.com/i/status/1900346109773394214,1,batch_0001 (9).json
1900286986575110287,1900347452664025375,https://x.com/i/status/1900347452664025375,1,batch_0001 (9).json
1900286986575110287,1900347885168058660,https://x.com/i/status/1900347885168058660,1,batch_0001 (9).json
1900286986575110287,1900350095121699180,https://x.com/i/status/1900350095121699180,1,batch_0001 (9).json
1900286986575110287,1900351568664215815,https://x.com/i/status/1900351568664215815,1,batch_0001 (9).json
1900286986575110287,1900355056718721486,https://x.com/i/status/1900355056718721486,1,batch_0001 (9).json
1900286986575110287,1900355071701115387,https://x.com/i/status/1900355071701115387,1,batch_0001 (9).json
1900286986575110287,1900355807889494370,https://x.com/i/status/1900355807889494370,1,batch_0001 (9).json
1900286986575110287,1900367001282818072,https://x.com/i/status/1900367001282818072,1,batch_0001 (9).json
1900286986575110287,1900367207143792882,https://x.com/i/status/1900367207143792882,1,batch_0001 (9).json
1900286986575110287,1900369029757300886,https://x.com/i/status/1900369029757300886,1,batch_0001 (9).json
1900286986575110287,1900380283503075397,https://x.com/i/status/1900380283503075397,1,batch_0001 (9).json
1900286986575110287,1900384075040309398,https://x.com/i/status/1900384075040309398,1,batch_0001 (9).json
1900286986575110287,1900386988265496895,https://x.com/i/status/1900386988265496895,1,batch_0001 (9).json
1900286986575110287,1900406884500115566,https://x.com/i/status/1900406884500115566,1,batch_0001 (9).json
1900286986575110287,1900409420170805434,https://x.com/i/status/1900409420170805434,1,batch_0001 (9).json
1900286986575110287,1900426251761791263,https://x.com/i/status/1900426251761791263,1,batch_0001 (9).json
1900286986575110287,1900468771556302885,https://x.com/i/status/1900468771556302885,1,batch_0001 (9).json
1900286986575110287,1900476051924394029,https://x.com/i/status/1900476051924394029,1,batch_0001 (9).json
1900286986575110287,1900507258150076672,https://x.com/i/status/1900507258150076672,1,batch_0001 (9).json
1900286986575110287,1900544303362933084,https://x.com/i/status/1900544303362933084,1,batch_0001 (9).json
1900286986575110287,1900546854879739949,https://x.com/i/status/1900546854879739949,1,batch_0001 (9).json
1900286986575110287,1900548230376529924,https://x.com/i/status/1900548230376529924,1,batch_0001 (9).json
1900286986575110287,1900559799605154136,https://x.com/i/status/1900559799605154136,1,batch_0001 (9).json
1900286986575110287,1900562468830851451,https://x.com/i/status/1900562468830851451,1,batch_0001 (9).json
1900286986575110287,1900601408530911612,https://x.com/i/status/1900601408530911612,1,batch_0001 (9).json
1900286986575110287,1900624102726979666,https://x.com/i/status/1900624102726979666,1,batch_0001 (9).json
1900286986575110287,1900647835034394799,https://x.com/i/status/1900647835034394799,1,batch_0001 (9).json
1900286986575110287,1900672801042034898,https://x.com/i/status/1900672801042034898,1,batch_0001 (9).json
1900286986575110287,1900720722932011445,https://x.com/i/status/1900720722932011445,1,batch_0001 (9).json
1900286986575110287,1900723433350086887,https://x.com/i/status/1900723433350086887,1,batch_0001 (9).json
1900286986575110287,1900740778776989878,https://x.com/i/status/1900740778776989878,1,batch_0001 (9).json
1900286986575110287,1900770229946642843,https://x.com/i/status/1900770229946642843,1,batch_0001 (9).json
1900286986575110287,1900799383534207211,https://x.com/i/status/1900799383534207211,1,batch_0001 (9).json
1900286986575110287,1900885652066926857,https://x.com/i/status/1900885652066926857,1,batch_0001 (9).json
1900286986575110287,1900906088209273039,https://x.com/i/status/1900906088209273039,1,batch_0001 (9).json
1900286986575110287,1900906278223815004,https://x.com/i/status/1900906278223815004,1,batch_0001 (9).json
1900286986575110287,1900939950532526110,https://x.com/i/status/1900939950532526110,1,batch_0001 (9).json
1900286986575110287,1900962603549040717,https://x.com/i/status/1900962603549040717,1,batch_0001 (9).json
1900286986575110287,1900977021469208589,https://x.com/i/status/1900977021469208589,1,batch_0001 (9).json
1900286986575110287,1901008402974986489,https://x.com/i/status/1901008402974986489,1,batch_0001 (9).json
1900286986575110287,1901008591060169093,https://x.com/i/status/1901008591060169093,1,batch_0001 (9).json
1900286986575110287,1901012504182231118,https://x.com/i/status/1901012504182231118,1,batch_0001 (9).json
1900286986575110287,1901051517290832019,https://x.com/i/status/1901051517290832019,1,batch_0001 (9).json
1900286986575110287,1901110620461973985,https://x.com/i/status/1901110620461973985,1,batch_0001 (9).json
1900286986575110287,1901137552238952905,https://x.com/i/status/1901137552238952905,1,batch_0001 (9).json
1900286986575110287,1901257519747436583,https://x.com/i/status/1901257519747436583,1,batch_0001 (9).json
1900286986575110287,1901295912552411148,https://x.com/i/status/1901295912552411148,1,batch_0001 (9).json
1900286986575110287,1901365478570037400,https://x.com/i/status/1901365478570037400,1,batch_0001 (9).json
1900286986575110287,1901381273702314310,https://x.com/i/status/1901381273702314310,1,batch_0001 (9).json
1900286986575110287,1901402317720629468,https://x.com/i/status/1901402317720629468,1,batch_0001 (9).json
1900286986575110287,1901462894627238183,https://x.com/i/status/1901462894627238183,1,batch_0001 (9).json
1900286986575110287,1901568223495238114,https://x.com/i/status/1901568223495238114,1,batch_0001 (9).json
1900286986575110287,1901578537082958154,https://x.com/i/status/1901578537082958154,1,batch_0001 (9).json
1900286986575110287,1901673362734330262,https://x.com/i/status/1901673362734330262,1,batch_0001 (9).json
1900286986575110287,1901778078361411732,https://x.com/i/status/1901778078361411732,1,batch_0001 (9).json
1900286986575110287,1901788490448392393,https://x.com/i/status/1901788490448392393,1,batch_0001 (9).json
1900286986575110287,1902041385642926188,https://x.com/i/status/1902041385642926188,1,batch_0001 (9).json
1900286986575110287,1902133343560343963,https://x.com/i/status/1902133343560343963,1,batch_0001 (9).json
1900286986575110287,1902258100293271940,https://x.com/i/status/1902258100293271940,1,batch_0001 (9).json
1900286986575110287,1902437196960825742,https://x.com/i/status/1902437196960825742,1,batch_0001 (9).json
1900286986575110287,1902470604696989811,https://x.com/i/status/1902470604696989811,1,batch_0001 (9).json
1900286986575110287,1902478528622608550,https://x.com/i/status/1902478528622608550,1,batch_0001 (9).json
1900286986575110287,1902501723173740884,https://x.com/i/status/1902501723173740884,1,batch_0001 (9).json
1900286986575110287,1902804011138375908,https://x.com/i/status/1902804011138375908,1,batch_0001 (9).json
1900286986575110287,1902901576194224233,https://x.com/i/status/1902901576194224233,1,batch_0001 (9).json
1900286986575110287,1903264533189366230,https://x.com/i/status/1903264533189366230,1,batch_0001 (9).json
1900286986575110287,1903536703421243770,https://x.com/i/status/1903536703421243770,1,batch_0001 (9).json
1900286986575110287,1903777926161543190,https://x.com/i/status/1903777926161543190,1,batch_0001 (9).json
1900286986575110287,1904362799612240089,https://x.com/i/status/1904362799612240089,1,batch_0001 (9).json
1900286986575110287,1904941915482497441,https://x.com/i/status/1904941915482497441,1,batch_0001 (9).json
1900286986575110287,1905259212776550685,https://x.com/i/status/1905259212776550685,1,batch_0001 (9).json
1900286986575110287,1905288529179292033,https://x.com/i/status/1905288529179292033,1,batch_0001 (9).json
1900286986575110287,1905373256980513077,https://x.com/i/status/1905373256980513077,1,batch_0001 (9).json
1900286986575110287,1905667921172398467,https://x.com/i/status/1905667921172398467,1,batch_0001 (9).json
1900286986575110287,1906132261541388633,https://x.com/i/status/1906132261541388633,1,batch_0001 (9).json
1900286986575110287,1906142779429814754,https://x.com/i/status/1906142779429814754,1,batch_0001 (9).json
1900286986575110287,1906436833417806080,https://x.com/i/status/1906436833417806080,1,batch_0001 (9).json
1900286986575110287,1906522042742059211,https://x.com/i/status/1906522042742059211,1,batch_0001 (9).json
1900286986575110287,1906545467070013895,https://x.com/i/status/1906545467070013895,1,batch_0001 (9).json
1900286986575110287,1906638588181111294,https://x.com/i/status/1906638588181111294,1,batch_0001 (9).json
1900286986575110287,1906730345468223969,https://x.com/i/status/1906730345468223969,1,batch_0001 (9).json
1900286986575110287,1906763570483744905,https://x.com/i/status/1906763570483744905,1,batch_0001 (9).json
1900286986575110287,1906800098371362878,https://x.com/i/status/1906800098371362878,1,batch_0001 (9).json
1900286986575110287,1906876350625144879,https://x.com/i/status/1906876350625144879,1,batch_0001 (9).json
1900286986575110287,1906917562849349914,https://x.com/i/status/1906917562849349914,1,batch_0001 (9).json
1900286986575110287,1908278457718415812,https://x.com/i/status/1908278457718415812,1,batch_0001 (9).json
1900286986575110287,1908283977741545954,https://x.com/i/status/1908283977741545954,1,batch_0001 (9).json
1900286986575110287,1908492281633501397,https://x.com/i/status/1908492281633501397,1,batch_0001 (9).json
1900286986575110287,1908557642659774908,https://x.com/i/status/1908557642659774908,1,batch_0001 (9).json
1900286986575110287,1908590921035202754,https://x.com/i/status/1908590921035202754,1,batch_0001 (9).json
1900286986575110287,1908896160481157627,https://x.com/i/status/1908896160481157627,1,batch_0001 (9).json
1900286986575110287,1909277007986172316,https://x.com/i/status/1909277007986172316,1,batch_0001 (9).json
1900286986575110287,1910890111824183595,https://x.com/i/status/1910890111824183595,1,batch_0001 (9).json
1900286986575110287,1914344695192309798,https://x.com/i/status/1914344695192309798,1,batch_0001 (9).json
1900286986575110287,1922125152847876525,https://x.com/i/status/1922125152847876525,1,batch_0001 (9).json
1900286986575110287,1922185919001440529,https://x.com/i/status/1922185919001440529,1,batch_0001 (9).json
1900286986575110287,1922301839120232737,https://x.com/i/status/1922301839120232737,1,batch_0001 (9).json
1900286986575110287,1922861035276406817,https://x.com/i/status/1922861035276406817,1,batch_0001 (9).json
1900286986575110287,1930148401603060219,https://x.com/i/status/1930148401603060219,1,batch_0001 (9).json
1900286986575110287,1932074173486227614,https://x.com/i/status/1932074173486227614,1,batch_0001 (9).json
1900286986575110287,1932801889302876654,https://x.com/i/status/1932801889302876654,1,batch_0001 (9).json
1900286986575110287,1934135533581554143,https://x.com/i/status/1934135533581554143,1,batch_0001 (9).json
1900286986575110287,1934626040900386956,https://x.com/i/status/1934626040900386956,1,batch_0001 (9).json
1900286986575110287,1935123754583048557,https://x.com/i/status/1935123754583048557,1,batch_0001 (9).json
1900286986575110287,1937747401483387151,https://x.com/i/status/1937747401483387151,1,batch_0001 (9).json
1900286986575110287,1941621111566815700,https://x.com/i/status/1941621111566815700,1,batch_0001 (9).json
1900286986575110287,1961182746870780416,https://x.com/i/status/1961182746870780416,1,batch_0001 (9).json
1905796922352263415,1905773350275981576,https://x.com/i/status/1905773350275981576,1,batch_0002 (1).json
1908199837595750686,1908160548199444600,https://x.com/i/status/1908160548199444600,1,batch_0003.json
1913749870168670391,1913379300104880406,https://x.com/i/status/1913379300104880406,1,batch_0002 (1).json
1913749870168670391,1913387967533457531,https://x.com/i/status/1913387967533457531,1,batch_0002 (1).json
1913749870168670391,1913389926017618386,https://x.com/i/status/1913389926017618386,1,batch_0002 (1).json
1913749870168670391,1913390880653824416,https://x.com/i/status/1913390880653824416,1,batch_0002 (1).json
1913749870168670391,1913394061202825273,https://x.com/i/status/1913394061202825273,1,batch_0002 (1).json
1913749870168670391,1913396494910050728,https://x.com/i/status/1913396494910050728,1,batch_0002 (1).json
1913749870168670391,1913396748736749638,https://x.com/i/status/1913396748736749638,1,batch_0002 (1).json
1913749870168670391,1913396858660995507,https://x.com/i/status/1913396858660995507,1,batch_0002 (1).json
1913749870168670391,1913397713128898745,https://x.com/i/status/1913397713128898745,1,batch_0002 (1).json
1913749870168670391,1913398016674873370,https://x.com/i/status/1913398016674873370,1,batch_0002 (1).json
1913749870168670391,1913398096823714257,https://x.com/i/status/1913398096823714257,1,batch_0002 (1).json
1913749870168670391,1913398860325532055,https://x.com/i/status/1913398860325532055,1,batch_0002 (1).json
1913749870168670391,1913402225096810515,https://x.com/i/status/1913402225096810515,1,batch_0002 (1).json
1913749870168670391,1913407618409717773,https://x.com/i/status/1913407618409717773,1,batch_0002 (1).json
1913749870168670391,1913410993960476694,https://x.com/i/status/1913410993960476694,1,batch_0002 (1).json
1913749870168670391,1913414048240292155,https://x.com/i/status/1913414048240292155,1,batch_0002 (1).json
1913749870168670391,1913417576048115946,https://x.com/i/status/1913417576048115946,1,batch_0002 (1).json
1913749870168670391,1913420286688383416,https://x.com/i/status/1913420286688383416,1,batch_0002 (1).json
1913749870168670391,1913424579692814752,https://x.com/i/status/1913424579692814752,1,batch_0002 (1).json
1913749870168670391,1913426123460956585,https://x.com/i/status/1913426123460956585,1,batch_0002 (1).json
1913749870168670391,1913429751689064841,https://x.com/i/status/1913429751689064841,1,batch_0002 (1).json
1913749870168670391,1913430492885512365,https://x.com/i/status/1913430492885512365,1,batch_0002 (1).json
1913749870168670391,1913436613591568396,https://x.com/i/status/1913436613591568396,1,batch_0002 (1).json
1913749870168670391,1913441692080083276,https://x.com/i/status/1913441692080083276,1,batch_0002 (1).json
1913749870168670391,1913444859693715720,https://x.com/i/status/1913444859693715720,1,batch_0002 (1).json
1913749870168670391,1913457183628415306,https://x.com/i/status/1913457183628415306,1,batch_0002 (1).json
1913749870168670391,1913485137976701230,https://x.com/i/status/1913485137976701230,1,batch_0002 (1).json
1913749870168670391,1913532904342167981,https://x.com/i/status/1913532904342167981,1,batch_0002 (1).json
1913749870168670391,1913549282147262922,https://x.com/i/status/1913549282147262922,1,batch_0002 (1).json
1913749870168670391,1913563903851651388,https://x.com/i/status/1913563903851651388,1,batch_0002 (1).json
1913749870168670391,1913571266356723911,https://x.com/i/status/1913571266356723911,1,batch_0002 (1).json
1913749870168670391,1913571418794602755,https://x.com/i/status/1913571418794602755,1,batch_0002 (1).json
1913749870168670391,1913573780493918512,https://x.com/i/status/1913573780493918512,1,batch_0002 (1).json
1913749870168670391,1913576617495974247,https://x.com/i/status/1913576617495974247,1,batch_0002 (1).json
1913749870168670391,1913580685534626204,https://x.com/i/status/1913580685534626204,1,batch_0002 (1).json
1913749870168670391,1913580720418652658,https://x.com/i/status/1913580720418652658,1,batch_0002 (1).json
1913749870168670391,1913583024056263122,https://x.com/i/status/1913583024056263122,1,batch_0002 (1).json
1913749870168670391,1913587102568116382,https://x.com/i/status/1913587102568116382,1,batch_0002 (1).json
1913749870168670391,1913588567302959412,https://x.com/i/status/1913588567302959412,1,batch_0002 (1).json
1913749870168670391,1913589335602982929,https://x.com/i/status/1913589335602982929,1,batch_0002 (1).json
1913749870168670391,1913593322645442922,https://x.com/i/status/1913593322645442922,1,batch_0002 (1).json
1913749870168670391,1913603848289337746,https://x.com/i/status/1913603848289337746,1,batch_0002 (1).json
1913749870168670391,1913605127870521536,https://x.com/i/status/1913605127870521536,1,batch_0002 (1).json
1913749870168670391,1913611079634325860,https://x.com/i/status/1913611079634325860,1,batch_0002 (1).json
1913749870168670391,1913619126305595543,https://x.com/i/status/1913619126305595543,1,batch_0002 (1).json
1913749870168670391,1913620544043319801,https://x.com/i/status/1913620544043319801,1,batch_0002 (1).json
1913749870168670391,1913627747793985945,https://x.com/i/status/1913627747793985945,1,batch_0002 (1).json
1913749870168670391,1913627811518058807,https://x.com/i/status/1913627811518058807,1,batch_0002 (1).json
1913749870168670391,1913627901708083228,https://x.com/i/status/1913627901708083228,1,batch_0002 (1).json
1913749870168670391,1913627973934031122,https://x.com/i/status/1913627973934031122,1,batch_0002 (1).json
1913749870168670391,1913648336063660340,https://x.com/i/status/1913648336063660340,1,batch_0002 (1).json
1913749870168670391,1913648529102569480,https://x.com/i/status/1913648529102569480,1,batch_0002 (1).json
1913749870168670391,1913653049052049883,https://x.com/i/status/1913653049052049883,1,batch_0002 (1).json
1913749870168670391,1913653922658652492,https://x.com/i/status/1913653922658652492,1,batch_0002 (1).json
1913749870168670391,1913654362305396962,https://x.com/i/status/1913654362305396962,1,batch_0002 (1).json
1913749870168670391,1913657807997464962,https://x.com/i/status/1913657807997464962,1,batch_0002 (1).json
1913749870168670391,1913657843263344945,https://x.com/i/status/1913657843263344945,1,batch_0002 (1).json
1913749870168670391,1913658168229740726,https://x.com/i/status/1913658168229740726,1,batch_0002 (1).json
1913749870168670391,1913658818187375091,https://x.com/i/status/1913658818187375091,1,batch_0002 (1).json
1913749870168670391,1913658937687105656,https://x.com/i/status/1913658937687105656,1,batch_0002 (1).json
1913749870168670391,1913665049517822325,https://x.com/i/status/1913665049517822325,1,batch_0002 (1).json
1913749870168670391,1913665125011406887,https://x.com/i/status/1913665125011406887,1,batch_0002 (1).json
1913749870168670391,1913665969215451550,https://x.com/i/status/1913665969215451550,1,batch_0002 (1).json
1913749870168670391,1913666155849662805,https://x.com/i/status/1913666155849662805,1,batch_0002 (1).json
1913749870168670391,1913666908831830151,https://x.com/i/status/1913666908831830151,1,batch_0002 (1).json
1913749870168670391,1913667026612294078,https://x.com/i/status/1913667026612294078,1,batch_0002 (1).json
1913749870168670391,1913667218803511759,https://x.com/i/status/1913667218803511759,1,batch_0002 (1).json
1913749870168670391,1913668997880357359,https://x.com/i/status/1913668997880357359,1,batch_0002 (1).json
1913749870168670391,1913669789026832529,https://x.com/i/status/1913669789026832529,1,batch_0002 (1).json
1913749870168670391,1913671111872848191,https://x.com/i/status/1913671111872848191,1,batch_0002 (1).json
1913749870168670391,1913671207611740222,https://x.com/i/status/1913671207611740222,1,batch_0002 (1).json
1913749870168670391,1913671684114223288,https://x.com/i/status/1913671684114223288,1,batch_0002 (1).json
1913749870168670391,1913672805062775122,https://x.com/i/status/1913672805062775122,1,batch_0002 (1).json
1913749870168670391,1913673471227265286,https://x.com/i/status/1913673471227265286,1,batch_0002 (1).json
1913749870168670391,1913674138457104644,https://x.com/i/status/1913674138457104644,1,batch_0002 (1).json
1913749870168670391,1913674290018615360,https://x.com/i/status/1913674290018615360,1,batch_0002 (1).json
1913749870168670391,1913675267094032708,https://x.com/i/status/1913675267094032708,1,batch_0002 (1).json
1913749870168670391,1913676923298865361,https://x.com/i/status/1913676923298865361,1,batch_0002 (1).json
1913749870168670391,1913676993452789979,https://x.com/i/status/1913676993452789979,1,batch_0002 (1).json
1913749870168670391,1913677037472235876,https://x.com/i/status/1913677037472235876,1,batch_0002 (1).json
1913749870168670391,1913677103800680723,https://x.com/i/status/1913677103800680723,1,batch_0002 (1).json
1913749870168670391,1913677155105689888,https://x.com/i/status/1913677155105689888,1,batch_0002 (1).json
1913749870168670391,1913677238547128642,https://x.com/i/status/1913677238547128642,1,batch_0002 (1).json
1913749870168670391,1913677291516813587,https://x.com/i/status/1913677291516813587,1,batch_0002 (1).json
1913749870168670391,1913677346244121026,https://x.com/i/status/1913677346244121026,1,batch_0002 (1).json
1913749870168670391,1913677412552122782,https://x.com/i/status/1913677412552122782,1,batch_0002 (1).json
1913749870168670391,1913677447641669850,https://x.com/i/status/1913677447641669850,1,batch_0002 (1).json
1913749870168670391,1913677515408961782,https://x.com/i/status/1913677515408961782,1,batch_0002 (1).json
1913749870168670391,1913677565300183329,https://x.com/i/status/1913677565300183329,1,batch_0002 (1).json
1913749870168670391,1913677643872157963,https://x.com/i/status/1913677643872157963,1,batch_0002 (1).json
1913749870168670391,1913677676566430107,https://x.com/i/status/1913677676566430107,1,batch_0002 (1).json
1913749870168670391,1913677728898830842,https://x.com/i/status/1913677728898830842,1,batch_0002 (1).json
1913749870168670391,1913677817906123258,https://x.com/i/status/1913677817906123258,1,batch_0002 (1).json
1913749870168670391,1913677907542908980,https://x.com/i/status/1913677907542908980,1,batch_0002 (1).json
1913749870168670391,1913677976626999512,https://x.com/i/status/1913677976626999512,1,batch_0002 (1).json
1913749870168670391,1913678097074782631,https://x.com/i/status/1913678097074782631,1,batch_0002 (1).json
1913749870168670391,1913678169007440229,https://x.com/i/status/1913678169007440229,1,batch_0002 (1).json
1913749870168670391,1913678242214556044,https://x.com/i/status/1913678242214556044,1,batch_0002 (1).json
1913749870168670391,1913679563722461502,https://x.com/i/status/1913679563722461502,1,batch_0002 (1).json
1913749870168670391,1913685961957146792,https://x.com/i/status/1913685961957146792,1,batch_0002 (1).json
1913749870168670391,1913691635101114675,https://x.com/i/status/1913691635101114675,1,batch_0002 (1).json
1913749870168670391,1913700063106465815,https://x.com/i/status/1913700063106465815,1,batch_0002 (1).json
1913749870168670391,1913700150725222745,https://x.com/i/status/1913700150725222745,1,batch_0002 (1).json
1913749870168670391,1913700201321439359,https://x.com/i/status/1913700201321439359,1,batch_0002 (1).json
1913749870168670391,1913700565806420287,https://x.com/i/status/1913700565806420287,1,batch_0002 (1).json
1913749870168670391,1913701646405710142,https://x.com/i/status/1913701646405710142,1,batch_0002 (1).json
1913749870168670391,1913701975553683645,https://x.com/i/status/1913701975553683645,1,batch_0002 (1).json
1913749870168670391,1913705355684544759,https://x.com/i/status/1913705355684544759,1,batch_0002 (1).json
1913749870168670391,1913706115931525537,https://x.com/i/status/1913706115931525537,1,batch_0002 (1).json
1913749870168670391,1913706439379763312,https://x.com/i/status/1913706439379763312,1,batch_0002 (1).json
1913749870168670391,1913707310830227531,https://x.com/i/status/1913707310830227531,1,batch_0002 (1).json
1913749870168670391,1913708065251086714,https://x.com/i/status/1913708065251086714,1,batch_0002 (1).json
1913749870168670391,1913708688847626704,https://x.com/i/status/1913708688847626704,1,batch_0002 (1).json
1913749870168670391,1913709340789264852,https://x.com/i/status/1913709340789264852,1,batch_0002 (1).json
1913749870168670391,1913710343702122772,https://x.com/i/status/1913710343702122772,1,batch_0002 (1).json
1913749870168670391,1913710673764196571,https://x.com/i/status/1913710673764196571,1,batch_0002 (1).json
1913749870168670391,1913711874450887141,https://x.com/i/status/1913711874450887141,1,batch_0002 (1).json
1913749870168670391,1913714758060044723,https://x.com/i/status/1913714758060044723,1,batch_0002 (1).json
1913749870168670391,1913718746855739650,https://x.com/i/status/1913718746855739650,1,batch_0002 (1).json
1913749870168670391,1913724183101784503,https://x.com/i/status/1913724183101784503,1,batch_0002 (1).json
1913749870168670391,1913724726796599585,https://x.com/i/status/1913724726796599585,1,batch_0002 (1).json
1913749870168670391,1913728375107076605,https://x.com/i/status/1913728375107076605,1,batch_0002 (1).json
1913749870168670391,1913728964444697000,https://x.com/i/status/1913728964444697000,1,batch_0002 (1).json
1913749870168670391,1913735373454524687,https://x.com/i/status/1913735373454524687,1,batch_0002 (1).json
1913749870168670391,1913737170721845401,https://x.com/i/status/1913737170721845401,1,batch_0002 (1).json
1913749870168670391,1913740080801546650,https://x.com/i/status/1913740080801546650,1,batch_0002 (1).json
1913749870168670391,1913740752959480064,https://x.com/i/status/1913740752959480064,1,batch_0002 (1).json
1913749870168670391,1913740951333245019,https://x.com/i/status/1913740951333245019,1,batch_0002 (1).json
1913749870168670391,1913743988869255681,https://x.com/i/status/1913743988869255681,1,batch_0002 (1).json
1913749870168670391,1913749098995257579,https://x.com/i/status/1913749098995257579,1,batch_0002 (1).json
1913749870168670391,1913749161817579812,https://x.com/i/status/1913749161817579812,1,batch_0002 (1).json
1913749870168670391,1913749663431233991,https://x.com/i/status/1913749663431233991,1,batch_0002 (1).json
1913749870168670391,1913749772424581285,https://x.com/i/status/1913749772424581285,1,batch_0002 (1).json
1913749870168670391,1913770410719511038,https://x.com/i/status/1913770410719511038,1,batch_0002 (1).json
1913749870168670391,1913779665589711182,https://x.com/i/status/1913779665589711182,1,batch_0002 (1).json
1913749870168670391,1913785424822096020,https://x.com/i/status/1913785424822096020,1,batch_0002 (1).json
1913749870168670391,1913797443625361432,https://x.com/i/status/1913797443625361432,1,batch_0002 (1).json
1913749870168670391,1913814314344907245,https://x.com/i/status/1913814314344907245,1,batch_0002 (1).json
1913749870168670391,1913924375293702535,https://x.com/i/status/1913924375293702535,1,batch_0002 (1).json
1913749870168670391,1913930746454061406,https://x.com/i/status/1913930746454061406,1,batch_0002 (1).json
1913749870168670391,1913931562518802658,https://x.com/i/status/1913931562518802658,1,batch_0002 (1).json
1913749870168670391,1913946429921407141,https://x.com/i/status/1913946429921407141,1,batch_0002 (1).json
1913749870168670391,1913969094505738305,https://x.com/i/status/1913969094505738305,1,batch_0002 (1).json
1913749870168670391,1913983147798155458,https://x.com/i/status/1913983147798155458,1,batch_0002 (1).json
1913749870168670391,1913988719553781760,https://x.com/i/status/1913988719553781760,1,batch_0002 (1).json
1913749870168670391,1913992677789487346,https://x.com/i/status/1913992677789487346,1,batch_0002 (1).json
1913749870168670391,1913993161292075416,https://x.com/i/status/1913993161292075416,1,batch_0002 (1).json
1913749870168670391,1913995995685282168,https://x.com/i/status/1913995995685282168,1,batch_0002 (1).json
1913749870168670391,1914002926395433387,https://x.com/i/status/1914002926395433387,1,batch_0002 (1).json
1913749870168670391,1914014075019006030,https://x.com/i/status/1914014075019006030,1,batch_0002 (1).json
1913749870168670391,1914028263305105723,https://x.com/i/status/1914028263305105723,1,batch_0002 (1).json
1913749870168670391,1914038257135780105,https://x.com/i/status/1914038257135780105,1,batch_0002 (1).json
1913749870168670391,1914038675840897200,https://x.com/i/status/1914038675840897200,1,batch_0002 (1).json
1913749870168670391,1914039955028103499,https://x.com/i/status/1914039955028103499,1,batch_0002 (1).json
1913749870168670391,1914040260901711918,https://x.com/i/status/1914040260901711918,1,batch_0002 (1).json
1913749870168670391,1914041849938956435,https://x.com/i/status/1914041849938956435,1,batch_0002 (1).json
1913749870168670391,1914045257190379867,https://x.com/i/status/1914045257190379867,1,batch_0002 (1).json
1913749870168670391,1914050244926689381,https://x.com/i/status/1914050244926689381,1,batch_0002 (1).json
1913749870168670391,1914050259367661893,https://x.com/i/status/1914050259367661893,1,batch_0002 (1).json
1913749870168670391,1914073043170910431,https://x.com/i/status/1914073043170910431,1,batch_0002 (1).json
1913749870168670391,1914085789174215036,https://x.com/i/status/1914085789174215036,1,batch_0002 (1).json
1913749870168670391,1914110424351469774,https://x.com/i/status/1914110424351469774,1,batch_0002 (1).json
1913749870168670391,1914288981581213766,https://x.com/i/status/1914288981581213766,1,batch_0002 (1).json
1913749870168670391,1914297087816093872,https://x.com/i/status/1914297087816093872,1,batch_0002 (1).json
1913749870168670391,1914321109031223633,https://x.com/i/status/1914321109031223633,1,batch_0002 (1).json
1913749870168670391,1914384991666250012,https://x.com/i/status/1914384991666250012,1,batch_0002 (1).json
1913749870168670391,1914413897328582930,https://x.com/i/status/1914413897328582930,1,batch_0002 (1).json
1913749870168670391,1914437987779117525,https://x.com/i/status/1914437987779117525,1,batch_0002 (1).json
1913749870168670391,1914636815337689143,https://x.com/i/status/1914636815337689143,1,batch_0002 (1).json
1913749870168670391,1914809663842906554,https://x.com/i/status/1914809663842906554,1,batch_0002 (1).json
1913749870168670391,1914826952701095993,https://x.com/i/status/1914826952701095993,1,batch_0002 (1).json
1913749870168670391,1915025408472367524,https://x.com/i/status/1915025408472367524,1,batch_0002 (1).json
1913749870168670391,1915034826392113388,https://x.com/i/status/1915034826392113388,1,batch_0002 (1).json
1913749870168670391,1915050997292142652,https://x.com/i/status/1915050997292142652,1,batch_0002 (1).json
1913749870168670391,1915257877641797869,https://x.com/i/status/1915257877641797869,1,batch_0002 (1).json
1913749870168670391,1915569280978206812,https://x.com/i/status/1915569280978206812,1,batch_0002 (1).json
1913749870168670391,1915831993281220964,https://x.com/i/status/1915831993281220964,1,batch_0002 (1).json
1920589506077413666,1920547745175117846,https://x.com/i/status/1920547745175117846,1,batch_0002 (1).json
1920589506077413666,1920557151501635763,https://x.com/i/status/1920557151501635763,1,batch_0002 (1).json
1920589506077413666,1920569514032284037,https://x.com/i/status/1920569514032284037,1,batch_0002 (1).json
1920589506077413666,1920608013817192807,https://x.com/i/status/1920608013817192807,1,batch_0002 (1).json
1920589506077413666,1920609117015548001,https://x.com/i/status/1920609117015548001,1,batch_0002 (1).json
1920589506077413666,1920621848515035482,https://x.com/i/status/1920621848515035482,1,batch_0002 (1).json
1920589506077413666,1920643740806398068,https://x.com/i/status/1920643740806398068,1,batch_0002 (1).json
1920589506077413666,1920643874411659467,https://x.com/i/status/1920643874411659467,1,batch_0002 (1).json
1920589506077413666,1920648878774214784,https://x.com/i/status/1920648878774214784,1,batch_0002 (1).json
1920589506077413666,1920665614391161253,https://x.com/i/status/1920665614391161253,1,batch_0002 (1).json
1920589506077413666,1920672017566621786,https://x.com/i/status/1920672017566621786,1,batch_0002 (1).json
1920589506077413666,1920678036829024516,https://x.com/i/status/1920678036829024516,1,batch_0002 (1).json
1920589506077413666,1920680750485057637,https://x.com/i/status/1920680750485057637,1,batch_0002 (1).json
1920589506077413666,1920812406684491815,https://x.com/i/status/1920812406684491815,1,batch_0002 (1).json
1920589506077413666,1920818279112650953,https://x.com/i/status/1920818279112650953,1,batch_0002 (1).json
1920589506077413666,1920872493109174416,https://x.com/i/status/1920872493109174416,1,batch_0002 (1).json
1920589506077413666,1921335537912189435,https://x.com/i/status/1921335537912189435,1,batch_0002 (1).json
1920589506077413666,1922637319544197211,https://x.com/i/status/1922637319544197211,1,batch_0002 (1).json
1927124530608140772,1926099915928752276,https://x.com/i/status/1926099915928752276,1,batch_0002 (1).json
1927124530608140772,1926114218710888764,https://x.com/i/status/1926114218710888764,1,batch_0002 (1).json
1927124530608140772,1926115705117696455,https://x.com/i/status/1926115705117696455,1,batch_0002 (1).json
1927124530608140772,1926116820655722635,https://x.com/i/status/1926116820655722635,1,batch_0002 (1).json
1927124530608140772,1926122627136975236,https://x.com/i/status/1926122627136975236,1,batch_0002 (1).json
1927124530608140772,1926131708694319159,https://x.com/i/status/1926131708694319159,1,batch_0002 (1).json
1927124530608140772,1926132563208216772,https://x.com/i/status/1926132563208216772,1,batch_0002 (1).json
1927124530608140772,1926142612970287407,https://x.com/i/status/1926142612970287407,1,batch_0002 (1).json
1927124530608140772,1926144944898535577,https://x.com/i/status/1926144944898535577,1,batch_0002 (1).json
1927124530608140772,1926188018496356541,https://x.com/i/status/1926188018496356541,1,batch_0002 (1).json
1927124530608140772,1926190662904340948,https://x.com/i/status/1926190662904340948,1,batch_0002 (1).json
1927124530608140772,1926196672960332061,https://x.com/i/status/1926196672960332061,1,batch_0002 (1).json
1927124530608140772,1926210166040527221,https://x.com/i/status/1926210166040527221,1,batch_0002 (1).json
1927124530608140772,1926225475770167320,https://x.com/i/status/1926225475770167320,1,batch_0002 (1).json
1927124530608140772,1926227231585505611,https://x.com/i/status/1926227231585505611,1,batch_0002 (1).json
1927124530608140772,1926237897214009577,https://x.com/i/status/1926237897214009577,1,batch_0002 (1).json
1927124530608140772,1926238245592920362,https://x.com/i/status/1926238245592920362,1,batch_0002 (1).json
1927124530608140772,1926263352243679273,https://x.com/i/status/1926263352243679273,1,batch_0002 (1).json
1927124530608140772,1926268665390874813,https://x.com/i/status/1926268665390874813,1,batch_0002 (1).json
1927124530608140772,1926286664596381905,https://x.com/i/status/1926286664596381905,1,batch_0002 (1).json
1927124530608140772,1926287132592636166,https://x.com/i/status/1926287132592636166,1,batch_0002 (1).json
1927124530608140772,1926288919101886703,https://x.com/i/status/1926288919101886703,1,batch_0002 (1).json
1927124530608140772,1926292761516417495,https://x.com/i/status/1926292761516417495,1,batch_0002 (1).json
1927124530608140772,1926299651323388025,https://x.com/i/status/1926299651323388025,1,batch_0002 (1).json
1927124530608140772,1926303157618966786,https://x.com/i/status/1926303157618966786,1,batch_0002 (1).json
1927124530608140772,1926303435768418788,https://x.com/i/status/1926303435768418788,1,batch_0002 (1).json
1927124530608140772,1926309432805257697,https://x.com/i/status/1926309432805257697,1,batch_0002 (1).json
1927124530608140772,1926310629901541433,https://x.com/i/status/1926310629901541433,1,batch_0002 (1).json
1927124530608140772,1926311734215639045,https://x.com/i/status/1926311734215639045,1,batch_0002 (1).json
1927124530608140772,1926319578927256059,https://x.com/i/status/1926319578927256059,1,batch_0002 (1).json
1927124530608140772,1926321823853031906,https://x.com/i/status/1926321823853031906,1,batch_0002 (1).json
1927124530608140772,1926323552938000629,https://x.com/i/status/1926323552938000629,1,batch_0002 (1).json
1927124530608140772,1926324945644032047,https://x.com/i/status/1926324945644032047,1,batch_0002 (1).json
1927124530608140772,1926325715013632054,https://x.com/i/status/1926325715013632054,1,batch_0002 (1).json
1927124530608140772,1926332157447840122,https://x.com/i/status/1926332157447840122,1,batch_0002 (1).json
1927124530608140772,1926339074387746907,https://x.com/i/status/1926339074387746907,1,batch_0002 (1).json
1927124530608140772,1926343190610587928,https://x.com/i/status/1926343190610587928,1,batch_0002 (1).json
1927124530608140772,1926349371857084529,https://x.com/i/status/1926349371857084529,1,batch_0002 (1).json
1927124530608140772,1926363540492812658,https://x.com/i/status/1926363540492812658,1,batch_0002 (1).json
1927124530608140772,1926365740904464585,https://x.com/i/status/1926365740904464585,1,batch_0002 (1).json
1927124530608140772,1926366502795554871,https://x.com/i/status/1926366502795554871,1,batch_0002 (1).json
1927124530608140772,1926373351070519782,https://x.com/i/status/1926373351070519782,1,batch_0002 (1).json
1927124530608140772,1926377145154039965,https://x.com/i/status/1926377145154039965,1,batch_0002 (1).json
1927124530608140772,1926377616577069553,https://x.com/i/status/1926377616577069553,1,batch_0002 (1).json
1927124530608140772,1926381729687683515,https://x.com/i/status/1926381729687683515,1,batch_0002 (1).json
1927124530608140772,1926382522906145206,https://x.com/i/status/1926382522906145206,1,batch_0002 (1).json
1927124530608140772,1926385594034209210,https://x.com/i/status/1926385594034209210,1,batch_0002 (1).json
1927124530608140772,1926389462029697419,https://x.com/i/status/1926389462029697419,1,batch_0002 (1).json
1927124530608140772,1926397080328704343,https://x.com/i/status/1926397080328704343,1,batch_0002 (1).json
1927124530608140772,1926402241994355001,https://x.com/i/status/1926402241994355001,1,batch_0002 (1).json
1927124530608140772,1926417181366964247,https://x.com/i/status/1926417181366964247,1,batch_0002 (1).json
1927124530608140772,1926423196732989772,https://x.com/i/status/1926423196732989772,1,batch_0002 (1).json
1927124530608140772,1926425624840716517,https://x.com/i/status/1926425624840716517,1,batch_0002 (1).json
1927124530608140772,1926507438091460789,https://x.com/i/status/1926507438091460789,1,batch_0002 (1).json
1927124530608140772,1926521109983420457,https://x.com/i/status/1926521109983420457,1,batch_0002 (1).json
1927124530608140772,1926529136484347957,https://x.com/i/status/1926529136484347957,1,batch_0002 (1).json
1927124530608140772,1926541521618162058,https://x.com/i/status/1926541521618162058,1,batch_0002 (1).json
1927124530608140772,1926542650389283150,https://x.com/i/status/1926542650389283150,1,batch_0002 (1).json
1927124530608140772,1926551265628082496,https://x.com/i/status/1926551265628082496,1,batch_0002 (1).json
1927124530608140772,1926609630114763107,https://x.com/i/status/1926609630114763107,1,batch_0002 (1).json
1927124530608140772,1926644652981055967,https://x.com/i/status/1926644652981055967,1,batch_0002 (1).json
1927124530608140772,1926730062184821098,https://x.com/i/status/1926730062184821098,1,batch_0002 (1).json
1927124530608140772,1926734607602323951,https://x.com/i/status/1926734607602323951,1,batch_0002 (1).json
1927124530608140772,1926813754940858639,https://x.com/i/status/1926813754940858639,1,batch_0002 (1).json
1927124530608140772,1927019894979137692,https://x.com/i/status/1927019894979137692,1,batch_0002 (1).json
1928475046533538020,1928148368661897725,https://x.com/i/status/1928148368661897725,1,batch_0002 (1).json
1928475046533538020,1928156613732352221,https://x.com/i/status/1928156613732352221,1,batch_0002 (1).json
1928475046533538020,1928163329626743260,https://x.com/i/status/1928163329626743260,1,batch_0002 (1).json
1928475046533538020,1928167224218456372,https://x.com/i/status/1928167224218456372,1,batch_0002 (1).json
1928475046533538020,1928173119153258544,https://x.com/i/status/1928173119153258544,1,batch_0002 (1).json
1928475046533538020,1928175720942956638,https://x.com/i/status/1928175720942956638,1,batch_0002 (1).json
1928475046533538020,1928177491975491874,https://x.com/i/status/1928177491975491874,1,batch_0002 (1).json
1928475046533538020,1928177958520291671,https://x.com/i/status/1928177958520291671,1,batch_0002 (1).json
1928475046533538020,1928178675813367983,https://x.com/i/status/1928178675813367983,1,batch_0002 (1).json
1928475046533538020,1928187880498770320,https://x.com/i/status/1928187880498770320,1,batch_0002 (1).json
1928475046533538020,1928188626053013741,https://x.com/i/status/1928188626053013741,1,batch_0002 (1).json
1928475046533538020,1928188950642102621,https://x.com/i/status/1928188950642102621,1,batch_0002 (1).json
1928475046533538020,1928188999794864394,https://x.com/i/status/1928188999794864394,1,batch_0002 (1).json
1928475046533538020,1928190042054242633,https://x.com/i/status/1928190042054242633,1,batch_0002 (1).json
1928475046533538020,1928191345354514543,https://x.com/i/status/1928191345354514543,1,batch_0002 (1).json
1928475046533538020,1928191463617184231,https://x.com/i/status/1928191463617184231,1,batch_0002 (1).json
1928475046533538020,1928191854660489662,https://x.com/i/status/1928191854660489662,1,batch_0002 (1).json
1928475046533538020,1928193058371146156,https://x.com/i/status/1928193058371146156,1,batch_0002 (1).json
1928475046533538020,1928193158153753052,https://x.com/i/status/1928193158153753052,1,batch_0002 (1).json
1928475046533538020,1928194336203632990,https://x.com/i/status/1928194336203632990,1,batch_0002 (1).json
1928475046533538020,1928195691068678620,https://x.com/i/status/1928195691068678620,1,batch_0002 (1).json
1928475046533538020,1928199766812327995,https://x.com/i/status/1928199766812327995,1,batch_0002 (1).json
1928475046533538020,1928203111891341358,https://x.com/i/status/1928203111891341358,1,batch_0002 (1).json
1928475046533538020,1928203275414720757,https://x.com/i/status/1928203275414720757,1,batch_0002 (1).json
1928475046533538020,1928203733315227776,https://x.com/i/status/1928203733315227776,1,batch_0002 (1).json
1928475046533538020,1928206626147672369,https://x.com/i/status/1928206626147672369,1,batch_0002 (1).json
1928475046533538020,1928210892082036793,https://x.com/i/status/1928210892082036793,1,batch_0002 (1).json
1928475046533538020,1928214037285789769,https://x.com/i/status/1928214037285789769,1,batch_0002 (1).json
1928475046533538020,1928215054085668981,https://x.com/i/status/1928215054085668981,1,batch_0002 (1).json
1928475046533538020,1928215506961457225,https://x.com/i/status/1928215506961457225,1,batch_0002 (1).json
1928475046533538020,1928216463426441344,https://x.com/i/status/1928216463426441344,1,batch_0002 (1).json
1928475046533538020,1928216860769624502,https://x.com/i/status/1928216860769624502,1,batch_0002 (1).json
1928475046533538020,1928220049254261114,https://x.com/i/status/1928220049254261114,1,batch_0002 (1).json
1928475046533538020,1928220670057406938,https://x.com/i/status/1928220670057406938,1,batch_0002 (1).json
1928475046533538020,1928223732406829407,https://x.com/i/status/1928223732406829407,1,batch_0002 (1).json
1928475046533538020,1928229001971007631,https://x.com/i/status/1928229001971007631,1,batch_0002 (1).json
1928475046533538020,1928229953839017998,https://x.com/i/status/1928229953839017998,1,batch_0002 (1).json
1928475046533538020,1928230160253268466,https://x.com/i/status/1928230160253268466,1,batch_0002 (1).json
1928475046533538020,1928238089413001317,https://x.com/i/status/1928238089413001317,1,batch_0002 (1).json
1928475046533538020,1928239540495339646,https://x.com/i/status/1928239540495339646,1,batch_0002 (1).json
1928475046533538020,1928241282628960324,https://x.com/i/status/1928241282628960324,1,batch_0002 (1).json
1928475046533538020,1928243172809003410,https://x.com/i/status/1928243172809003410,1,batch_0002 (1).json
1928475046533538020,1928243900298285509,https://x.com/i/status/1928243900298285509,1,batch_0002 (1).json
1928475046533538020,1928245104101200292,https://x.com/i/status/1928245104101200292,1,batch_0002 (1).json
1928475046533538020,1928262890286371326,https://x.com/i/status/1928262890286371326,1,batch_0002 (1).json
1928475046533538020,1928264251627438396,https://x.com/i/status/1928264251627438396,1,batch_0002 (1).json
1928475046533538020,1928265460052541578,https://x.com/i/status/1928265460052541578,1,batch_0002 (1).json
1928475046533538020,1928269777736258012,https://x.com/i/status/1928269777736258012,1,batch_0002 (1).json
1928475046533538020,1928281019188146298,https://x.com/i/status/1928281019188146298,1,batch_0002 (1).json
1928475046533538020,1928282020750283056,https://x.com/i/status/1928282020750283056,1,batch_0002 (1).json
1928475046533538020,1928283894576541906,https://x.com/i/status/1928283894576541906,1,batch_0002 (1).json
1928475046533538020,1928286698716139746,https://x.com/i/status/1928286698716139746,1,batch_0002 (1).json
1928475046533538020,1928286945391571359,https://x.com/i/status/1928286945391571359,1,batch_0002 (1).json
1928475046533538020,1928295951162093670,https://x.com/i/status/1928295951162093670,1,batch_0002 (1).json
1928475046533538020,1928296650088341598,https://x.com/i/status/1928296650088341598,1,batch_0002 (1).json
1928475046533538020,1928297262716784682,https://x.com/i/status/1928297262716784682,1,batch_0002 (1).json
1928475046533538020,1928297775101321288,https://x.com/i/status/1928297775101321288,1,batch_0002 (1).json
1928475046533538020,1928298361330769978,https://x.com/i/status/1928298361330769978,1,batch_0002 (1).json
1928475046533538020,1928301077184561246,https://x.com/i/status/1928301077184561246,1,batch_0002 (1).json
1928475046533538020,1928308794561290406,https://x.com/i/status/1928308794561290406,1,batch_0002 (1).json
1928475046533538020,1928313271603417252,https://x.com/i/status/1928313271603417252,1,batch_0002 (1).json
1928475046533538020,1928318879320736240,https://x.com/i/status/1928318879320736240,1,batch_0002 (1).json
1928475046533538020,1928356251282309153,https://x.com/i/status/1928356251282309153,1,batch_0002 (1).json
1928475046533538020,1928364743485509763,https://x.com/i/status/1928364743485509763,1,batch_0002 (1).json
1928475046533538020,1928401332555104622,https://x.com/i/status/1928401332555104622,1,batch_0002 (1).json
1928475046533538020,1928413986594205736,https://x.com/i/status/1928413986594205736,1,batch_0002 (1).json
1928475046533538020,1928414055053643980,https://x.com/i/status/1928414055053643980,1,batch_0002 (1).json
1928475046533538020,1928436847153168847,https://x.com/i/status/1928436847153168847,1,batch_0002 (1).json
1928475046533538020,1928444136853520446,https://x.com/i/status/1928444136853520446,1,batch_0002 (1).json
1928475046533538020,1928445010103431501,https://x.com/i/status/1928445010103431501,1,batch_0002 (1).json
1928475046533538020,1928462717213442301,https://x.com/i/status/1928462717213442301,1,batch_0002 (1).json
1928475046533538020,1928467004681290015,https://x.com/i/status/1928467004681290015,1,batch_0002 (1).json
1928475046533538020,1928468391376961587,https://x.com/i/status/1928468391376961587,1,batch_0002 (1).json
1941942148498440487,1941572562498224145,https://x.com/i/status/1941572562498224145,1,batch_0002 (1).json
1941942148498440487,1941631534189920303,https://x.com/i/status/1941631534189920303,1,batch_0002 (1).json
1941942148498440487,1941644757907706318,https://x.com/i/status/1941644757907706318,1,batch_0002 (1).json
1941942148498440487,1941674585767731431,https://x.com/i/status/1941674585767731431,1,batch_0002 (1).json
1941942148498440487,1942037134778528116,https://x.com/i/status/1942037134778528116,1,batch_0002 (1).json
1941942148498440487,1942043157547688345,https://x.com/i/status/1942043157547688345,1,batch_0002 (1).json
1941942148498440487,1942223543137079406,https://x.com/i/status/1942223543137079406,1,batch_0002 (1).json
1941942148498440487,1942224344123342912,https://x.com/i/status/1942224344123342912,1,batch_0002 (1).json
1941942148498440487,1942227557522321824,https://x.com/i/status/1942227557522321824,1,batch_0002 (1).json
1941942148498440487,1942328145471795291,https://x.com/i/status/1942328145471795291,1,batch_0002 (1).json
1941942148498440487,1942610470437019948,https://x.com/i/status/1942610470437019948,1,batch_0002 (1).json
1941942148498440487,1942731509355667514,https://x.com/i/status/1942731509355667514,1,batch_0002 (1).json
1945040080705306656,1944928890373419204,https://x.com/i/status/1944928890373419204,1,batch_0002 (1).json
1945040080705306656,1944929605359690089,https://x.com/i/status/1944929605359690089,1,batch_0002 (1).json
1945040080705306656,1944930639490228230,https://x.com/i/status/1944930639490228230,1,batch_0002 (1).json
1945040080705306656,1944931671222182378,https://x.com/i/status/1944931671222182378,1,batch_0002 (1).json
1945040080705306656,1944932846050717984,https://x.com/i/status/1944932846050717984,1,batch_0002 (1).json
1945040080705306656,1944933040125255983,https://x.com/i/status/1944933040125255983,1,batch_0002 (1).json
1945040080705306656,1944934150575952376,https://x.com/i/status/1944934150575952376,1,batch_0002 (1).json
1945040080705306656,1944934844246503673,https://x.com/i/status/1944934844246503673,1,batch_0002 (1).json
1945040080705306656,1944935014023540897,https://x.com/i/status/1944935014023540897,1,batch_0002 (1).json
1945040080705306656,1944935680486072756,https://x.com/i/status/1944935680486072756,1,batch_0002 (1).json
1945040080705306656,1944935882001408145,https://x.com/i/status/1944935882001408145,1,batch_0002 (1).json
1945040080705306656,1944936288324403691,https://x.com/i/status/1944936288324403691,1,batch_0002 (1).json
1945040080705306656,1944937612952936463,https://x.com/i/status/1944937612952936463,1,batch_0002 (1).json
1945040080705306656,1944938283995168890,https://x.com/i/status/1944938283995168890,1,batch_0002 (1).json
1945040080705306656,1944939327810887922,https://x.com/i/status/1944939327810887922,1,batch_0002 (1).json
1945040080705306656,1944939966049780106,https://x.com/i/status/1944939966049780106,1,batch_0002 (1).json
1945040080705306656,1944942441871892587,https://x.com/i/status/1944942441871892587,1,batch_0002 (1).json
1945040080705306656,1944942590299922486,https://x.com/i/status/1944942590299922486,1,batch_0002 (1).json
1945040080705306656,1944943584907813362,https://x.com/i/status/1944943584907813362,1,batch_0002 (1).json
1945040080705306656,1944944687183515823,https://x.com/i/status/1944944687183515823,1,batch_0002 (1).json
1945040080705306656,1944945950260388281,https://x.com/i/status/1944945950260388281,1,batch_0002 (1).json
1945040080705306656,1944946494211285059,https://x.com/i/status/1944946494211285059,1,batch_0002 (1).json
1945040080705306656,1944947273873678710,https://x.com/i/status/1944947273873678710,1,batch_0002 (1).json
1945040080705306656,1944948550762176796,https://x.com/i/status/1944948550762176796,1,batch_0002 (1).json
1945040080705306656,1944952079111610620,https://x.com/i/status/1944952079111610620,1,batch_0002 (1).json
1945040080705306656,1944952103274676617,https://x.com/i/status/1944952103274676617,1,batch_0002 (1).json
1945040080705306656,1944953428276375695,https://x.com/i/status/1944953428276375695,1,batch_0002 (1).json
1945040080705306656,1944954862623481946,https://x.com/i/status/1944954862623481946,1,batch_0002 (1).json
1945040080705306656,1944955305307332667,https://x.com/i/status/1944955305307332667,1,batch_0002 (1).json
1945040080705306656,1944959539658547534,https://x.com/i/status/1944959539658547534,1,batch_0002 (1).json
1945040080705306656,1944959961785884964,https://x.com/i/status/1944959961785884964,1,batch_0002 (1).json
1945040080705306656,1944961462348218591,https://x.com/i/status/1944961462348218591,1,batch_0002 (1).json
1945040080705306656,1944961563569361062,https://x.com/i/status/1944961563569361062,1,batch_0002 (1).json
1945040080705306656,1944961900590325868,https://x.com/i/status/1944961900590325868,1,batch_0002 (1).json
1945040080705306656,1944964616095998304,https://x.com/i/status/1944964616095998304,1,batch_0002 (1).json
1945040080705306656,1944967520013742331,https://x.com/i/status/1944967520013742331,1,batch_0002 (1).json
1945040080705306656,1944968117454823586,https://x.com/i/status/1944968117454823586,1,batch_0002 (1).json
1945040080705306656,1944969707355869430,https://x.com/i/status/1944969707355869430,1,batch_0002 (1).json
1945040080705306656,1944971169809203571,https://x.com/i/status/1944971169809203571,1,batch_0002 (1).json
1945040080705306656,1944971550899495210,https://x.com/i/status/1944971550899495210,1,batch_0002 (1).json
1945040080705306656,1944975587774222514,https://x.com/i/status/1944975587774222514,1,batch_0002 (1).json
1945040080705306656,1944976626229375476,https://x.com/i/status/1944976626229375476,1,batch_0002 (1).json
1945040080705306656,1944977126848868745,https://x.com/i/status/1944977126848868745,1,batch_0002 (1).json
1945040080705306656,1944977963373470156,https://x.com/i/status/1944977963373470156,1,batch_0002 (1).json
1945040080705306656,1944983032017924190,https://x.com/i/status/1944983032017924190,1,batch_0002 (1).json
1945040080705306656,1944983352668250584,https://x.com/i/status/1944983352668250584,1,batch_0002 (1).json
1945040080705306656,1944985317775233098,https://x.com/i/status/1944985317775233098,1,batch_0002 (1).json
1945040080705306656,1944985622432624968,https://x.com/i/status/1944985622432624968,1,batch_0002 (1).json
1945040080705306656,1944992436335297011,https://x.com/i/status/1944992436335297011,1,batch_0002 (1).json
1945040080705306656,1944992791689376154,https://x.com/i/status/1944992791689376154,1,batch_0002 (1).json
1945040080705306656,1944999409361531122,https://x.com/i/status/1944999409361531122,1,batch_0002 (1).json
1945040080705306656,1945001030434840975,https://x.com/i/status/1945001030434840975,1,batch_0002 (1).json
1945040080705306656,1945001727020695575,https://x.com/i/status/1945001727020695575,1,batch_0002 (1).json
1945040080705306656,1945007384713134473,https://x.com/i/status/1945007384713134473,1,batch_0002 (1).json
1945040080705306656,1945007515969745065,https://x.com/i/status/1945007515969745065,1,batch_0002 (1).json
1945040080705306656,1945008356688572720,https://x.com/i/status/1945008356688572720,1,batch_0002 (1).json
1945040080705306656,1945008905840451948,https://x.com/i/status/1945008905840451948,1,batch_0002 (1).json
1945040080705306656,1945016801403842587,https://x.com/i/status/1945016801403842587,1,batch_0002 (1).json
1945040080705306656,1945023022349345064,https://x.com/i/status/1945023022349345064,1,batch_0002 (1).json
1945040080705306656,1945023042121355441,https://x.com/i/status/1945023042121355441,1,batch_0002 (1).json
1945040080705306656,1945024072053559798,https://x.com/i/status/1945024072053559798,1,batch_0002 (1).json
1945040080705306656,1945026386374049864,https://x.com/i/status/1945026386374049864,1,batch_0002 (1).json
1945040080705306656,1945033479659421838,https://x.com/i/status/1945033479659421838,1,batch_0002 (1).json
1945040080705306656,1945035146626777289,https://x.com/i/status/1945035146626777289,1,batch_0002 (1).json
1945040080705306656,1945035341569675319,https://x.com/i/status/1945035341569675319,1,batch_0002 (1).json
1945040080705306656,1945036383447372182,https://x.com/i/status/1945036383447372182,1,batch_0002 (1).json
1945040080705306656,1945037462562025872,https://x.com/i/status/1945037462562025872,1,batch_0002 (1).json
1945040080705306656,1945040295055315453,https://x.com/i/status/1945040295055315453,1,batch_0002 (1).json
1945040080705306656,1945044437488324786,https://x.com/i/status/1945044437488324786,1,batch_0002 (1).json
1945040080705306656,1945044972052336909,https://x.com/i/status/1945044972052336909,1,batch_0002 (1).json
1945040080705306656,1945045011130695772,https://x.com/i/status/1945045011130695772,1,batch_0002 (1).json
1945040080705306656,1945052732626231305,https://x.com/i/status/1945052732626231305,1,batch_0002 (1).json
1945040080705306656,1945056563917451283,https://x.com/i/status/1945056563917451283,1,batch_0002 (1).json
1945040080705306656,1945061449329439092,https://x.com/i/status/1945061449329439092,1,batch_0002 (1).json
1945040080705306656,1945065168355897368,https://x.com/i/status/1945065168355897368,1,batch_0002 (1).json
1945040080705306656,1945071816311021791,https://x.com/i/status/1945071816311021791,1,batch_0002 (1).json
1945040080705306656,1945077721786184059,https://x.com/i/status/1945077721786184059,1,batch_0002 (1).json
1945040080705306656,1945079708690907507,https://x.com/i/status/1945079708690907507,1,batch_0002 (1).json
1945040080705306656,1945082633555185864,https://x.com/i/status/1945082633555185864,1,batch_0002 (1).json
1945040080705306656,1945084659047510263,https://x.com/i/status/1945084659047510263,1,batch_0002 (1).json
1945040080705306656,1945085254487671137,https://x.com/i/status/1945085254487671137,1,batch_0002 (1).json
1945040080705306656,1945085993289175477,https://x.com/i/status/1945085993289175477,1,batch_0002 (1).json
1945040080705306656,1945087317565194693,https://x.com/i/status/1945087317565194693,1,batch_0002 (1).json
1945040080705306656,1945090844635107618,https://x.com/i/status/1945090844635107618,1,batch_0002 (1).json
1945040080705306656,1945091112617537996,https://x.com/i/status/1945091112617537996,1,batch_0002 (1).json
1945040080705306656,1945099764401406208,https://x.com/i/status/1945099764401406208,1,batch_0002 (1).json
1945040080705306656,1945099864217391182,https://x.com/i/status/1945099864217391182,1,batch_0002 (1).json
1945040080705306656,1945100859827736722,https://x.com/i/status/1945100859827736722,1,batch_0002 (1).json
1945040080705306656,1945101837041861059,https://x.com/i/status/1945101837041861059,1,batch_0002 (1).json
1945040080705306656,1945102418917671363,https://x.com/i/status/1945102418917671363,1,batch_0002 (1).json
1945040080705306656,1945105365110059044,https://x.com/i/status/1945105365110059044,1,batch_0002 (1).json
1945040080705306656,1945109435095114137,https://x.com/i/status/1945109435095114137,1,batch_0002 (1).json
1945040080705306656,1945109523422740674,https://x.com/i/status/1945109523422740674,1,batch_0002 (1).json
1945040080705306656,1945111223445463441,https://x.com/i/status/1945111223445463441,1,batch_0002 (1).json
1945040080705306656,1945118059485663623,https://x.com/i/status/1945118059485663623,1,batch_0002 (1).json
1945040080705306656,1945127946223583427,https://x.com/i/status/1945127946223583427,1,batch_0002 (1).json
1945040080705306656,1945135699721597166,https://x.com/i/status/1945135699721597166,1,batch_0002 (1).json
1945040080705306656,1945136298966028502,https://x.com/i/status/1945136298966028502,1,batch_0002 (1).json
1945040080705306656,1945140573708419104,https://x.com/i/status/1945140573708419104,1,batch_0002 (1).json
1945040080705306656,1945142690024198541,https://x.com/i/status/1945142690024198541,1,batch_0002 (1).json
1945040080705306656,1945146154611601900,https://x.com/i/status/1945146154611601900,1,batch_0002 (1).json
1945040080705306656,1945146586020868250,https://x.com/i/status/1945146586020868250,1,batch_0002 (1).json
1945040080705306656,1945148206196592648,https://x.com/i/status/1945148206196592648,1,batch_0002 (1).json
1945040080705306656,1945150431702999459,https://x.com/i/status/1945150431702999459,1,batch_0002 (1).json
1945040080705306656,1945151052870713735,https://x.com/i/status/1945151052870713735,1,batch_0002 (1).json
1945040080705306656,1945151140452090138,https://x.com/i/status/1945151140452090138,1,batch_0002 (1).json
1945040080705306656,1945151194655039667,https://x.com/i/status/1945151194655039667,1,batch_0002 (1).json
1945040080705306656,1945152883466420569,https://x.com/i/status/1945152883466420569,1,batch_0002 (1).json
1945040080705306656,1945154138972553598,https://x.com/i/status/1945154138972553598,1,batch_0002 (1).json
1945040080705306656,1945155653703467176,https://x.com/i/status/1945155653703467176,1,batch_0002 (1).json
1945040080705306656,1945156269511196681,https://x.com/i/status/1945156269511196681,1,batch_0002 (1).json
1945040080705306656,1945156490177749439,https://x.com/i/status/1945156490177749439,1,batch_0002 (1).json
1945040080705306656,1945157429513121845,https://x.com/i/status/1945157429513121845,1,batch_0002 (1).json
1945040080705306656,1945157588259119141,https://x.com/i/status/1945157588259119141,1,batch_0002 (1).json
1945040080705306656,1945157719444365430,https://x.com/i/status/1945157719444365430,1,batch_0002 (1).json
1945040080705306656,1945158431804957140,https://x.com/i/status/1945158431804957140,1,batch_0002 (1).json
1945040080705306656,1945166363661644048,https://x.com/i/status/1945166363661644048,1,batch_0002 (1).json
1945040080705306656,1945166591802380440,https://x.com/i/status/1945166591802380440,1,batch_0002 (1).json
1945040080705306656,1945169152924061725,https://x.com/i/status/1945169152924061725,1,batch_0002 (1).json
1945040080705306656,1945169774431944870,https://x.com/i/status/1945169774431944870,1,batch_0002 (1).json
1945040080705306656,1945171330761974198,https://x.com/i/status/1945171330761974198,1,batch_0002 (1).json
1945040080705306656,1945172042115932647,https://x.com/i/status/1945172042115932647,1,batch_0002 (1).json
1945040080705306656,1945177958525657533,https://x.com/i/status/1945177958525657533,1,batch_0002 (1).json
1945040080705306656,1945179166439080212,https://x.com/i/status/1945179166439080212,1,batch_0002 (1).json
1945040080705306656,1945179680929137019,https://x.com/i/status/1945179680929137019,1,batch_0002 (1).json
1945040080705306656,1945181706077512098,https://x.com/i/status/1945181706077512098,1,batch_0002 (1).json
1945040080705306656,1945182588819186018,https://x.com/i/status/1945182588819186018,1,batch_0002 (1).json
1945040080705306656,1945188597725872573,https://x.com/i/status/1945188597725872573,1,batch_0002 (1).json
1945040080705306656,1945195740340334634,https://x.com/i/status/1945195740340334634,1,batch_0002 (1).json
1945040080705306656,1945198846155292956,https://x.com/i/status/1945198846155292956,1,batch_0002 (1).json
1945040080705306656,1945199063093162324,https://x.com/i/status/1945199063093162324,1,batch_0002 (1).json
1945040080705306656,1945210459885375673,https://x.com/i/status/1945210459885375673,1,batch_0002 (1).json
1945040080705306656,1945231992171164134,https://x.com/i/status/1945231992171164134,1,batch_0002 (1).json
1945040080705306656,1945234924010942890,https://x.com/i/status/1945234924010942890,1,batch_0002 (1).json
1945040080705306656,1945250842933678483,https://x.com/i/status/1945250842933678483,1,batch_0002 (1).json
1945040080705306656,1945260498477310368,https://x.com/i/status/1945260498477310368,1,batch_0002 (1).json
1945040080705306656,1945276245404496116,https://x.com/i/status/1945276245404496116,1,batch_0002 (1).json
1945040080705306656,1945277040954843573,https://x.com/i/status/1945277040954843573,1,batch_0002 (1).json
1945040080705306656,1945335888428589223,https://x.com/i/status/1945335888428589223,1,batch_0002 (1).json
1945040080705306656,1945359438648631606,https://x.com/i/status/1945359438648631606,1,batch_0002 (1).json
1945040080705306656,1945362985406620060,https://x.com/i/status/1945362985406620060,1,batch_0002 (1).json
1945040080705306656,1945422840435491070,https://x.com/i/status/1945422840435491070,1,batch_0002 (1).json
1945040080705306656,1945466416288715043,https://x.com/i/status/1945466416288715043,1,batch_0002 (1).json
1945040080705306656,1945471630274122185,https://x.com/i/status/1945471630274122185,1,batch_0002 (1).json
1945040080705306656,1945646751144182120,https://x.com/i/status/1945646751144182120,1,batch_0002 (1).json
1945040080705306656,1945648584868671612,https://x.com/i/status/1945648584868671612,1,batch_0002 (1).json
1945040080705306656,1945651439260299631,https://x.com/i/status/1945651439260299631,1,batch_0002 (1).json
1945040080705306656,1945673731751264380,https://x.com/i/status/1945673731751264380,1,batch_0002 (1).json
1945040080705306656,1945675893776499103,https://x.com/i/status/1945675893776499103,1,batch_0002 (1).json
1945040080705306656,1945884243713835399,https://x.com/i/status/1945884243713835399,1,batch_0002 (1).json
1945040080705306656,1946172672448029168,https://x.com/i/status/1946172672448029168,1,batch_0002 (1).json
1945040080705306656,1946178142718292103,https://x.com/i/status/1946178142718292103,1,batch_0002 (1).json
1945040080705306656,1946285120396100074,https://x.com/i/status/1946285120396100074,1,batch_0002 (1).json
1945040080705306656,1946383352120139858,https://x.com/i/status/1946383352120139858,1,batch_0002 (1).json
1945040080705306656,1946396265169785242,https://x.com/i/status/1946396265169785242,1,batch_0002 (1).json
1945040080705306656,1946525339120787744,https://x.com/i/status/1946525339120787744,1,batch_0002 (1).json
1945040080705306656,1946562002299556137,https://x.com/i/status/1946562002299556137,1,batch_0002 (1).json
1945040080705306656,1946586452306886973,https://x.com/i/status/1946586452306886973,1,batch_0002 (1).json
1945040080705306656,1946710427280576540,https://x.com/i/status/1946710427280576540,1,batch_0002 (1).json
1945040080705306656,1946710822098768000,https://x.com/i/status/1946710822098768000,1,batch_0002 (1).json
1945040080705306656,1947031192844517732,https://x.com/i/status/1947031192844517732,1,batch_0002 (1).json
1945040080705306656,1948273693559546247,https://x.com/i/status/1948273693559546247,1,batch_0002 (1).json
1945040080705306656,1948789157829951651,https://x.com/i/status/1948789157829951651,1,batch_0002 (1).json
1945040080705306656,1949444591796855048,https://x.com/i/status/1949444591796855048,1,batch_0002 (1).json
1945040080705306656,1949471275975590207,https://x.com/i/status/1949471275975590207,1,batch_0002 (1).json
1945040080705306656,1949476530566128048,https://x.com/i/status/1949476530566128048,1,batch_0002 (1).json
1947484156532818136,1946743581164675108,https://x.com/i/status/1946743581164675108,1,batch_0002 (1).json
1947484156532818136,1946894778035278029,https://x.com/i/status/1946894778035278029,1,batch_0002 (1).json
1947484156532818136,1946894941374091504,https://x.com/i/status/1946894941374091504,1,batch_0002 (1).json
1947484156532818136,1946895041659908567,https://x.com/i/status/1946895041659908567,1,batch_0002 (1).json
1947484156532818136,1946936742508151108,https://x.com/i/status/1946936742508151108,1,batch_0002 (1).json
1947484156532818136,1946996333165903907,https://x.com/i/status/1946996333165903907,1,batch_0002 (1).json
1947484156532818136,1947269940035121195,https://x.com/i/status/1947269940035121195,1,batch_0002 (1).json
1947484156532818136,1947294603339870219,https://x.com/i/status/1947294603339870219,1,batch_0002 (1).json
1954655255485935942,1954648894144700771,https://x.com/i/status/1954648894144700771,1,batch_0001 (7).json
1954655255485935942,1954649145785938292,https://x.com/i/status/1954649145785938292,1,batch_0001 (7).json
1954655255485935942,1954649436170473589,https://x.com/i/status/1954649436170473589,1,batch_0001 (7).json
1954655255485935942,1954649591254523996,https://x.com/i/status/1954649591254523996,1,batch_0001 (7).json
1954655255485935942,1954649724763443594,https://x.com/i/status/1954649724763443594,1,batch_0001 (7).json
1954655255485935942,1954649956620362113,https://x.com/i/status/1954649956620362113,1,batch_0001 (7).json
1954655255485935942,1954649992674882026,https://x.com/i/status/1954649992674882026,1,batch_0001 (7).json
1954655255485935942,1954650067219935286,https://x.com/i/status/1954650067219935286,1,batch_0001 (7).json
1954655255485935942,1954650166847291395,https://x.com/i/status/1954650166847291395,1,batch_0001 (7).json
1954655255485935942,1954650290785042905,https://x.com/i/status/1954650290785042905,1,batch_0001 (7).json
1954655255485935942,1954650393381937231,https://x.com/i/status/1954650393381937231,1,batch_0001 (7).json
1954655255485935942,1954650424117485832,https://x.com/i/status/1954650424117485832,1,batch_0001 (7).json
1954655255485935942,1954650540299649222,https://x.com/i/status/1954650540299649222,1,batch_0001 (7).json
1954655255485935942,1954650540631077199,https://x.com/i/status/1954650540631077199,1,batch_0001 (7).json
1954655255485935942,1954650755282964914,https://x.com/i/status/1954650755282964914,1,batch_0001 (7).json
1954655255485935942,1954650765340852512,https://x.com/i/status/1954650765340852512,1,batch_0001 (7).json
1954655255485935942,1954650897188823261,https://x.com/i/status/1954650897188823261,1,batch_0001 (7).json
1954655255485935942,1954650903623205338,https://x.com/i/status/1954650903623205338,1,batch_0001 (7).json
1954655255485935942,1954650911575597454,https://x.com/i/status/1954650911575597454,1,batch_0001 (7).json
1954655255485935942,1954650941543657778,https://x.com/i/status/1954650941543657778,1,batch_0001 (7).json
1954655255485935942,1954650991040610652,https://x.com/i/status/1954650991040610652,1,batch_0001 (7).json
1954655255485935942,1954650996644434320,https://x.com/i/status/1954650996644434320,1,batch_0001 (7).json
1954655255485935942,1954651042718621786,https://x.com/i/status/1954651042718621786,1,batch_0001 (7).json
1954655255485935942,1954651267139088832,https://x.com/i/status/1954651267139088832,1,batch_0001 (7).json
1954655255485935942,1954651357765316633,https://x.com/i/status/1954651357765316633,1,batch_0001 (7).json
1954655255485935942,1954651371900424625,https://x.com/i/status/1954651371900424625,1,batch_0001 (7).json
1954655255485935942,1954651406100496525,https://x.com/i/status/1954651406100496525,1,batch_0001 (7).json
1954655255485935942,1954651513982492791,https://x.com/i/status/1954651513982492791,1,batch_0001 (7).json
1954655255485935942,1954651606735278314,https://x.com/i/status/1954651606735278314,1,batch_0001 (7).json
1954655255485935942,1954651726335603059,https://x.com/i/status/1954651726335603059,1,batch_0001 (7).json
1954655255485935942,1954651746820661590,https://x.com/i/status/1954651746820661590,1,batch_0001 (7).json
1954655255485935942,1954651793398411532,https://x.com/i/status/1954651793398411532,1,batch_0001 (7).json
1954655255485935942,1954651874663301563,https://x.com/i/status/1954651874663301563,1,batch_0001 (7).json
1954655255485935942,1954651923799572551,https://x.com/i/status/1954651923799572551,1,batch_0001 (7).json
1954655255485935942,1954652075918520610,https://x.com/i/status/1954652075918520610,1,batch_0001 (7).json
1954655255485935942,1954652226690916795,https://x.com/i/status/1954652226690916795,1,batch_0001 (7).json
1954655255485935942,1954652239429255463,https://x.com/i/status/1954652239429255463,1,batch_0001 (7).json
1954655255485935942,1954652277282853041,https://x.com/i/status/1954652277282853041,1,batch_0001 (7).json
1954655255485935942,1954652314503155828,https://x.com/i/status/1954652314503155828,1,batch_0001 (7).json
1954655255485935942,1954652356869865507,https://x.com/i/status/1954652356869865507,1,batch_0001 (7).json
1954655255485935942,1954652484980658516,https://x.com/i/status/1954652484980658516,1,batch_0001 (7).json
1954655255485935942,1954652558896861356,https://x.com/i/status/1954652558896861356,1,batch_0001 (7).json
1954655255485935942,1954652693613396040,https://x.com/i/status/1954652693613396040,1,batch_0001 (7).json
1954655255485935942,1954652934832058457,https://x.com/i/status/1954652934832058457,1,batch_0001 (7).json
1954655255485935942,1954653088717185400,https://x.com/i/status/1954653088717185400,1,batch_0001 (7).json
1954655255485935942,1954653092093350159,https://x.com/i/status/1954653092093350159,1,batch_0001 (7).json
1954655255485935942,1954653162314289291,https://x.com/i/status/1954653162314289291,1,batch_0001 (7).json
1954655255485935942,1954653263254466651,https://x.com/i/status/1954653263254466651,1,batch_0001 (7).json
1954655255485935942,1954653372159783282,https://x.com/i/status/1954653372159783282,1,batch_0001 (7).json
1954655255485935942,1954653373682029021,https://x.com/i/status/1954653373682029021,1,batch_0001 (7).json
1954655255485935942,1954653518616522809,https://x.com/i/status/1954653518616522809,1,batch_0001 (7).json
1954655255485935942,1954653586832449562,https://x.com/i/status/1954653586832449562,1,batch_0001 (7).json
1954655255485935942,1954653622903464242,https://x.com/i/status/1954653622903464242,1,batch_0001 (7).json
1954655255485935942,1954653628687376431,https://x.com/i/status/1954653628687376431,1,batch_0001 (7).json
1954655255485935942,1954653736208584716,https://x.com/i/status/1954653736208584716,1,batch_0001 (7).json
1954655255485935942,1954653816571179475,https://x.com/i/status/1954653816571179475,1,batch_0001 (7).json
1954655255485935942,1954653845033984041,https://x.com/i/status/1954653845033984041,1,batch_0001 (7).json
1954655255485935942,1954653935807181192,https://x.com/i/status/1954653935807181192,1,batch_0001 (7).json
1954655255485935942,1954654098047057953,https://x.com/i/status/1954654098047057953,1,batch_0001 (7).json
1954655255485935942,1954654182470013178,https://x.com/i/status/1954654182470013178,1,batch_0001 (7).json
1954655255485935942,1954654304218079232,https://x.com/i/status/1954654304218079232,1,batch_0001 (7).json
1954655255485935942,1954654305039827260,https://x.com/i/status/1954654305039827260,1,batch_0001 (7).json
1954655255485935942,1954654351953461544,https://x.com/i/status/1954654351953461544,1,batch_0001 (7).json
1954655255485935942,1954654400435339488,https://x.com/i/status/1954654400435339488,1,batch_0001 (7).json
1954655255485935942,1954654436069929430,https://x.com/i/status/1954654436069929430,1,batch_0001 (7).json
1954655255485935942,1954654555360420115,https://x.com/i/status/1954654555360420115,1,batch_0001 (7).json
1954655255485935942,1954654636087914517,https://x.com/i/status/1954654636087914517,1,batch_0001 (7).json
1954655255485935942,1954654637367394724,https://x.com/i/status/1954654637367394724,1,batch_0001 (7).json
1954655255485935942,1954654664785612918,https://x.com/i/status/1954654664785612918,1,batch_0001 (7).json
1954655255485935942,1954654679650193662,https://x.com/i/status/1954654679650193662,1,batch_0001 (7).json
1954655255485935942,1954654694309028064,https://x.com/i/status/1954654694309028064,1,batch_0001 (7).json
1954655255485935942,1954654754342056390,https://x.com/i/status/1954654754342056390,1,batch_0001 (7).json
1954655255485935942,1954654883321098435,https://x.com/i/status/1954654883321098435,1,batch_0001 (7).json
1954655255485935942,1954654885120704662,https://x.com/i/status/1954654885120704662,1,batch_0001 (7).json
1954655255485935942,1954654932457709947,https://x.com/i/status/1954654932457709947,1,batch_0001 (7).json
1954655255485935942,1954654975411323127,https://x.com/i/status/1954654975411323127,1,batch_0001 (7).json
1954655255485935942,1954655052175470594,https://x.com/i/status/1954655052175470594,1,batch_0001 (7).json
1954655255485935942,1954655055812219280,https://x.com/i/status/1954655055812219280,1,batch_0001 (7).json
1954655255485935942,1954655088208961954,https://x.com/i/status/1954655088208961954,1,batch_0001 (7).json
1954655255485935942,1954655186175291800,https://x.com/i/status/1954655186175291800,1,batch_0001 (7).json
1954655255485935942,1954655257012932979,https://x.com/i/status/1954655257012932979,1,batch_0001 (7).json
1954655255485935942,1954655262062592252,https://x.com/i/status/1954655262062592252,1,batch_0001 (7).json
1954655255485935942,1954655290936438853,https://x.com/i/status/1954655290936438853,1,batch_0001 (7).json
1954655255485935942,1954655448029671909,https://x.com/i/status/1954655448029671909,1,batch_0001 (7).json
1954655255485935942,1954655698408943914,https://x.com/i/status/1954655698408943914,1,batch_0001 (7).json
1954655255485935942,1954655704951738379,https://x.com/i/status/1954655704951738379,1,batch_0001 (7).json
1954655255485935942,1954655865912414411,https://x.com/i/status/1954655865912414411,1,batch_0001 (7).json
1954655255485935942,1954655868219515036,https://x.com/i/status/1954655868219515036,1,batch_0001 (7).json
1954655255485935942,1954655875982860605,https://x.com/i/status/1954655875982860605,1,batch_0001 (7).json
1954655255485935942,1954655887932444855,https://x.com/i/status/1954655887932444855,1,batch_0001 (7).json
1954655255485935942,1954655970677973059,https://x.com/i/status/1954655970677973059,1,batch_0001 (7).json
1954655255485935942,1954656069214441795,https://x.com/i/status/1954656069214441795,1,batch_0001 (7).json
1954655255485935942,1954656098868457859,https://x.com/i/status/1954656098868457859,1,batch_0001 (7).json
1954655255485935942,1954656218385166844,https://x.com/i/status/1954656218385166844,1,batch_0001 (7).json
1954655255485935942,1954656235862503629,https://x.com/i/status/1954656235862503629,1,batch_0001 (7).json
1954655255485935942,1954656242913435720,https://x.com/i/status/1954656242913435720,1,batch_0001 (7).json
1954655255485935942,1954656639132320217,https://x.com/i/status/1954656639132320217,1,batch_0001 (7).json
1954655255485935942,1954656724369191143,https://x.com/i/status/1954656724369191143,1,batch_0001 (7).json
1954655255485935942,1954656914878484968,https://x.com/i/status/1954656914878484968,1,batch_0001 (7).json
1954655255485935942,1954656997007360058,https://x.com/i/status/1954656997007360058,1,batch_0001 (7).json
1954655255485935942,1954657047905267718,https://x.com/i/status/1954657047905267718,1,batch_0001 (7).json
1954655255485935942,1954657172924793103,https://x.com/i/status/1954657172924793103,1,batch_0001 (7).json
1954655255485935942,1954657525099614599,https://x.com/i/status/1954657525099614599,1,batch_0001 (7).json
1954655255485935942,1954657622906519884,https://x.com/i/status/1954657622906519884,1,batch_0001 (7).json
1954655255485935942,1954657864250986859,https://x.com/i/status/1954657864250986859,1,batch_0001 (7).json
1954655255485935942,1954658107738755548,https://x.com/i/status/1954658107738755548,1,batch_0001 (7).json
1954655255485935942,1954658162713514457,https://x.com/i/status/1954658162713514457,1,batch_0001 (7).json
1954655255485935942,1954658254220394521,https://x.com/i/status/1954658254220394521,1,batch_0001 (7).json
1954655255485935942,1954658283488526340,https://x.com/i/status/1954658283488526340,1,batch_0001 (7).json
1954655255485935942,1954658307291087136,https://x.com/i/status/1954658307291087136,1,batch_0001 (7).json
1954655255485935942,1954658608366715384,https://x.com/i/status/1954658608366715384,1,batch_0001 (7).json
1954655255485935942,1954658912256610779,https://x.com/i/status/1954658912256610779,1,batch_0001 (7).json
1954655255485935942,1954659032121417748,https://x.com/i/status/1954659032121417748,1,batch_0001 (7).json
1954655255485935942,1954659122114445793,https://x.com/i/status/1954659122114445793,1,batch_0001 (7).json
1954655255485935942,1954659254092042526,https://x.com/i/status/1954659254092042526,1,batch_0001 (7).json
1954655255485935942,1954659640861724789,https://x.com/i/status/1954659640861724789,1,batch_0001 (7).json
1954655255485935942,1954659644586311951,https://x.com/i/status/1954659644586311951,1,batch_0001 (7).json
1954655255485935942,1954659708415230111,https://x.com/i/status/1954659708415230111,1,batch_0001 (7).json
1954655255485935942,1954659982856827290,https://x.com/i/status/1954659982856827290,1,batch_0001 (7).json
1954655255485935942,1954660151853797681,https://x.com/i/status/1954660151853797681,1,batch_0001 (7).json
1954655255485935942,1954660155292864891,https://x.com/i/status/1954660155292864891,1,batch_0001 (7).json
1954655255485935942,1954660519690084385,https://x.com/i/status/1954660519690084385,1,batch_0001 (7).json
1954655255485935942,1954660623578485118,https://x.com/i/status/1954660623578485118,1,batch_0001 (7).json
1954655255485935942,1954660783222124874,https://x.com/i/status/1954660783222124874,1,batch_0001 (7).json
1954655255485935942,1954660805242184052,https://x.com/i/status/1954660805242184052,1,batch_0001 (7).json
1954655255485935942,1954661666823758173,https://x.com/i/status/1954661666823758173,1,batch_0001 (7).json
1954655255485935942,1954661874748014681,https://x.com/i/status/1954661874748014681,1,batch_0001 (7).json
1954655255485935942,1954662638111310231,https://x.com/i/status/1954662638111310231,1,batch_0001 (7).json
1954655255485935942,1954663025627271610,https://x.com/i/status/1954663025627271610,1,batch_0001 (7).json
1954655255485935942,1954663240903839873,https://x.com/i/status/1954663240903839873,1,batch_0001 (7).json
1954655255485935942,1954663330452324614,https://x.com/i/status/1954663330452324614,1,batch_0001 (7).json
1954655255485935942,1954663469124362665,https://x.com/i/status/1954663469124362665,1,batch_0001 (7).json
1954655255485935942,1954663717054079020,https://x.com/i/status/1954663717054079020,1,batch_0001 (7).json
1954655255485935942,1954663891847512343,https://x.com/i/status/1954663891847512343,1,batch_0001 (7).json
1954655255485935942,1954664009715626395,https://x.com/i/status/1954664009715626395,1,batch_0001 (7).json
1954655255485935942,1954664571559448655,https://x.com/i/status/1954664571559448655,1,batch_0001 (7).json
1954655255485935942,1954665002385940555,https://x.com/i/status/1954665002385940555,1,batch_0001 (7).json
1954655255485935942,1954665165951254865,https://x.com/i/status/1954665165951254865,1,batch_0001 (7).json
1954655255485935942,1954665337900736917,https://x.com/i/status/1954665337900736917,1,batch_0001 (7).json
1954655255485935942,1954665741783122082,https://x.com/i/status/1954665741783122082,1,batch_0001 (7).json
1954655255485935942,1954665997723652591,https://x.com/i/status/1954665997723652591,1,batch_0001 (7).json
1954655255485935942,1954666067919618303,https://x.com/i/status/1954666067919618303,1,batch_0001 (7).json
1954655255485935942,1954666477094871313,https://x.com/i/status/1954666477094871313,1,batch_0001 (7).json
1954655255485935942,1954666480743682099,https://x.com/i/status/1954666480743682099,1,batch_0001 (7).json
1954655255485935942,1954666703411204266,https://x.com/i/status/1954666703411204266,1,batch_0001 (7).json
1954655255485935942,1954667339586081219,https://x.com/i/status/1954667339586081219,1,batch_0001 (7).json
1954655255485935942,1954667363028074985,https://x.com/i/status/1954667363028074985,1,batch_0001 (7).json
1954655255485935942,1954667968220024999,https://x.com/i/status/1954667968220024999,1,batch_0001 (7).json
1954655255485935942,1954668162072350747,https://x.com/i/status/1954668162072350747,1,batch_0001 (7).json
1954655255485935942,1954668438959653060,https://x.com/i/status/1954668438959653060,1,batch_0001 (7).json
1954655255485935942,1954669097272406304,https://x.com/i/status/1954669097272406304,1,batch_0001 (7).json
1954655255485935942,1954669186724012489,https://x.com/i/status/1954669186724012489,1,batch_0001 (7).json
1954655255485935942,1954669422200885727,https://x.com/i/status/1954669422200885727,1,batch_0001 (7).json
1954655255485935942,1954669451225305256,https://x.com/i/status/1954669451225305256,1,batch_0001 (7).json
1954655255485935942,1954671090577629330,https://x.com/i/status/1954671090577629330,1,batch_0001 (7).json
1954655255485935942,1954671643038470198,https://x.com/i/status/1954671643038470198,1,batch_0001 (7).json
1954655255485935942,1954671975424512468,https://x.com/i/status/1954671975424512468,1,batch_0001 (7).json
1954655255485935942,1954671984971018747,https://x.com/i/status/1954671984971018747,1,batch_0001 (7).json
1954655255485935942,1954672475498856925,https://x.com/i/status/1954672475498856925,1,batch_0001 (7).json
1954655255485935942,1954672876113539335,https://x.com/i/status/1954672876113539335,1,batch_0001 (7).json
1954655255485935942,1954672967939674291,https://x.com/i/status/1954672967939674291,1,batch_0001 (7).json
1954655255485935942,1954672987111580125,https://x.com/i/status/1954672987111580125,1,batch_0001 (7).json
1954655255485935942,1954672993747030203,https://x.com/i/status/1954672993747030203,1,batch_0001 (7).json
1954655255485935942,1954673201730195600,https://x.com/i/status/1954673201730195600,1,batch_0001 (7).json
1954655255485935942,1954673295191675359,https://x.com/i/status/1954673295191675359,1,batch_0001 (7).json
1954655255485935942,1954674311694053771,https://x.com/i/status/1954674311694053771,1,batch_0001 (7).json
1954655255485935942,1954674432674312433,https://x.com/i/status/1954674432674312433,1,batch_0001 (7).json
1954655255485935942,1954675292477554945,https://x.com/i/status/1954675292477554945,1,batch_0001 (7).json
1954655255485935942,1954675543468909051,https://x.com/i/status/1954675543468909051,1,batch_0001 (7).json
1954655255485935942,1954675602482688173,https://x.com/i/status/1954675602482688173,1,batch_0001 (7).json
1954655255485935942,1954678635622793418,https://x.com/i/status/1954678635622793418,1,batch_0001 (7).json
1954655255485935942,1954679102817939546,https://x.com/i/status/1954679102817939546,1,batch_0001 (7).json
1954655255485935942,1954679391847612874,https://x.com/i/status/1954679391847612874,1,batch_0001 (7).json
1954655255485935942,1954680482777714992,https://x.com/i/status/1954680482777714992,1,batch_0001 (7).json
1954655255485935942,1954681195746214075,https://x.com/i/status/1954681195746214075,1,batch_0001 (7).json
1954655255485935942,1954682125292335262,https://x.com/i/status/1954682125292335262,1,batch_0001 (7).json
1954655255485935942,1954684317080207571,https://x.com/i/status/1954684317080207571,1,batch_0001 (7).json
1954655255485935942,1954685589292224666,https://x.com/i/status/1954685589292224666,1,batch_0001 (7).json
1954655255485935942,1954688488990810608,https://x.com/i/status/1954688488990810608,1,batch_0001 (7).json
1954655255485935942,1954688959998820727,https://x.com/i/status/1954688959998820727,1,batch_0001 (7).json
1954655255485935942,1954690283809194106,https://x.com/i/status/1954690283809194106,1,batch_0001 (7).json
1954655255485935942,1954694700759421177,https://x.com/i/status/1954694700759421177,1,batch_0001 (7).json
1954655255485935942,1954697483403055173,https://x.com/i/status/1954697483403055173,1,batch_0001 (7).json
1954655255485935942,1954697744766927178,https://x.com/i/status/1954697744766927178,1,batch_0001 (7).json
1954655255485935942,1954699230947226099,https://x.com/i/status/1954699230947226099,1,batch_0001 (7).json
1954655255485935942,1954699381233668559,https://x.com/i/status/1954699381233668559,1,batch_0001 (7).json
1954655255485935942,1954700558679634330,https://x.com/i/status/1954700558679634330,1,batch_0001 (7).json
1954655255485935942,1954706758703739031,https://x.com/i/status/1954706758703739031,1,batch_0001 (7).json
1954655255485935942,1954706927210152039,https://x.com/i/status/1954706927210152039,1,batch_0001 (7).json
1954655255485935942,1954709089637785678,https://x.com/i/status/1954709089637785678,1,batch_0001 (7).json
1954655255485935942,1954709579969024417,https://x.com/i/status/1954709579969024417,1,batch_0001 (7).json
1954655255485935942,1954711703515431324,https://x.com/i/status/1954711703515431324,1,batch_0001 (7).json
1954655255485935942,1954717048501616949,https://x.com/i/status/1954717048501616949,1,batch_0001 (7).json
1954655255485935942,1954730601304785399,https://x.com/i/status/1954730601304785399,1,batch_0001 (7).json
1954655255485935942,1954733139269743020,https://x.com/i/status/1954733139269743020,1,batch_0001 (7).json
1954655255485935942,1954738386054332532,https://x.com/i/status/1954738386054332532,1,batch_0001 (7).json
1954655255485935942,1954742110793724256,https://x.com/i/status/1954742110793724256,1,batch_0001 (7).json
1954655255485935942,1954742559898472825,https://x.com/i/status/1954742559898472825,1,batch_0001 (7).json
1954655255485935942,1954742561970462809,https://x.com/i/status/1954742561970462809,1,batch_0001 (7).json
1954655255485935942,1954747004036256106,https://x.com/i/status/1954747004036256106,1,batch_0001 (7).json
1954655255485935942,1954747570468630761,https://x.com/i/status/1954747570468630761,1,batch_0001 (7).json
1954655255485935942,1954748331504079141,https://x.com/i/status/1954748331504079141,1,batch_0001 (7).json
1954655255485935942,1954749233170673711,https://x.com/i/status/1954749233170673711,1,batch_0001 (7).json
1954655255485935942,1954749869308207205,https://x.com/i/status/1954749869308207205,1,batch_0001 (7).json
1954655255485935942,1954750937450389660,https://x.com/i/status/1954750937450389660,1,batch_0001 (7).json
1954655255485935942,1954753356489969709,https://x.com/i/status/1954753356489969709,1,batch_0001 (7).json
1954655255485935942,1954753638892503150,https://x.com/i/status/1954753638892503150,1,batch_0001 (7).json
1954655255485935942,1954754770624782754,https://x.com/i/status/1954754770624782754,1,batch_0001 (7).json
1954655255485935942,1954754778933658019,https://x.com/i/status/1954754778933658019,1,batch_0001 (7).json
1954655255485935942,1954759204742242792,https://x.com/i/status/1954759204742242792,1,batch_0001 (7).json
1954655255485935942,1954759834676449685,https://x.com/i/status/1954759834676449685,1,batch_0001 (7).json
1954655255485935942,1954765369786110181,https://x.com/i/status/1954765369786110181,1,batch_0001 (7).json
1954655255485935942,1954772607284236447,https://x.com/i/status/1954772607284236447,1,batch_0001 (7).json
1954655255485935942,1954779144648102070,https://x.com/i/status/1954779144648102070,1,batch_0001 (7).json
1954655255485935942,1954782405597827283,https://x.com/i/status/1954782405597827283,1,batch_0001 (7).json
1954655255485935942,1954782456172654599,https://x.com/i/status/1954782456172654599,1,batch_0001 (7).json
1954655255485935942,1954783820126822548,https://x.com/i/status/1954783820126822548,1,batch_0001 (7).json
1954655255485935942,1954785677758898546,https://x.com/i/status/1954785677758898546,1,batch_0001 (7).json
1954655255485935942,1954786590724665548,https://x.com/i/status/1954786590724665548,1,batch_0001 (7).json
1954655255485935942,1954787338166395113,https://x.com/i/status/1954787338166395113,1,batch_0001 (7).json
1954655255485935942,1954787474410004551,https://x.com/i/status/1954787474410004551,1,batch_0001 (7).json
1954655255485935942,1954788742515855853,https://x.com/i/status/1954788742515855853,1,batch_0001 (7).json
1954655255485935942,1954788768566636805,https://x.com/i/status/1954788768566636805,1,batch_0001 (7).json
1954655255485935942,1954791390308970706,https://x.com/i/status/1954791390308970706,1,batch_0001 (7).json
1954655255485935942,1954791432960495923,https://x.com/i/status/1954791432960495923,1,batch_0001 (7).json
1954655255485935942,1954791904823964033,https://x.com/i/status/1954791904823964033,1,batch_0001 (7).json
1954655255485935942,1954795492363084036,https://x.com/i/status/1954795492363084036,1,batch_0001 (7).json
1954655255485935942,1954797212615209160,https://x.com/i/status/1954797212615209160,1,batch_0001 (7).json
1954655255485935942,1954809255074074752,https://x.com/i/status/1954809255074074752,1,batch_0001 (7).json
1954655255485935942,1954811456542605402,https://x.com/i/status/1954811456542605402,1,batch_0001 (7).json
1954655255485935942,1954816729894289470,https://x.com/i/status/1954816729894289470,1,batch_0001 (7).json
1954655255485935942,1954817972096106984,https://x.com/i/status/1954817972096106984,1,batch_0001 (7).json
1954655255485935942,1954819378538525011,https://x.com/i/status/1954819378538525011,1,batch_0001 (7).json
1954655255485935942,1954823090283680195,https://x.com/i/status/1954823090283680195,1,batch_0001 (7).json
1954655255485935942,1954829922540695891,https://x.com/i/status/1954829922540695891,1,batch_0001 (7).json
1954655255485935942,1954830360493105253,https://x.com/i/status/1954830360493105253,1,batch_0001 (7).json
1954655255485935942,1954832651761987684,https://x.com/i/status/1954832651761987684,1,batch_0001 (7).json
1954655255485935942,1954844208205910461,https://x.com/i/status/1954844208205910461,1,batch_0001 (7).json
1954655255485935942,1954856877394739240,https://x.com/i/status/1954856877394739240,1,batch_0001 (7).json
1954655255485935942,1954864214431924403,https://x.com/i/status/1954864214431924403,1,batch_0001 (7).json
1954655255485935942,1954864370611032528,https://x.com/i/status/1954864370611032528,1,batch_0001 (7).json
1954655255485935942,1954866568904487376,https://x.com/i/status/1954866568904487376,1,batch_0001 (7).json
1954655255485935942,1954867866999701874,https://x.com/i/status/1954867866999701874,1,batch_0001 (7).json
1954655255485935942,1954883858731782374,https://x.com/i/status/1954883858731782374,1,batch_0001 (7).json
1954655255485935942,1954887693554405709,https://x.com/i/status/1954887693554405709,1,batch_0001 (7).json
1954655255485935942,1954890043216023929,https://x.com/i/status/1954890043216023929,1,batch_0001 (7).json
1954655255485935942,1954890911298855152,https://x.com/i/status/1954890911298855152,1,batch_0001 (7).json
1954655255485935942,1954891108460445892,https://x.com/i/status/1954891108460445892,1,batch_0001 (7).json
1954655255485935942,1954895153686098191,https://x.com/i/status/1954895153686098191,1,batch_0001 (7).json
1954655255485935942,1954899340176372143,https://x.com/i/status/1954899340176372143,1,batch_0001 (7).json
1954655255485935942,1954900834736894013,https://x.com/i/status/1954900834736894013,1,batch_0001 (7).json
1954655255485935942,1954910698334748949,https://x.com/i/status/1954910698334748949,1,batch_0001 (7).json
1954655255485935942,1954914843279970655,https://x.com/i/status/1954914843279970655,1,batch_0001 (7).json
1954655255485935942,1954919444867613100,https://x.com/i/status/1954919444867613100,1,batch_0001 (7).json
1954655255485935942,1954923451724317118,https://x.com/i/status/1954923451724317118,1,batch_0001 (7).json
1954655255485935942,1954933827521986925,https://x.com/i/status/1954933827521986925,1,batch_0001 (7).json
1954655255485935942,1954934969970909460,https://x.com/i/status/1954934969970909460,1,batch_0001 (7).json
1954655255485935942,1954936114017452280,https://x.com/i/status/1954936114017452280,1,batch_0001 (7).json
1954655255485935942,1954941287984996698,https://x.com/i/status/1954941287984996698,1,batch_0001 (7).json
1954655255485935942,1954961472741880019,https://x.com/i/status/1954961472741880019,1,batch_0001 (7).json
1954655255485935942,1954972692857180229,https://x.com/i/status/1954972692857180229,1,batch_0001 (7).json
1954655255485935942,1954981265972867331,https://x.com/i/status/1954981265972867331,1,batch_0001 (7).json
1954655255485935942,1955081221383582042,https://x.com/i/status/1955081221383582042,1,batch_0001 (7).json
1954655255485935942,1955120767869260080,https://x.com/i/status/1955120767869260080,1,batch_0001 (7).json
1954655255485935942,1955132291149336963,https://x.com/i/status/1955132291149336963,1,batch_0001 (7).json
1954655255485935942,1955182203387724218,https://x.com/i/status/1955182203387724218,1,batch_0001 (7).json
1954655255485935942,1955242723583132148,https://x.com/i/status/1955242723583132148,1,batch_0001 (7).json
1954655255485935942,1955339353179267131,https://x.com/i/status/1955339353179267131,1,batch_0001 (7).json
1954655255485935942,1955418540053500387,https://x.com/i/status/1955418540053500387,1,batch_0001 (7).json
1954655255485935942,1955972277234807000,https://x.com/i/status/1955972277234807000,1,batch_0001 (7).json
1954655255485935942,1955972395048607900,https://x.com/i/status/1955972395048607900,1,batch_0001 (7).json
1954655255485935942,1955972432998600830,https://x.com/i/status/1955972432998600830,1,batch_0001 (7).json
1954655255485935942,1955972474203475977,https://x.com/i/status/1955972474203475977,1,batch_0001 (7).json
1954655255485935942,1955972584983404641,https://x.com/i/status/1955972584983404641,1,batch_0001 (7).json
1954655255485935942,1955972683134332962,https://x.com/i/status/1955972683134332962,1,batch_0001 (7).json
1954655255485935942,1955972708174348625,https://x.com/i/status/1955972708174348625,1,batch_0001 (7).json
1954655255485935942,1955972743855325442,https://x.com/i/status/1955972743855325442,1,batch_0001 (7).json
1954655255485935942,1955972799144636809,https://x.com/i/status/1955972799144636809,1,batch_0001 (7).json
1954655255485935942,1955972909026988417,https://x.com/i/status/1955972909026988417,1,batch_0001 (7).json
1954655255485935942,1955972952291229935,https://x.com/i/status/1955972952291229935,1,batch_0001 (7).json
1955680221442842704,1954927094422716537,https://x.com/i/status/1954927094422716537,1,batch_0002 (1).json
1955680221442842704,1954936615157297506,https://x.com/i/status/1954936615157297506,1,batch_0002 (1).json
1955680221442842704,1954944636109344975,https://x.com/i/status/1954944636109344975,1,batch_0002 (1).json
1955680221442842704,1954951197036778004,https://x.com/i/status/1954951197036778004,1,batch_0002 (1).json
1955680221442842704,1954952262603653458,https://x.com/i/status/1954952262603653458,1,batch_0002 (1).json
1955680221442842704,1954954046865027481,https://x.com/i/status/1954954046865027481,1,batch_0002 (1).json
1955680221442842704,1954964731841974410,https://x.com/i/status/1954964731841974410,1,batch_0002 (1).json
1955680221442842704,1954966260497911928,https://x.com/i/status/1954966260497911928,1,batch_0002 (1).json
1955680221442842704,1954966272233664537,https://x.com/i/status/1954966272233664537,1,batch_0002 (1).json
1955680221442842704,1954971405885522312,https://x.com/i/status/1954971405885522312,1,batch_0002 (1).json
1955680221442842704,1954971605777739928,https://x.com/i/status/1954971605777739928,1,batch_0002 (1).json
1955680221442842704,1954982926409736226,https://x.com/i/status/1954982926409736226,1,batch_0002 (1).json
1955680221442842704,1954983196757782861,https://x.com/i/status/1954983196757782861,1,batch_0002 (1).json
1955680221442842704,1954991357984116952,https://x.com/i/status/1954991357984116952,1,batch_0002 (1).json
1955680221442842704,1954991470940958802,https://x.com/i/status/1954991470940958802,1,batch_0002 (1).json
1955680221442842704,1955007591760920777,https://x.com/i/status/1955007591760920777,1,batch_0002 (1).json
1955680221442842704,1955016330144518160,https://x.com/i/status/1955016330144518160,1,batch_0002 (1).json
1955680221442842704,1955017365315547414,https://x.com/i/status/1955017365315547414,1,batch_0002 (1).json
1955680221442842704,1955052342669168780,https://x.com/i/status/1955052342669168780,1,batch_0002 (1).json
1955680221442842704,1955063018993102848,https://x.com/i/status/1955063018993102848,1,batch_0002 (1).json
1955680221442842704,1955063876866769187,https://x.com/i/status/1955063876866769187,1,batch_0002 (1).json
1955680221442842704,1955137951580491927,https://x.com/i/status/1955137951580491927,1,batch_0002 (1).json
1955680221442842704,1955215186052153661,https://x.com/i/status/1955215186052153661,1,batch_0002 (1).json
1955680221442842704,1955233204396494993,https://x.com/i/status/1955233204396494993,1,batch_0002 (1).json
1955680221442842704,1955263465355890860,https://x.com/i/status/1955263465355890860,1,batch_0002 (1).json
1955680221442842704,1955263609031782563,https://x.com/i/status/1955263609031782563,1,batch_0002 (1).json
1955680221442842704,1955277158139441401,https://x.com/i/status/1955277158139441401,1,batch_0002 (1).json
1955680221442842704,1955341291862065173,https://x.com/i/status/1955341291862065173,1,batch_0002 (1).json
1955680221442842704,1955360205694439576,https://x.com/i/status/1955360205694439576,1,batch_0002 (1).json
1955680221442842704,1955481844763463878,https://x.com/i/status/1955481844763463878,1,batch_0002 (1).json
1955680221442842704,1955512326796513581,https://x.com/i/status/1955512326796513581,1,batch_0002 (1).json
1968193508897919288,1967698517801177436,https://x.com/i/status/1967698517801177436,1,batch_0003.json
1968193508897919288,1967958907323564457,https://x.com/i/status/1967958907323564457,1,batch_0003.json
1978800336350454092,1978594015194050572,https://x.com/i/status/1978594015194050572,1,batch_0002 (1).json
1978800336350454092,1978616068374466858,https://x.com/i/status/1978616068374466858,1,batch_0002 (1).json
1978800336350454092,1978622084872872019,https://x.com/i/status/1978622084872872019,1,batch_0002 (1).json
1978800336350454092,1978630531941007499,https://x.com/i/status/1978630531941007499,1,batch_0002 (1).json
1978800336350454092,1978636983548440789,https://x.com/i/status/1978636983548440789,1,batch_0002 (1).json
1978800336350454092,1978650856103743553,https://x.com/i/status/1978650856103743553,1,batch_0002 (1).json
1978800336350454092,1978655021077245986,https://x.com/i/status/1978655021077245986,1,batch_0002 (1).json
1978800336350454092,1978658249168601595,https://x.com/i/status/1978658249168601595,1,batch_0002 (1).json
1978800336350454092,1978686135929905155,https://x.com/i/status/1978686135929905155,1,batch_0002 (1).json
1978800336350454092,1978691076186575004,https://x.com/i/status/1978691076186575004,1,batch_0002 (1).json
1978800336350454092,1978698987075964980,https://x.com/i/status/1978698987075964980,1,batch_0002 (1).json
1978800336350454092,1978719462023983423,https://x.com/i/status/1978719462023983423,1,batch_0002 (1).json
1978800336350454092,1978735948977352759,https://x.com/i/status/1978735948977352759,1,batch_0002 (1).json
1978800336350454092,1978742420830355478,https://x.com/i/status/1978742420830355478,1,batch_0002 (1).json
1978800336350454092,1978746082201829478,https://x.com/i/status/1978746082201829478,1,batch_0002 (1).json
1978800336350454092,1978754881595888107,https://x.com/i/status/1978754881595888107,1,batch_0002 (1).json
1978800336350454092,1978758686269952259,https://x.com/i/status/1978758686269952259,1,batch_0002 (1).json
1978800336350454092,1978768248175829007,https://x.com/i/status/1978768248175829007,1,batch_0002 (1).json
1987886800413901036,1987669683345244628,https://x.com/i/status/1987669683345244628,1,batch_0001 (9).json
1987886800413901036,1987840440155123883,https://x.com/i/status/1987840440155123883,1,batch_0001 (9).json
1992032860845338845,1991913829111140601,https://x.com/i/status/1991913829111140601,1,batch_0002 (1).json
1992032860845338845,1991952709520679234,https://x.com/i/status/1991952709520679234,1,batch_0002 (1).json
1992032860845338845,1991956999077261368,https://x.com/i/status/1991956999077261368,1,batch_0002 (1).json
1992032860845338845,1991962762482978909,https://x.com/i/status/1991962762482978909,1,batch_0002 (1).json
1992032860845338845,1991963118550057435,https://x.com/i/status/1991963118550057435,1,batch_0002 (1).json
1992032860845338845,1991963150644912178,https://x.com/i/status/1991963150644912178,1,batch_0002 (1).json
1992032860845338845,1991963237869654046,https://x.com/i/status/1991963237869654046,1,batch_0002 (1).json
1992032860845338845,1991973910469108000,https://x.com/i/status/1991973910469108000,1,batch_0002 (1).json
1992032860845338845,1991998844192878914,https://x.com/i/status/1991998844192878914,1,batch_0002 (1).json
1992032860845338845,1992044511636361645,https://x.com/i/status/1992044511636361645,1,batch_0002 (1).json
1992032860845338845,1992280654134808756,https://x.com/i/status/1992280654134808756,1,batch_0002 (1).json
1992032860845338845,1992287096086892831,https://x.com/i/status/1992287096086892831,1,batch_0002 (1).json
1992032860845338845,1992320947207196869,https://x.com/i/status/1992320947207196869,1,batch_0002 (1).json
1992032860845338845,1992418682937717039,https://x.com/i/status/1992418682937717039,1,batch_0002 (1).json
1992032860845338845,1992425164689248538,https://x.com/i/status/1992425164689248538,1,batch_0002 (1).json
1992032860845338845,1995255060645740681,https://x.com/i/status/1995255060645740681,1,batch_0002 (1).json
1998754797235663080,1998586825192128801,https://x.com/i/status/1998586825192128801,1,batch_0003.json
1998754797235663080,1998687988646097087,https://x.com/i/status/1998687988646097087,1,batch_0003.json
1998754797235663080,1998690009986273401,https://x.com/i/status/1998690009986273401,1,batch_0003.json
2010376376075821251,2010072638639767740,https://x.com/i/status/2010072638639767740,1,batch_0001 (9).json
2010376376075821251,2010103768726241513,https://x.com/i/status/2010103768726241513,1,batch_0001 (9).json
2010376376075821251,2010104133047726383,https://x.com/i/status/2010104133047726383,1,batch_0001 (9).json
2010376376075821251,2010104611810824293,https://x.com/i/status/2010104611810824293,1,batch_0001 (9).json
2010376376075821251,2010107794490568979,https://x.com/i/status/2010107794490568979,1,batch_0001 (9).json
2010376376075821251,2010107982416359926,https://x.com/i/status/2010107982416359926,1,batch_0001 (9).json
2010376376075821251,2010108055523078298,https://x.com/i/status/2010108055523078298,1,batch_0001 (9).json
2010376376075821251,2010109269308490153,https://x.com/i/status/2010109269308490153,1,batch_0001 (9).json
2010376376075821251,2010111860809613325,https://x.com/i/status/2010111860809613325,1,batch_0001 (9).json
2010376376075821251,2010116270969287130,https://x.com/i/status/2010116270969287130,1,batch_0001 (9).json
2010376376075821251,2010121762986488028,https://x.com/i/status/2010121762986488028,1,batch_0001 (9).json
2010376376075821251,2010124206294401085,https://x.com/i/status/2010124206294401085,1,batch_0001 (9).json
2010376376075821251,2010125752608686529,https://x.com/i/status/2010125752608686529,1,batch_0001 (9).json
2010376376075821251,2010126936878834041,https://x.com/i/status/2010126936878834041,1,batch_0001 (9).json
2010376376075821251,2010130810159149266,https://x.com/i/status/2010130810159149266,1,batch_0001 (9).json
2010376376075821251,2010141459823939664,https://x.com/i/status/2010141459823939664,1,batch_0001 (9).json
2010376376075821251,2010141526299455499,https://x.com/i/status/2010141526299455499,1,batch_0001 (9).json
2010376376075821251,2010148017563635804,https://x.com/i/status/2010148017563635804,1,batch_0001 (9).json
2010376376075821251,2010149433493926266,https://x.com/i/status/2010149433493926266,1,batch_0001 (9).json
2010376376075821251,2010161970499256806,https://x.com/i/status/2010161970499256806,1,batch_0001 (9).json
2010376376075821251,2010164729545953774,https://x.com/i/status/2010164729545953774,1,batch_0001 (9).json
2010376376075821251,2010166642878361626,https://x.com/i/status/2010166642878361626,1,batch_0001 (9).json
2010376376075821251,2010166898261143869,https://x.com/i/status/2010166898261143869,1,batch_0001 (9).json
2010376376075821251,2010169427762000199,https://x.com/i/status/2010169427762000199,1,batch_0001 (9).json
2010376376075821251,2010171999285600723,https://x.com/i/status/2010171999285600723,1,batch_0001 (9).json
2010376376075821251,2010172044336603533,https://x.com/i/status/2010172044336603533,1,batch_0001 (9).json
2010376376075821251,2010173175515230714,https://x.com/i/status/2010173175515230714,1,batch_0001 (9).json
2010376376075821251,2010175200449720516,https://x.com/i/status/2010175200449720516,1,batch_0001 (9).json
2010376376075821251,2010179433748148341,https://x.com/i/status/2010179433748148341,1,batch_0001 (9).json
2010376376075821251,2010180773618626841,https://x.com/i/status/2010180773618626841,1,batch_0001 (9).json
2010376376075821251,2010180825065877543,https://x.com/i/status/2010180825065877543,1,batch_0001 (9).json
2010376376075821251,2010184781305393163,https://x.com/i/status/2010184781305393163,1,batch_0001 (9).json
2010376376075821251,2010197617679184168,https://x.com/i/status/2010197617679184168,1,batch_0001 (9).json
2010376376075821251,2010202264913559737,https://x.com/i/status/2010202264913559737,1,batch_0001 (9).json
2010376376075821251,2010204120117063831,https://x.com/i/status/2010204120117063831,1,batch_0001 (9).json
2010376376075821251,2010205402064154940,https://x.com/i/status/2010205402064154940,1,batch_0001 (9).json
2010376376075821251,2010207291283517775,https://x.com/i/status/2010207291283517775,1,batch_0001 (9).json
2010376376075821251,2010210184996794660,https://x.com/i/status/2010210184996794660,1,batch_0001 (9).json
2010376376075821251,2010210556729536599,https://x.com/i/status/2010210556729536599,1,batch_0001 (9).json
2010376376075821251,2010216766568575361,https://x.com/i/status/2010216766568575361,1,batch_0001 (9).json
2010376376075821251,2010219632985288790,https://x.com/i/status/2010219632985288790,1,batch_0001 (9).json
2010376376075821251,2010221607860818177,https://x.com/i/status/2010221607860818177,1,batch_0001 (9).json
2010376376075821251,2010223098382193042,https://x.com/i/status/2010223098382193042,1,batch_0001 (9).json
2010376376075821251,2010224649175761382,https://x.com/i/status/2010224649175761382,1,batch_0001 (9).json
2010376376075821251,2010235556408766724,https://x.com/i/status/2010235556408766724,1,batch_0001 (9).json
2010376376075821251,2010238573245796853,https://x.com/i/status/2010238573245796853,1,batch_0001 (9).json
2010376376075821251,2010239050536689963,https://x.com/i/status/2010239050536689963,1,batch_0001 (9).json
2010376376075821251,2010239601600872616,https://x.com/i/status/2010239601600872616,1,batch_0001 (9).json
2010376376075821251,2010241741694349750,https://x.com/i/status/2010241741694349750,1,batch_0001 (9).json
2010376376075821251,2010245129857380413,https://x.com/i/status/2010245129857380413,1,batch_0001 (9).json
2010376376075821251,2010254617817587977,https://x.com/i/status/2010254617817587977,1,batch_0001 (9).json
2010376376075821251,2010256501987049751,https://x.com/i/status/2010256501987049751,1,batch_0001 (9).json
2010376376075821251,2010265530532540836,https://x.com/i/status/2010265530532540836,1,batch_0001 (9).json
2010376376075821251,2010266088223961478,https://x.com/i/status/2010266088223961478,1,batch_0001 (9).json
2010376376075821251,2010270696518377545,https://x.com/i/status/2010270696518377545,1,batch_0001 (9).json
2010376376075821251,2010284401306059150,https://x.com/i/status/2010284401306059150,1,batch_0001 (9).json
2010376376075821251,2010287253390795206,https://x.com/i/status/2010287253390795206,1,batch_0001 (9).json
2010376376075821251,2010308369085817179,https://x.com/i/status/2010308369085817179,1,batch_0001 (9).json
2010376376075821251,2010311940229484946,https://x.com/i/status/2010311940229484946,1,batch_0001 (9).json
2010376376075821251,2010313189788114986,https://x.com/i/status/2010313189788114986,1,batch_0001 (9).json
2010376376075821251,2010344900790030410,https://x.com/i/status/2010344900790030410,1,batch_0001 (9).json
2010376376075821251,2010350431483142646,https://x.com/i/status/2010350431483142646,1,batch_0001 (9).json
2010376376075821251,2010352521869701485,https://x.com/i/status/2010352521869701485,1,batch_0001 (9).json
2010376376075821251,2010356779004391455,https://x.com/i/status/2010356779004391455,1,batch_0001 (9).json
2010376376075821251,2010359974577213819,https://x.com/i/status/2010359974577213819,1,batch_0001 (9).json
2010376376075821251,2010363954678427811,https://x.com/i/status/2010363954678427811,1,batch_0001 (9).json
2010376376075821251,2010376778850902271,https://x.com/i/status/2010376778850902271,1,batch_0001 (9).json
2010376376075821251,2010383015042863371,https://x.com/i/status/2010383015042863371,1,batch_0001 (9).json
2010376376075821251,2010386379478630452,https://x.com/i/status/2010386379478630452,1,batch_0001 (9).json
2010376376075821251,2010387116698579402,https://x.com/i/status/2010387116698579402,1,batch_0001 (9).json
2010376376075821251,2010389033612980224,https://x.com/i/status/2010389033612980224,1,batch_0001 (9).json
2010376376075821251,2010390126199750737,https://x.com/i/status/2010390126199750737,1,batch_0001 (9).json
2010376376075821251,2010393896791208192,https://x.com/i/status/2010393896791208192,1,batch_0001 (9).json
2010376376075821251,2010399780527100269,https://x.com/i/status/2010399780527100269,1,batch_0001 (9).json
2010376376075821251,2010403109718429712,https://x.com/i/status/2010403109718429712,1,batch_0001 (9).json
2010376376075821251,2010406547730436407,https://x.com/i/status/2010406547730436407,1,batch_0001 (9).json
2010376376075821251,2010407317884580053,https://x.com/i/status/2010407317884580053,1,batch_0001 (9).json
2010376376075821251,2010414551918096625,https://x.com/i/status/2010414551918096625,1,batch_0001 (9).json
2010376376075821251,2010418688869155222,https://x.com/i/status/2010418688869155222,1,batch_0001 (9).json
2010376376075821251,2010423349030326292,https://x.com/i/status/2010423349030326292,1,batch_0001 (9).json
2010376376075821251,2010423929316466952,https://x.com/i/status/2010423929316466952,1,batch_0001 (9).json
2010376376075821251,2010428973273211085,https://x.com/i/status/2010428973273211085,1,batch_0001 (9).json
2010376376075821251,2010431742382051781,https://x.com/i/status/2010431742382051781,1,batch_0001 (9).json
2010376376075821251,2010436298511974673,https://x.com/i/status/2010436298511974673,1,batch_0001 (9).json
2010376376075821251,2010440519835688986,https://x.com/i/status/2010440519835688986,1,batch_0001 (9).json
2010376376075821251,2010440830478438618,https://x.com/i/status/2010440830478438618,1,batch_0001 (9).json
2010376376075821251,2010442581659013536,https://x.com/i/status/2010442581659013536,1,batch_0001 (9).json
2010376376075821251,2010444454843543871,https://x.com/i/status/2010444454843543871,1,batch_0001 (9).json
2010376376075821251,2010447394069196936,https://x.com/i/status/2010447394069196936,1,batch_0001 (9).json
2010376376075821251,2010449151134511551,https://x.com/i/status/2010449151134511551,1,batch_0001 (9).json
2010376376075821251,2010452287534362746,https://x.com/i/status/2010452287534362746,1,batch_0001 (9).json
2010376376075821251,2010452783078818250,https://x.com/i/status/2010452783078818250,1,batch_0001 (9).json
2010376376075821251,2010455180593274956,https://x.com/i/status/2010455180593274956,1,batch_0001 (9).json
2010376376075821251,2010457280727396797,https://x.com/i/status/2010457280727396797,1,batch_0001 (9).json
2010376376075821251,2010469934275699032,https://x.com/i/status/2010469934275699032,1,batch_0001 (9).json
2010376376075821251,2010470672758448495,https://x.com/i/status/2010470672758448495,1,batch_0001 (9).json
2010376376075821251,2010471648227704867,https://x.com/i/status/2010471648227704867,1,batch_0001 (9).json
2010376376075821251,2010473483231518961,https://x.com/i/status/2010473483231518961,1,batch_0001 (9).json
2010376376075821251,2010481224809132125,https://x.com/i/status/2010481224809132125,1,batch_0001 (9).json
2010376376075821251,2010484495925829821,https://x.com/i/status/2010484495925829821,1,batch_0001 (9).json
2010376376075821251,2010501969803157857,https://x.com/i/status/2010501969803157857,1,batch_0001 (9).json
2010376376075821251,2010503005695537224,https://x.com/i/status/2010503005695537224,1,batch_0001 (9).json
2010376376075821251,2010519466459697280,https://x.com/i/status/2010519466459697280,1,batch_0001 (9).json
2010376376075821251,2010520544970736105,https://x.com/i/status/2010520544970736105,1,batch_0001 (9).json
2010376376075821251,2010522264526098907,https://x.com/i/status/2010522264526098907,1,batch_0001 (9).json
2010376376075821251,2010536390875025874,https://x.com/i/status/2010536390875025874,1,batch_0001 (9).json
2010376376075821251,2010556855714492635,https://x.com/i/status/2010556855714492635,1,batch_0001 (9).json
2010376376075821251,2010557968970916239,https://x.com/i/status/2010557968970916239,1,batch_0001 (9).json
2010376376075821251,2010575929685479544,https://x.com/i/status/2010575929685479544,1,batch_0001 (9).json
2010376376075821251,2010580631835832771,https://x.com/i/status/2010580631835832771,1,batch_0001 (9).json
2010376376075821251,2010585465364328790,https://x.com/i/status/2010585465364328790,1,batch_0001 (9).json
2010376376075821251,2010641717448605742,https://x.com/i/status/2010641717448605742,1,batch_0001 (9).json
2010376376075821251,2010653174634606816,https://x.com/i/status/2010653174634606816,1,batch_0001 (9).json
2010376376075821251,2010654270417473606,https://x.com/i/status/2010654270417473606,1,batch_0001 (9).json
2010376376075821251,2010661831686459747,https://x.com/i/status/2010661831686459747,1,batch_0001 (9).json
2010376376075821251,2010739839457788334,https://x.com/i/status/2010739839457788334,1,batch_0001 (9).json
2010376376075821251,2010743103234441247,https://x.com/i/status/2010743103234441247,1,batch_0001 (9).json
2010376376075821251,2010759465986113672,https://x.com/i/status/2010759465986113672,1,batch_0001 (9).json
2010376376075821251,2010759589692919949,https://x.com/i/status/2010759589692919949,1,batch_0001 (9).json
2010376376075821251,2010763725956079638,https://x.com/i/status/2010763725956079638,1,batch_0001 (9).json
2010376376075821251,2010773517667635296,https://x.com/i/status/2010773517667635296,1,batch_0001 (9).json
2010376376075821251,2010776802659041530,https://x.com/i/status/2010776802659041530,1,batch_0001 (9).json
2010376376075821251,2010780074438701450,https://x.com/i/status/2010780074438701450,1,batch_0001 (9).json
2010376376075821251,2010795532558712892,https://x.com/i/status/2010795532558712892,1,batch_0001 (9).json
2010376376075821251,2010802615802872004,https://x.com/i/status/2010802615802872004,1,batch_0001 (9).json
2010376376075821251,2010811860807811198,https://x.com/i/status/2010811860807811198,1,batch_0001 (9).json
2010376376075821251,2010835031975923849,https://x.com/i/status/2010835031975923849,1,batch_0001 (9).json
2010376376075821251,2010873304723124373,https://x.com/i/status/2010873304723124373,1,batch_0001 (9).json
2010376376075821251,2011093249977631003,https://x.com/i/status/2011093249977631003,1,batch_0001 (9).json
2010376376075821251,2011109310722687127,https://x.com/i/status/2011109310722687127,1,batch_0001 (9).json
2010376376075821251,2011211911770374485,https://x.com/i/status/2011211911770374485,1,batch_0001 (9).json
2010376376075821251,2011238297125765384,https://x.com/i/status/2011238297125765384,1,batch_0001 (9).json
2010376376075821251,2011259526574666105,https://x.com/i/status/2011259526574666105,1,batch_0001 (9).json
2010376376075821251,2011330881265549686,https://x.com/i/status/2011330881265549686,1,batch_0001 (9).json
2010376376075821251,2011356258067222990,https://x.com/i/status/2011356258067222990,1,batch_0001 (9).json
2010376376075821251,2011613370089341190,https://x.com/i/status/2011613370089341190,1,batch_0001 (9).json
2010376376075821251,2012202692735565968,https://x.com/i/status/2012202692735565968,1,batch_0001 (9).json
2010376376075821251,2012228907001409889,https://x.com/i/status/2012228907001409889,1,batch_0001 (9).json
2010376376075821251,2012272890318635484,https://x.com/i/status/2012272890318635484,1,batch_0001 (9).json
2010376376075821251,2012296634302939279,https://x.com/i/status/2012296634302939279,1,batch_0001 (9).json
2010376376075821251,2012351338345013411,https://x.com/i/status/2012351338345013411,1,batch_0001 (9).json
2010376376075821251,2012351382423032266,https://x.com/i/status/2012351382423032266,1,batch_0001 (9).json
2010376376075821251,2012351419743887629,https://x.com/i/status/2012351419743887629,1,batch_0001 (9).json
2010376376075821251,2012351463637270684,https://x.com/i/status/2012351463637270684,1,batch_0001 (9).json
2010376376075821251,2012351496008917448,https://x.com/i/status/2012351496008917448,1,batch_0001 (9).json
2010376376075821251,2012351526673539529,https://x.com/i/status/2012351526673539529,1,batch_0001 (9).json
2010376376075821251,2012351568092266972,https://x.com/i/status/2012351568092266972,1,batch_0001 (9).json
2010376376075821251,2012351611318776207,https://x.com/i/status/2012351611318776207,1,batch_0001 (9).json
2010376376075821251,2012351644596408365,https://x.com/i/status/2012351644596408365,1,batch_0001 (9).json
2010376376075821251,2012351677198639256,https://x.com/i/status/2012351677198639256,1,batch_0001 (9).json
2010376376075821251,2012351810359394594,https://x.com/i/status/2012351810359394594,1,batch_0001 (9).json
2010376376075821251,2012382049139847461,https://x.com/i/status/2012382049139847461,1,batch_0001 (9).json
2010376376075821251,2012397782053585244,https://x.com/i/status/2012397782053585244,1,batch_0001 (9).json
2010376376075821251,2012640383490986232,https://x.com/i/status/2012640383490986232,1,batch_0001 (9).json
2010376376075821251,2012958610687439017,https://x.com/i/status/2012958610687439017,1,batch_0001 (9).json
2010376376075821251,2013047010882928917,https://x.com/i/status/2013047010882928917,1,batch_0001 (9).json
2010376376075821251,2013047179582030183,https://x.com/i/status/2013047179582030183,1,batch_0001 (9).json
2010376376075821251,2013295616663626031,https://x.com/i/status/2013295616663626031,1,batch_0001 (9).json
2010376376075821251,2013411205340168449,https://x.com/i/status/2013411205340168449,1,batch_0001 (9).json
2010376376075821251,2013783620830572922,https://x.com/i/status/2013783620830572922,1,batch_0001 (9).json
2010376376075821251,2014584193645162753,https://x.com/i/status/2014584193645162753,1,batch_0001 (9).json
2016105089937850530,2015536863927263727,https://x.com/i/status/2015536863927263727,0,batch_0001 (9).json
2016105089937850530,2015536894738673833,https://x.com/i/status/2015536894738673833,0,batch_0001 (9).json
2016105089937850530,2015536994080698530,https://x.com/i/status/2015536994080698530,0,batch_0001 (9).json
2016105089937850530,2015537980702945763,https://x.com/i/status/2015537980702945763,0,batch_0001 (9).json
2016105089937850530,2015538231509700674,https://x.com/i/status/2015538231509700674,0,batch_0001 (9).json
2016105089937850530,2015538287335911852,https://x.com/i/status/2015538287335911852,0,batch_0001 (9).json
2016105089937850530,2015538366893429236,https://x.com/i/status/2015538366893429236,0,batch_0001 (9).json
2016105089937850530,2015538397482451363,https://x.com/i/status/2015538397482451363,0,batch_0001 (9).json
2016105089937850530,2015538534849888258,https://x.com/i/status/2015538534849888258,0,batch_0001 (9).json
2016105089937850530,2015538664491946183,https://x.com/i/status/2015538664491946183,0,batch_0001 (9).json
2016105089937850530,2015538791952617926,https://x.com/i/status/2015538791952617926,0,batch_0001 (9).json
2016105089937850530,2015538873615736898,https://x.com/i/status/2015538873615736898,0,batch_0001 (9).json
2016105089937850530,2015538900186587402,https://x.com/i/status/2015538900186587402,0,batch_0001 (9).json
2016105089937850530,2015538949251616891,https://x.com/i/status/2015538949251616891,0,batch_0001 (9).json
2016105089937850530,2015538975633793224,https://x.com/i/status/2015538975633793224,0,batch_0001 (9).json
2016105089937850530,2015539118327886161,https://x.com/i/status/2015539118327886161,0,batch_0001 (9).json
2016105089937850530,2015539135847772180,https://x.com/i/status/2015539135847772180,0,batch_0001 (9).json
2016105089937850530,2015539178889720230,https://x.com/i/status/2015539178889720230,0,batch_0001 (9).json
2016105089937850530,2015539208778031562,https://x.com/i/status/2015539208778031562,0,batch_0001 (9).json
2016105089937850530,2015539310439874636,https://x.com/i/status/2015539310439874636,0,batch_0001 (9).json
2016105089937850530,2015539358653165743,https://x.com/i/status/2015539358653165743,0,batch_0001 (9).json
2016105089937850530,2015539360653840588,https://x.com/i/status/2015539360653840588,0,batch_0001 (9).json
2016105089937850530,2015539526228181412,https://x.com/i/status/2015539526228181412,0,batch_0001 (9).json
2016105089937850530,2015539615696892097,https://x.com/i/status/2015539615696892097,0,batch_0001 (9).json
2016105089937850530,2015539676799508578,https://x.com/i/status/2015539676799508578,0,batch_0001 (9).json
2016105089937850530,2015539811650527683,https://x.com/i/status/2015539811650527683,0,batch_0001 (9).json
2016105089937850530,2015539832844419293,https://x.com/i/status/2015539832844419293,0,batch_0001 (9).json
2016105089937850530,2015539889521963244,https://x.com/i/status/2015539889521963244,0,batch_0001 (9).json
2016105089937850530,2015539953539645661,https://x.com/i/status/2015539953539645661,0,batch_0001 (9).json
2016105089937850530,2015539962209595847,https://x.com/i/status/2015539962209595847,0,batch_0001 (9).json
2016105089937850530,2015540021164457987,https://x.com/i/status/2015540021164457987,0,batch_0001 (9).json
2016105089937850530,2015540057982009831,https://x.com/i/status/2015540057982009831,0,batch_0001 (9).json
2016105089937850530,2015540134268072089,https://x.com/i/status/2015540134268072089,0,batch_0001 (9).json
2016105089937850530,2015540146054291749,https://x.com/i/status/2015540146054291749,0,batch_0001 (9).json
2016105089937850530,2015540191386079440,https://x.com/i/status/2015540191386079440,0,batch_0001 (9).json
2016105089937850530,2015540319140626767,https://x.com/i/status/2015540319140626767,0,batch_0001 (9).json
2016105089937850530,2015540596572561559,https://x.com/i/status/2015540596572561559,0,batch_0001 (9).json
2016105089937850530,2015540664218599897,https://x.com/i/status/2015540664218599897,0,batch_0001 (9).json
2016105089937850530,2015540702831059058,https://x.com/i/status/2015540702831059058,0,batch_0001 (9).json
2016105089937850530,2015540727812661550,https://x.com/i/status/2015540727812661550,0,batch_0001 (9).json
2016105089937850530,2015540790693609769,https://x.com/i/status/2015540790693609769,0,batch_0001 (9).json
2016105089937850530,2015540803351756842,https://x.com/i/status/2015540803351756842,0,batch_0001 (9).json
2016105089937850530,2015540937129099771,https://x.com/i/status/2015540937129099771,0,batch_0001 (9).json
2016105089937850530,2015540982851190896,https://x.com/i/status/2015540982851190896,0,batch_0001 (9).json
2016105089937850530,2015540993626415299,https://x.com/i/status/2015540993626415299,0,batch_0001 (9).json
2016105089937850530,2015541015759745113,https://x.com/i/status/2015541015759745113,0,batch_0001 (9).json
2016105089937850530,2015541334267011168,https://x.com/i/status/2015541334267011168,0,batch_0001 (9).json
2016105089937850530,2015541361311678566,https://x.com/i/status/2015541361311678566,0,batch_0001 (9).json
2016105089937850530,2015541407826706670,https://x.com/i/status/2015541407826706670,0,batch_0001 (9).json
2016105089937850530,2015541489305072006,https://x.com/i/status/2015541489305072006,0,batch_0001 (9).json
2016105089937850530,2015541548168163480,https://x.com/i/status/2015541548168163480,0,batch_0001 (9).json
2016105089937850530,2015541571429490901,https://x.com/i/status/2015541571429490901,0,batch_0001 (9).json
2016105089937850530,2015541605264966004,https://x.com/i/status/2015541605264966004,0,batch_0001 (9).json
2016105089937850530,2015541671803638153,https://x.com/i/status/2015541671803638153,0,batch_0001 (9).json
2016105089937850530,2015541870131126567,https://x.com/i/status/2015541870131126567,0,batch_0001 (9).json
2016105089937850530,2015541901735141743,https://x.com/i/status/2015541901735141743,0,batch_0001 (9).json
2016105089937850530,2015541953174425770,https://x.com/i/status/2015541953174425770,0,batch_0001 (9).json
2016105089937850530,2015541964079288798,https://x.com/i/status/2015541964079288798,0,batch_0001 (9).json
2016105089937850530,2015542054965678331,https://x.com/i/status/2015542054965678331,0,batch_0001 (9).json
2016105089937850530,2015542246989304058,https://x.com/i/status/2015542246989304058,0,batch_0001 (9).json
2016105089937850530,2015542344741749139,https://x.com/i/status/2015542344741749139,0,batch_0001 (9).json
2016105089937850530,2015542429454147889,https://x.com/i/status/2015542429454147889,0,batch_0001 (9).json
2016105089937850530,2015542468930875833,https://x.com/i/status/2015542468930875833,0,batch_0001 (9).json
2016105089937850530,2015542574178578809,https://x.com/i/status/2015542574178578809,0,batch_0001 (9).json
2016105089937850530,2015542855129784649,https://x.com/i/status/2015542855129784649,0,batch_0001 (9).json
2016105089937850530,2015542858464280604,https://x.com/i/status/2015542858464280604,0,batch_0001 (9).json
2016105089937850530,2015543017055146475,https://x.com/i/status/2015543017055146475,0,batch_0001 (9).json
2016105089937850530,2015543243837001926,https://x.com/i/status/2015543243837001926,0,batch_0001 (9).json
2016105089937850530,2015543282101813740,https://x.com/i/status/2015543282101813740,0,batch_0001 (9).json
2016105089937850530,2015543396048273453,https://x.com/i/status/2015543396048273453,0,batch_0001 (9).json
2016105089937850530,2015543454944600400,https://x.com/i/status/2015543454944600400,0,batch_0001 (9).json
2016105089937850530,2015543471705141303,https://x.com/i/status/2015543471705141303,0,batch_0001 (9).json
2016105089937850530,2015543670879969419,https://x.com/i/status/2015543670879969419,0,batch_0001 (9).json
2016105089937850530,2015543756749971478,https://x.com/i/status/2015543756749971478,0,batch_0001 (9).json
2016105089937850530,2015543778988245317,https://x.com/i/status/2015543778988245317,0,batch_0001 (9).json
2016105089937850530,2015543790115950978,https://x.com/i/status/2015543790115950978,0,batch_0001 (9).json
2016105089937850530,2015544084425826697,https://x.com/i/status/2015544084425826697,0,batch_0001 (9).json
2016105089937850530,2015544182815756698,https://x.com/i/status/2015544182815756698,0,batch_0001 (9).json
2016105089937850530,2015544261920575538,https://x.com/i/status/2015544261920575538,0,batch_0001 (9).json
2016105089937850530,2015544303829791198,https://x.com/i/status/2015544303829791198,0,batch_0001 (9).json
2016105089937850530,2015544316089790675,https://x.com/i/status/2015544316089790675,0,batch_0001 (9).json
2016105089937850530,2015544348914438625,https://x.com/i/status/2015544348914438625,0,batch_0001 (9).json
2016105089937850530,2015544437305188501,https://x.com/i/status/2015544437305188501,0,batch_0001 (9).json
2016105089937850530,2015544551830647123,https://x.com/i/status/2015544551830647123,0,batch_0001 (9).json
2016105089937850530,2015544571346690293,https://x.com/i/status/2015544571346690293,0,batch_0001 (9).json
2016105089937850530,2015544610320261199,https://x.com/i/status/2015544610320261199,0,batch_0001 (9).json
2016105089937850530,2015544759939678553,https://x.com/i/status/2015544759939678553,0,batch_0001 (9).json
2016105089937850530,2015544779237695721,https://x.com/i/status/2015544779237695721,0,batch_0001 (9).json
2016105089937850530,2015544983613268043,https://x.com/i/status/2015544983613268043,0,batch_0001 (9).json
2016105089937850530,2015544992459006415,https://x.com/i/status/2015544992459006415,0,batch_0001 (9).json
2016105089937850530,2015545012172312699,https://x.com/i/status/2015545012172312699,0,batch_0001 (9).json
2016105089937850530,2015545020162715886,https://x.com/i/status/2015545020162715886,0,batch_0001 (9).json
2016105089937850530,2015545113192145003,https://x.com/i/status/2015545113192145003,0,batch_0001 (9).json
2016105089937850530,2015545273674609144,https://x.com/i/status/2015545273674609144,0,batch_0001 (9).json
2016105089937850530,2015545351407608040,https://x.com/i/status/2015545351407608040,0,batch_0001 (9).json
2016105089937850530,2015545522191298966,https://x.com/i/status/2015545522191298966,0,batch_0001 (9).json
2016105089937850530,2015545631159308799,https://x.com/i/status/2015545631159308799,0,batch_0001 (9).json
2016105089937850530,2015545714135204349,https://x.com/i/status/2015545714135204349,0,batch_0001 (9).json
2016105089937850530,2015545739783331929,https://x.com/i/status/2015545739783331929,0,batch_0001 (9).json
2016105089937850530,2015545782112542982,https://x.com/i/status/2015545782112542982,0,batch_0001 (9).json
2016105089937850530,2015545784314335463,https://x.com/i/status/2015545784314335463,0,batch_0001 (9).json
2016105089937850530,2015545842850292041,https://x.com/i/status/2015545842850292041,0,batch_0001 (9).json
2016105089937850530,2015545872189177865,https://x.com/i/status/2015545872189177865,0,batch_0001 (9).json
2016105089937850530,2015545876039487941,https://x.com/i/status/2015545876039487941,0,batch_0001 (9).json
2016105089937850530,2015546200041144611,https://x.com/i/status/2015546200041144611,0,batch_0001 (9).json
2016105089937850530,2015546470296883532,https://x.com/i/status/2015546470296883532,0,batch_0001 (9).json
2016105089937850530,2015546744176599064,https://x.com/i/status/2015546744176599064,0,batch_0001 (9).json
2016105089937850530,2015546778075230572,https://x.com/i/status/2015546778075230572,0,batch_0001 (9).json
2016105089937850530,2015546800669597929,https://x.com/i/status/2015546800669597929,0,batch_0001 (9).json
2016105089937850530,2015547269181788447,https://x.com/i/status/2015547269181788447,0,batch_0001 (9).json
2016105089937850530,2015547274747650057,https://x.com/i/status/2015547274747650057,0,batch_0001 (9).json
2016105089937850530,2015547331181969795,https://x.com/i/status/2015547331181969795,0,batch_0001 (9).json
2016105089937850530,2015547422974288152,https://x.com/i/status/2015547422974288152,0,batch_0001 (9).json
2016105089937850530,2015547457950609522,https://x.com/i/status/2015547457950609522,0,batch_0001 (9).json
2016105089937850530,2015547463721959861,https://x.com/i/status/2015547463721959861,0,batch_0001 (9).json
2016105089937850530,2015547564670566441,https://x.com/i/status/2015547564670566441,0,batch_0001 (9).json
2016105089937850530,2015547586149523937,https://x.com/i/status/2015547586149523937,0,batch_0001 (9).json
2016105089937850530,2015547616444989817,https://x.com/i/status/2015547616444989817,0,batch_0001 (9).json
2016105089937850530,2015547658639909228,https://x.com/i/status/2015547658639909228,0,batch_0001 (9).json
2016105089937850530,2015547701404770312,https://x.com/i/status/2015547701404770312,0,batch_0001 (9).json
2016105089937850530,2015547728772657500,https://x.com/i/status/2015547728772657500,0,batch_0001 (9).json
2016105089937850530,2015547862071783746,https://x.com/i/status/2015547862071783746,0,batch_0001 (9).json
2016105089937850530,2015547951007875507,https://x.com/i/status/2015547951007875507,0,batch_0001 (9).json
2016105089937850530,2015547951666634939,https://x.com/i/status/2015547951666634939,0,batch_0001 (9).json
2016105089937850530,2015548023074324487,https://x.com/i/status/2015548023074324487,0,batch_0001 (9).json
2016105089937850530,2015548094176448947,https://x.com/i/status/2015548094176448947,0,batch_0001 (9).json
2016105089937850530,2015548155652100465,https://x.com/i/status/2015548155652100465,0,batch_0001 (9).json
2016105089937850530,2015548257364242781,https://x.com/i/status/2015548257364242781,0,batch_0001 (9).json
2016105089937850530,2015548301538664719,https://x.com/i/status/2015548301538664719,0,batch_0001 (9).json
2016105089937850530,2015548349517021208,https://x.com/i/status/2015548349517021208,0,batch_0001 (9).json
2016105089937850530,2015548357511651497,https://x.com/i/status/2015548357511651497,0,batch_0001 (9).json
2016105089937850530,2015548603394039960,https://x.com/i/status/2015548603394039960,0,batch_0001 (9).json
2016105089937850530,2015548835523617065,https://x.com/i/status/2015548835523617065,0,batch_0001 (9).json
2016105089937850530,2015549194245968034,https://x.com/i/status/2015549194245968034,0,batch_0001 (9).json
2016105089937850530,2015549260159406287,https://x.com/i/status/2015549260159406287,0,batch_0001 (9).json
2016105089937850530,2015549428266938870,https://x.com/i/status/2015549428266938870,0,batch_0001 (9).json
2016105089937850530,2015549758509826230,https://x.com/i/status/2015549758509826230,0,batch_0001 (9).json
2016105089937850530,2015549791460020307,https://x.com/i/status/2015549791460020307,0,batch_0001 (9).json
2016105089937850530,2015549813442629677,https://x.com/i/status/2015549813442629677,0,batch_0001 (9).json
2016105089937850530,2015549935245275266,https://x.com/i/status/2015549935245275266,0,batch_0001 (9).json
2016105089937850530,2015549978383388917,https://x.com/i/status/2015549978383388917,0,batch_0001 (9).json
2016105089937850530,2015550013347106917,https://x.com/i/status/2015550013347106917,0,batch_0001 (9).json
2016105089937850530,2015550077700350343,https://x.com/i/status/2015550077700350343,0,batch_0001 (9).json
2016105089937850530,2015550180175814891,https://x.com/i/status/2015550180175814891,0,batch_0001 (9).json
2016105089937850530,2015550293610750410,https://x.com/i/status/2015550293610750410,0,batch_0001 (9).json
2016105089937850530,2015550519042077163,https://x.com/i/status/2015550519042077163,0,batch_0001 (9).json
2016105089937850530,2015550819299676284,https://x.com/i/status/2015550819299676284,0,batch_0001 (9).json
2016105089937850530,2015550844264178118,https://x.com/i/status/2015550844264178118,0,batch_0001 (9).json
2016105089937850530,2015550892389368175,https://x.com/i/status/2015550892389368175,0,batch_0001 (9).json
2016105089937850530,2015550901084160499,https://x.com/i/status/2015550901084160499,0,batch_0001 (9).json
2016105089937850530,2015550918599827815,https://x.com/i/status/2015550918599827815,0,batch_0001 (9).json
2016105089937850530,2015551076179804645,https://x.com/i/status/2015551076179804645,0,batch_0001 (9).json
2016105089937850530,2015551127757189598,https://x.com/i/status/2015551127757189598,0,batch_0001 (9).json
2016105089937850530,2015551381210599756,https://x.com/i/status/2015551381210599756,0,batch_0001 (9).json
2016105089937850530,2015551412034572536,https://x.com/i/status/2015551412034572536,0,batch_0001 (9).json
2016105089937850530,2015551434201145695,https://x.com/i/status/2015551434201145695,0,batch_0001 (9).json
2016105089937850530,2015552045869359382,https://x.com/i/status/2015552045869359382,0,batch_0001 (9).json
2016105089937850530,2015552223787286745,https://x.com/i/status/2015552223787286745,0,batch_0001 (9).json
2016105089937850530,2015552620396531922,https://x.com/i/status/2015552620396531922,0,batch_0001 (9).json
2016105089937850530,2015553372414431507,https://x.com/i/status/2015553372414431507,0,batch_0001 (9).json
2016105089937850530,2015553676971000241,https://x.com/i/status/2015553676971000241,0,batch_0001 (9).json
2016105089937850530,2015553738417525208,https://x.com/i/status/2015553738417525208,0,batch_0001 (9).json
2016105089937850530,2015553769073701108,https://x.com/i/status/2015553769073701108,0,batch_0001 (9).json
2016105089937850530,2015553984115945852,https://x.com/i/status/2015553984115945852,0,batch_0001 (9).json
2016105089937850530,2015554100784443502,https://x.com/i/status/2015554100784443502,0,batch_0001 (9).json
2016105089937850530,2015554144707522836,https://x.com/i/status/2015554144707522836,0,batch_0001 (9).json
2016105089937850530,2015554188449861980,https://x.com/i/status/2015554188449861980,0,batch_0001 (9).json
2016105089937850530,2015554381752520930,https://x.com/i/status/2015554381752520930,0,batch_0001 (9).json
2016105089937850530,2015554557330272265,https://x.com/i/status/2015554557330272265,0,batch_0001 (9).json
2016105089937850530,2015554570068414731,https://x.com/i/status/2015554570068414731,0,batch_0001 (9).json
2016105089937850530,2015554706253189233,https://x.com/i/status/2015554706253189233,0,batch_0001 (9).json
2016105089937850530,2015554853448380657,https://x.com/i/status/2015554853448380657,0,batch_0001 (9).json
2016105089937850530,2015555093731606918,https://x.com/i/status/2015555093731606918,0,batch_0001 (9).json
2016105089937850530,2015555123024626077,https://x.com/i/status/2015555123024626077,0,batch_0001 (9).json
2016105089937850530,2015555131992064120,https://x.com/i/status/2015555131992064120,0,batch_0001 (9).json
2016105089937850530,2015555197746213330,https://x.com/i/status/2015555197746213330,0,batch_0001 (9).json
2016105089937850530,2015555267166171536,https://x.com/i/status/2015555267166171536,0,batch_0001 (9).json
2016105089937850530,2015555453699162261,https://x.com/i/status/2015555453699162261,0,batch_0001 (9).json
2016105089937850530,2015555521043120470,https://x.com/i/status/2015555521043120470,0,batch_0001 (9).json
2016105089937850530,2015555582963392769,https://x.com/i/status/2015555582963392769,0,batch_0001 (9).json
2016105089937850530,2015555598947930324,https://x.com/i/status/2015555598947930324,0,batch_0001 (9).json
2016105089937850530,2015555745433923659,https://x.com/i/status/2015555745433923659,0,batch_0001 (9).json
2016105089937850530,2015555827176718561,https://x.com/i/status/2015555827176718561,0,batch_0001 (9).json
2016105089937850530,2015555908940480537,https://x.com/i/status/2015555908940480537,0,batch_0001 (9).json
2016105089937850530,2015556048321470859,https://x.com/i/status/2015556048321470859,0,batch_0001 (9).json
2016105089937850530,2015556131163185608,https://x.com/i/status/2015556131163185608,0,batch_0001 (9).json
2016105089937850530,2015556424529571884,https://x.com/i/status/2015556424529571884,0,batch_0001 (9).json
2016105089937850530,2015556597301612951,https://x.com/i/status/2015556597301612951,0,batch_0001 (9).json
2016105089937850530,2015556864990138480,https://x.com/i/status/2015556864990138480,0,batch_0001 (9).json
2016105089937850530,2015557487169282548,https://x.com/i/status/2015557487169282548,0,batch_0001 (9).json
2016105089937850530,2015557512851079446,https://x.com/i/status/2015557512851079446,0,batch_0001 (9).json
2016105089937850530,2015557575048045019,https://x.com/i/status/2015557575048045019,0,batch_0001 (9).json
2016105089937850530,2015557762827333749,https://x.com/i/status/2015557762827333749,0,batch_0001 (9).json
2016105089937850530,2015557873422786989,https://x.com/i/status/2015557873422786989,0,batch_0001 (9).json
2016105089937850530,2015557903445545207,https://x.com/i/status/2015557903445545207,0,batch_0001 (9).json
2016105089937850530,2015557939436609895,https://x.com/i/status/2015557939436609895,0,batch_0001 (9).json
2016105089937850530,2015557959473062236,https://x.com/i/status/2015557959473062236,0,batch_0001 (9).json
2016105089937850530,2015557983816843640,https://x.com/i/status/2015557983816843640,0,batch_0001 (9).json
2016105089937850530,2015558004205363280,https://x.com/i/status/2015558004205363280,0,batch_0001 (9).json
2016105089937850530,2015558258077896900,https://x.com/i/status/2015558258077896900,0,batch_0001 (9).json
2016105089937850530,2015558373882642443,https://x.com/i/status/2015558373882642443,0,batch_0001 (9).json
2016105089937850530,2015558607169819012,https://x.com/i/status/2015558607169819012,0,batch_0001 (9).json
2016105089937850530,2015558631572349027,https://x.com/i/status/2015558631572349027,0,batch_0001 (9).json
2016105089937850530,2015558650174066821,https://x.com/i/status/2015558650174066821,0,batch_0001 (9).json
2016105089937850530,2015558778138300724,https://x.com/i/status/2015558778138300724,0,batch_0001 (9).json
2016105089937850530,2015558829132439986,https://x.com/i/status/2015558829132439986,0,batch_0001 (9).json
2016105089937850530,2015558896178315622,https://x.com/i/status/2015558896178315622,0,batch_0001 (9).json
2016105089937850530,2015558936544584055,https://x.com/i/status/2015558936544584055,0,batch_0001 (9).json
2016105089937850530,2015558981016830308,https://x.com/i/status/2015558981016830308,0,batch_0001 (9).json
2016105089937850530,2015559065653383449,https://x.com/i/status/2015559065653383449,0,batch_0001 (9).json
2016105089937850530,2015559106187116967,https://x.com/i/status/2015559106187116967,0,batch_0001 (9).json
2016105089937850530,2015559160289464420,https://x.com/i/status/2015559160289464420,0,batch_0001 (9).json
2016105089937850530,2015559280372445402,https://x.com/i/status/2015559280372445402,0,batch_0001 (9).json
2016105089937850530,2015559447515468229,https://x.com/i/status/2015559447515468229,0,batch_0001 (9).json
2016105089937850530,2015559793235165641,https://x.com/i/status/2015559793235165641,0,batch_0001 (9).json
2016105089937850530,2015559868678320613,https://x.com/i/status/2015559868678320613,0,batch_0001 (9).json
2016105089937850530,2015560013616706005,https://x.com/i/status/2015560013616706005,0,batch_0001 (9).json
2016105089937850530,2015560117236687174,https://x.com/i/status/2015560117236687174,0,batch_0001 (9).json
2016105089937850530,2015560400608407634,https://x.com/i/status/2015560400608407634,0,batch_0001 (9).json
2016105089937850530,2015560419591553282,https://x.com/i/status/2015560419591553282,0,batch_0001 (9).json
2016105089937850530,2015560462306357658,https://x.com/i/status/2015560462306357658,0,batch_0001 (9).json
2016105089937850530,2015560606783267152,https://x.com/i/status/2015560606783267152,0,batch_0001 (9).json
2016105089937850530,2015560731769323777,https://x.com/i/status/2015560731769323777,0,batch_0001 (9).json
2016105089937850530,2015560781849416127,https://x.com/i/status/2015560781849416127,0,batch_0001 (9).json
2016105089937850530,2015560827902754910,https://x.com/i/status/2015560827902754910,0,batch_0001 (9).json
2016105089937850530,2015560978088255835,https://x.com/i/status/2015560978088255835,0,batch_0001 (9).json
2016105089937850530,2015561288349286578,https://x.com/i/status/2015561288349286578,0,batch_0001 (9).json
2016105089937850530,2015561360613024042,https://x.com/i/status/2015561360613024042,0,batch_0001 (9).json
2016105089937850530,2015562070108839998,https://x.com/i/status/2015562070108839998,0,batch_0001 (9).json
2016105089937850530,2015562529150234923,https://x.com/i/status/2015562529150234923,0,batch_0001 (9).json
2016105089937850530,2015562790438642071,https://x.com/i/status/2015562790438642071,0,batch_0001 (9).json
2016105089937850530,2015562939743522901,https://x.com/i/status/2015562939743522901,0,batch_0001 (9).json
2016105089937850530,2015563122288013447,https://x.com/i/status/2015563122288013447,0,batch_0001 (9).json
2016105089937850530,2015563145381560700,https://x.com/i/status/2015563145381560700,0,batch_0001 (9).json
2016105089937850530,2015563208392642969,https://x.com/i/status/2015563208392642969,0,batch_0001 (9).json
2016105089937850530,2015563304693874942,https://x.com/i/status/2015563304693874942,0,batch_0001 (9).json
2016105089937850530,2015563468041044158,https://x.com/i/status/2015563468041044158,0,batch_0001 (9).json
2016105089937850530,2015563482054250556,https://x.com/i/status/2015563482054250556,0,batch_0001 (9).json
2016105089937850530,2015563496713318873,https://x.com/i/status/2015563496713318873,0,batch_0001 (9).json
2016105089937850530,2015563521640243522,https://x.com/i/status/2015563521640243522,0,batch_0001 (9).json
2016105089937850530,2015563645632364633,https://x.com/i/status/2015563645632364633,0,batch_0001 (9).json
2016105089937850530,2015563751739523474,https://x.com/i/status/2015563751739523474,0,batch_0001 (9).json
2016105089937850530,2015563807121424501,https://x.com/i/status/2015563807121424501,0,batch_0001 (9).json
2016105089937850530,2015563824401977395,https://x.com/i/status/2015563824401977395,0,batch_0001 (9).json
2016105089937850530,2015563986641531385,https://x.com/i/status/2015563986641531385,0,batch_0001 (9).json
2016105089937850530,2015564091364888814,https://x.com/i/status/2015564091364888814,0,batch_0001 (9).json
2016105089937850530,2015564121719054668,https://x.com/i/status/2015564121719054668,0,batch_0001 (9).json
2016105089937850530,2015564157366452634,https://x.com/i/status/2015564157366452634,0,batch_0001 (9).json
2016105089937850530,2015564281505550539,https://x.com/i/status/2015564281505550539,0,batch_0001 (9).json
2016105089937850530,2015564890199777635,https://x.com/i/status/2015564890199777635,0,batch_0001 (9).json
2016105089937850530,2015565007661261090,https://x.com/i/status/2015565007661261090,0,batch_0001 (9).json
2016105089937850530,2015565026124267583,https://x.com/i/status/2015565026124267583,0,batch_0001 (9).json
2016105089937850530,2015565057103696146,https://x.com/i/status/2015565057103696146,0,batch_0001 (9).json
2016105089937850530,2015565247772230000,https://x.com/i/status/2015565247772230000,0,batch_0001 (9).json
2016105089937850530,2015565391502934421,https://x.com/i/status/2015565391502934421,0,batch_0001 (9).json
2016105089937850530,2015565581249028185,https://x.com/i/status/2015565581249028185,0,batch_0001 (9).json
2016105089937850530,2015565624680853998,https://x.com/i/status/2015565624680853998,0,batch_0001 (9).json
2016105089937850530,2015565675511849023,https://x.com/i/status/2015565675511849023,0,batch_0001 (9).json
2016105089937850530,2015565686291013652,https://x.com/i/status/2015565686291013652,0,batch_0001 (9).json
2016105089937850530,2015566170670129623,https://x.com/i/status/2015566170670129623,0,batch_0001 (9).json
2016105089937850530,2015566277520003301,https://x.com/i/status/2015566277520003301,0,batch_0001 (9).json
2016105089937850530,2015566341609062563,https://x.com/i/status/2015566341609062563,0,batch_0001 (9).json
2016105089937850530,2015566490724938196,https://x.com/i/status/2015566490724938196,0,batch_0001 (9).json
2016105089937850530,2015566832426528895,https://x.com/i/status/2015566832426528895,0,batch_0001 (9).json
2016105089937850530,2015566862793523676,https://x.com/i/status/2015566862793523676,0,batch_0001 (9).json
2016105089937850530,2015566919483482593,https://x.com/i/status/2015566919483482593,0,batch_0001 (9).json
2016105089937850530,2015566989339570283,https://x.com/i/status/2015566989339570283,0,batch_0001 (9).json
2016105089937850530,2015567007937097922,https://x.com/i/status/2015567007937097922,0,batch_0001 (9).json
2016105089937850530,2015567176871407936,https://x.com/i/status/2015567176871407936,0,batch_0001 (9).json
2016105089937850530,2015567274351198683,https://x.com/i/status/2015567274351198683,0,batch_0001 (9).json
2016105089937850530,2015567373508436174,https://x.com/i/status/2015567373508436174,0,batch_0001 (9).json
2016105089937850530,2015567431788318756,https://x.com/i/status/2015567431788318756,0,batch_0001 (9).json
2016105089937850530,2015567471613505616,https://x.com/i/status/2015567471613505616,0,batch_0001 (9).json
2016105089937850530,2015567591289336222,https://x.com/i/status/2015567591289336222,0,batch_0001 (9).json
2016105089937850530,2015568077908546037,https://x.com/i/status/2015568077908546037,0,batch_0001 (9).json
2016105089937850530,2015568242304258162,https://x.com/i/status/2015568242304258162,0,batch_0001 (9).json
2016105089937850530,2015568351418802216,https://x.com/i/status/2015568351418802216,0,batch_0001 (9).json
2016105089937850530,2015568392715911218,https://x.com/i/status/2015568392715911218,0,batch_0001 (9).json
2016105089937850530,2015568733226336311,https://x.com/i/status/2015568733226336311,0,batch_0001 (9).json
2016105089937850530,2015569061091123484,https://x.com/i/status/2015569061091123484,0,batch_0001 (9).json
2016105089937850530,2015569181920440475,https://x.com/i/status/2015569181920440475,0,batch_0001 (9).json
2016105089937850530,2015569195291828664,https://x.com/i/status/2015569195291828664,0,batch_0001 (9).json
2016105089937850530,2015569508501766287,https://x.com/i/status/2015569508501766287,0,batch_0001 (9).json
2016105089937850530,2015569653947342849,https://x.com/i/status/2015569653947342849,0,batch_0001 (9).json
2016105089937850530,2015570044042764544,https://x.com/i/status/2015570044042764544,0,batch_0001 (9).json
2016105089937850530,2015570093665591761,https://x.com/i/status/2015570093665591761,0,batch_0001 (9).json
2016105089937850530,2015570121142505798,https://x.com/i/status/2015570121142505798,0,batch_0001 (9).json
2016105089937850530,2015570373547332015,https://x.com/i/status/2015570373547332015,0,batch_0001 (9).json
2016105089937850530,2015570460751077867,https://x.com/i/status/2015570460751077867,0,batch_0001 (9).json
2016105089937850530,2015570547329970686,https://x.com/i/status/2015570547329970686,0,batch_0001 (9).json
2016105089937850530,2015571012440789208,https://x.com/i/status/2015571012440789208,0,batch_0001 (9).json
2016105089937850530,2015571166983827472,https://x.com/i/status/2015571166983827472,0,batch_0001 (9).json
2016105089937850530,2015571570626818097,https://x.com/i/status/2015571570626818097,0,batch_0001 (9).json
2016105089937850530,2015571673781600560,https://x.com/i/status/2015571673781600560,0,batch_0001 (9).json
2016105089937850530,2015571780161700077,https://x.com/i/status/2015571780161700077,0,batch_0001 (9).json
2016105089937850530,2015571825317626202,https://x.com/i/status/2015571825317626202,0,batch_0001 (9).json
2016105089937850530,2015571880267165747,https://x.com/i/status/2015571880267165747,0,batch_0001 (9).json
2016105089937850530,2015572127357788193,https://x.com/i/status/2015572127357788193,0,batch_0001 (9).json
2016105089937850530,2015572418807365651,https://x.com/i/status/2015572418807365651,0,batch_0001 (9).json
2016105089937850530,2015572532494225613,https://x.com/i/status/2015572532494225613,0,batch_0001 (9).json
2016105089937850530,2015572613901267222,https://x.com/i/status/2015572613901267222,0,batch_0001 (9).json
2016105089937850530,2015572694696431888,https://x.com/i/status/2015572694696431888,0,batch_0001 (9).json
2016105089937850530,2015572745950544293,https://x.com/i/status/2015572745950544293,0,batch_0001 (9).json
2016105089937850530,2015572806562726364,https://x.com/i/status/2015572806562726364,0,batch_0001 (9).json
2016105089937850530,2015573066387017889,https://x.com/i/status/2015573066387017889,0,batch_0001 (9).json
2016105089937850530,2015573287502536842,https://x.com/i/status/2015573287502536842,0,batch_0001 (9).json
2016105089937850530,2015573452946559125,https://x.com/i/status/2015573452946559125,0,batch_0001 (9).json
2016105089937850530,2015573472475529640,https://x.com/i/status/2015573472475529640,0,batch_0001 (9).json
2016105089937850530,2015573517128122827,https://x.com/i/status/2015573517128122827,0,batch_0001 (9).json
2016105089937850530,2015573882057666785,https://x.com/i/status/2015573882057666785,0,batch_0001 (9).json
2016105089937850530,2015574316306583787,https://x.com/i/status/2015574316306583787,0,batch_0001 (9).json
2016105089937850530,2015574336174698978,https://x.com/i/status/2015574336174698978,0,batch_0001 (9).json
2016105089937850530,2015574383301927354,https://x.com/i/status/2015574383301927354,0,batch_0001 (9).json
2016105089937850530,2015574636918976861,https://x.com/i/status/2015574636918976861,0,batch_0001 (9).json
2016105089937850530,2015574969858830835,https://x.com/i/status/2015574969858830835,0,batch_0001 (9).json
2016105089937850530,2015575189128638543,https://x.com/i/status/2015575189128638543,0,batch_0001 (9).json
2016105089937850530,2015575545317032150,https://x.com/i/status/2015575545317032150,0,batch_0001 (9).json
2016105089937850530,2015575600556364198,https://x.com/i/status/2015575600556364198,0,batch_0001 (9).json
2016105089937850530,2015575639248507022,https://x.com/i/status/2015575639248507022,0,batch_0001 (9).json
2016105089937850530,2015576339319791629,https://x.com/i/status/2015576339319791629,0,batch_0001 (9).json
2016105089937850530,2015576485872984182,https://x.com/i/status/2015576485872984182,0,batch_0001 (9).json
2016105089937850530,2015576551946064354,https://x.com/i/status/2015576551946064354,0,batch_0001 (9).json
2016105089937850530,2015576630878761240,https://x.com/i/status/2015576630878761240,0,batch_0001 (9).json
2016105089937850530,2015577087583879669,https://x.com/i/status/2015577087583879669,0,batch_0001 (9).json
2016105089937850530,2015577186732810627,https://x.com/i/status/2015577186732810627,0,batch_0001 (9).json
2016105089937850530,2015577212125172145,https://x.com/i/status/2015577212125172145,0,batch_0001 (9).json
2016105089937850530,2015577235810652399,https://x.com/i/status/2015577235810652399,0,batch_0001 (9).json
2016105089937850530,2015577418921324663,https://x.com/i/status/2015577418921324663,0,batch_0001 (9).json
2016105089937850530,2015577536915460139,https://x.com/i/status/2015577536915460139,0,batch_0001 (9).json
2016105089937850530,2015577624630964729,https://x.com/i/status/2015577624630964729,0,batch_0001 (9).json
2016105089937850530,2015577676510323068,https://x.com/i/status/2015577676510323068,0,batch_0001 (9).json
2016105089937850530,2015577817803784265,https://x.com/i/status/2015577817803784265,0,batch_0001 (9).json
2016105089937850530,2015578058632380865,https://x.com/i/status/2015578058632380865,0,batch_0001 (9).json
2016105089937850530,2015578089091436633,https://x.com/i/status/2015578089091436633,0,batch_0001 (9).json
2016105089937850530,2015578216036237771,https://x.com/i/status/2015578216036237771,0,batch_0001 (9).json
2016105089937850530,2015578614104990027,https://x.com/i/status/2015578614104990027,0,batch_0001 (9).json
2016105089937850530,2015578710976647634,https://x.com/i/status/2015578710976647634,0,batch_0001 (9).json
2016105089937850530,2015578798172098857,https://x.com/i/status/2015578798172098857,0,batch_0001 (9).json
2016105089937850530,2015579077479133230,https://x.com/i/status/2015579077479133230,0,batch_0001 (9).json
2016105089937850530,2015579231665926548,https://x.com/i/status/2015579231665926548,0,batch_0001 (9).json
2016105089937850530,2015579282349990200,https://x.com/i/status/2015579282349990200,0,batch_0001 (9).json
2016105089937850530,2015579454127624209,https://x.com/i/status/2015579454127624209,0,batch_0001 (9).json
2016105089937850530,2015579631223497145,https://x.com/i/status/2015579631223497145,0,batch_0001 (9).json
2016105089937850530,2015579712903377242,https://x.com/i/status/2015579712903377242,0,batch_0001 (9).json
2016105089937850530,2015579734889898388,https://x.com/i/status/2015579734889898388,0,batch_0001 (9).json
2016105089937850530,2015579893291974883,https://x.com/i/status/2015579893291974883,0,batch_0001 (9).json
2016105089937850530,2015579994647339188,https://x.com/i/status/2015579994647339188,0,batch_0001 (9).json
2016105089937850530,2015580242014834968,https://x.com/i/status/2015580242014834968,0,batch_0001 (9).json
2016105089937850530,2015580696899653676,https://x.com/i/status/2015580696899653676,0,batch_0001 (9).json
2016105089937850530,2015580727186743319,https://x.com/i/status/2015580727186743319,0,batch_0001 (9).json
2016105089937850530,2015580815116087745,https://x.com/i/status/2015580815116087745,0,batch_0001 (9).json
2016105089937850530,2015580888789065885,https://x.com/i/status/2015580888789065885,0,batch_0001 (9).json
2016105089937850530,2015580991935406358,https://x.com/i/status/2015580991935406358,0,batch_0001 (9).json
2016105089937850530,2015581159695036477,https://x.com/i/status/2015581159695036477,0,batch_0001 (9).json
2016105089937850530,2015581197259186642,https://x.com/i/status/2015581197259186642,0,batch_0001 (9).json
2016105089937850530,2015581335524344015,https://x.com/i/status/2015581335524344015,0,batch_0001 (9).json
2016105089937850530,2015581528361759188,https://x.com/i/status/2015581528361759188,0,batch_0001 (9).json
2016105089937850530,2015581553028735241,https://x.com/i/status/2015581553028735241,0,batch_0001 (9).json
2016105089937850530,2015581889680076944,https://x.com/i/status/2015581889680076944,0,batch_0001 (9).json
2016105089937850530,2015582083109023806,https://x.com/i/status/2015582083109023806,0,batch_0001 (9).json
2016105089937850530,2015582105284284761,https://x.com/i/status/2015582105284284761,0,batch_0001 (9).json
2016105089937850530,2015582130030448843,https://x.com/i/status/2015582130030448843,0,batch_0001 (9).json
2016105089937850530,2015582497677926540,https://x.com/i/status/2015582497677926540,0,batch_0001 (9).json
2016105089937850530,2015582523611656503,https://x.com/i/status/2015582523611656503,0,batch_0001 (9).json
2016105089937850530,2015582735528800358,https://x.com/i/status/2015582735528800358,0,batch_0001 (9).json
2016105089937850530,2015582799785255334,https://x.com/i/status/2015582799785255334,0,batch_0001 (9).json
2016105089937850530,2015583162584244581,https://x.com/i/status/2015583162584244581,0,batch_0001 (9).json
2016105089937850530,2015583218745901455,https://x.com/i/status/2015583218745901455,0,batch_0001 (9).json
2016105089937850530,2015583434370900049,https://x.com/i/status/2015583434370900049,0,batch_0001 (9).json
2016105089937850530,2015583529720300012,https://x.com/i/status/2015583529720300012,0,batch_0001 (9).json
2016105089937850530,2015584133494214814,https://x.com/i/status/2015584133494214814,0,batch_0001 (9).json
2016105089937850530,2015584169342992448,https://x.com/i/status/2015584169342992448,0,batch_0001 (9).json
2016105089937850530,2015584262355841450,https://x.com/i/status/2015584262355841450,0,batch_0001 (9).json
2016105089937850530,2015584293158789629,https://x.com/i/status/2015584293158789629,0,batch_0001 (9).json
2016105089937850530,2015584316026155434,https://x.com/i/status/2015584316026155434,0,batch_0001 (9).json
2016105089937850530,2015584718767493481,https://x.com/i/status/2015584718767493481,0,batch_0001 (9).json
2016105089937850530,2015584851110379984,https://x.com/i/status/2015584851110379984,0,batch_0001 (9).json
2016105089937850530,2015585205764194707,https://x.com/i/status/2015585205764194707,0,batch_0001 (9).json
2016105089937850530,2015585358461682035,https://x.com/i/status/2015585358461682035,0,batch_0001 (9).json
2016105089937850530,2015585791985045729,https://x.com/i/status/2015585791985045729,0,batch_0001 (9).json
2016105089937850530,2015585878110846988,https://x.com/i/status/2015585878110846988,0,batch_0001 (9).json
2016105089937850530,2015585925217341949,https://x.com/i/status/2015585925217341949,0,batch_0001 (9).json
2016105089937850530,2015586183058010286,https://x.com/i/status/2015586183058010286,0,batch_0001 (9).json
2016105089937850530,2015586279799341336,https://x.com/i/status/2015586279799341336,0,batch_0001 (9).json
2016105089937850530,2015586390201745432,https://x.com/i/status/2015586390201745432,0,batch_0001 (9).json
2016105089937850530,2015586739662811591,https://x.com/i/status/2015586739662811591,0,batch_0001 (9).json
2016105089937850530,2015586810756252046,https://x.com/i/status/2015586810756252046,0,batch_0001 (9).json
2016105089937850530,2015586895338541077,https://x.com/i/status/2015586895338541077,0,batch_0001 (9).json
2016105089937850530,2015587261388394624,https://x.com/i/status/2015587261388394624,0,batch_0001 (9).json
2016105089937850530,2015587377532563730,https://x.com/i/status/2015587377532563730,0,batch_0001 (9).json
2016105089937850530,2015587414647939134,https://x.com/i/status/2015587414647939134,0,batch_0001 (9).json
2016105089937850530,2015587613705429442,https://x.com/i/status/2015587613705429442,0,batch_0001 (9).json
2016105089937850530,2015587692747059462,https://x.com/i/status/2015587692747059462,0,batch_0001 (9).json
2016105089937850530,2015587785382506975,https://x.com/i/status/2015587785382506975,0,batch_0001 (9).json
2016105089937850530,2015587851144929577,https://x.com/i/status/2015587851144929577,0,batch_0001 (9).json
2016105089937850530,2015587878110146963,https://x.com/i/status/2015587878110146963,0,batch_0001 (9).json
2016105089937850530,2015588466411630836,https://x.com/i/status/2015588466411630836,0,batch_0001 (9).json
2016105089937850530,2015588800488259967,https://x.com/i/status/2015588800488259967,0,batch_0001 (9).json
2016105089937850530,2015589011272917169,https://x.com/i/status/2015589011272917169,0,batch_0001 (9).json
2016105089937850530,2015589039877828969,https://x.com/i/status/2015589039877828969,0,batch_0001 (9).json
2016105089937850530,2015589498524983471,https://x.com/i/status/2015589498524983471,0,batch_0001 (9).json
2016105089937850530,2015589543747961341,https://x.com/i/status/2015589543747961341,0,batch_0001 (9).json
2016105089937850530,2015589718289760312,https://x.com/i/status/2015589718289760312,0,batch_0001 (9).json
2016105089937850530,2015589958233288848,https://x.com/i/status/2015589958233288848,0,batch_0001 (9).json
2016105089937850530,2015590013887713419,https://x.com/i/status/2015590013887713419,0,batch_0001 (9).json
2016105089937850530,2015590138139586930,https://x.com/i/status/2015590138139586930,0,batch_0001 (9).json
2016105089937850530,2015590787523006720,https://x.com/i/status/2015590787523006720,0,batch_0001 (9).json
2016105089937850530,2015590839095853288,https://x.com/i/status/2015590839095853288,0,batch_0001 (9).json
2016105089937850530,2015591320950071712,https://x.com/i/status/2015591320950071712,0,batch_0001 (9).json
2016105089937850530,2015591528618393623,https://x.com/i/status/2015591528618393623,0,batch_0001 (9).json
2016105089937850530,2015591824757518815,https://x.com/i/status/2015591824757518815,0,batch_0001 (9).json
2016105089937850530,2015592002595815797,https://x.com/i/status/2015592002595815797,0,batch_0001 (9).json
2016105089937850530,2015592278035771859,https://x.com/i/status/2015592278035771859,0,batch_0001 (9).json
2016105089937850530,2015592424748282002,https://x.com/i/status/2015592424748282002,0,batch_0001 (9).json
2016105089937850530,2015592539705823723,https://x.com/i/status/2015592539705823723,0,batch_0001 (9).json
2016105089937850530,2015592631242305882,https://x.com/i/status/2015592631242305882,0,batch_0001 (9).json
2016105089937850530,2015592722325975403,https://x.com/i/status/2015592722325975403,0,batch_0001 (9).json
2016105089937850530,2015592805322912062,https://x.com/i/status/2015592805322912062,0,batch_0001 (9).json
2016105089937850530,2015593376561721786,https://x.com/i/status/2015593376561721786,0,batch_0001 (9).json
2016105089937850530,2015593406060544280,https://x.com/i/status/2015593406060544280,0,batch_0001 (9).json
2016105089937850530,2015593625925615768,https://x.com/i/status/2015593625925615768,0,batch_0001 (9).json
2016105089937850530,2015593714446688340,https://x.com/i/status/2015593714446688340,0,batch_0001 (9).json
2016105089937850530,2015594098527285422,https://x.com/i/status/2015594098527285422,0,batch_0001 (9).json
2016105089937850530,2015594314856808805,https://x.com/i/status/2015594314856808805,0,batch_0001 (9).json
2016105089937850530,2015594880295186905,https://x.com/i/status/2015594880295186905,0,batch_0001 (9).json
2016105089937850530,2015594917091844405,https://x.com/i/status/2015594917091844405,0,batch_0001 (9).json
2016105089937850530,2015594943889166610,https://x.com/i/status/2015594943889166610,0,batch_0001 (9).json
2016105089937850530,2015594947576009131,https://x.com/i/status/2015594947576009131,0,batch_0001 (9).json
2016105089937850530,2015594977238135134,https://x.com/i/status/2015594977238135134,0,batch_0001 (9).json
2016105089937850530,2015595017893453868,https://x.com/i/status/2015595017893453868,0,batch_0001 (9).json
2016105089937850530,2015595527388398046,https://x.com/i/status/2015595527388398046,0,batch_0001 (9).json
2016105089937850530,2015595750101573870,https://x.com/i/status/2015595750101573870,0,batch_0001 (9).json
2016105089937850530,2015595789565800470,https://x.com/i/status/2015595789565800470,0,batch_0001 (9).json
2016105089937850530,2015595822881079386,https://x.com/i/status/2015595822881079386,0,batch_0001 (9).json
2016105089937850530,2015595905303646637,https://x.com/i/status/2015595905303646637,0,batch_0001 (9).json
2016105089937850530,2015595929714221347,https://x.com/i/status/2015595929714221347,0,batch_0001 (9).json
2016105089937850530,2015595982466232578,https://x.com/i/status/2015595982466232578,0,batch_0001 (9).json
2016105089937850530,2015596080814252543,https://x.com/i/status/2015596080814252543,0,batch_0001 (9).json
2016105089937850530,2015596185986236567,https://x.com/i/status/2015596185986236567,0,batch_0001 (9).json
2016105089937850530,2015596299328885185,https://x.com/i/status/2015596299328885185,0,batch_0001 (9).json
2016105089937850530,2015596473056903605,https://x.com/i/status/2015596473056903605,0,batch_0001 (9).json
2016105089937850530,2015596992752218481,https://x.com/i/status/2015596992752218481,0,batch_0001 (9).json
2016105089937850530,2015597137149714586,https://x.com/i/status/2015597137149714586,0,batch_0001 (9).json
2016105089937850530,2015597272575119621,https://x.com/i/status/2015597272575119621,0,batch_0001 (9).json
2016105089937850530,2015597460563820691,https://x.com/i/status/2015597460563820691,0,batch_0001 (9).json
2016105089937850530,2015597564838527353,https://x.com/i/status/2015597564838527353,0,batch_0001 (9).json
2016105089937850530,2015597691145798102,https://x.com/i/status/2015597691145798102,0,batch_0001 (9).json
2016105089937850530,2015597811165704357,https://x.com/i/status/2015597811165704357,0,batch_0001 (9).json
2016105089937850530,2015597984575287634,https://x.com/i/status/2015597984575287634,0,batch_0001 (9).json
2016105089937850530,2015598248170299669,https://x.com/i/status/2015598248170299669,0,batch_0001 (9).json
2016105089937850530,2015598717722906703,https://x.com/i/status/2015598717722906703,0,batch_0001 (9).json
2016105089937850530,2015599331043074204,https://x.com/i/status/2015599331043074204,0,batch_0001 (9).json
2016105089937850530,2015599358880763942,https://x.com/i/status/2015599358880763942,0,batch_0001 (9).json
2016105089937850530,2015599458365612093,https://x.com/i/status/2015599458365612093,0,batch_0001 (9).json
2016105089937850530,2015599506767974548,https://x.com/i/status/2015599506767974548,0,batch_0001 (9).json
2016105089937850530,2015599599273300393,https://x.com/i/status/2015599599273300393,0,batch_0001 (9).json
2016105089937850530,2015599945622114360,https://x.com/i/status/2015599945622114360,0,batch_0001 (9).json
2016105089937850530,2015599979604103664,https://x.com/i/status/2015599979604103664,0,batch_0001 (9).json
2016105089937850530,2015600526675599418,https://x.com/i/status/2015600526675599418,0,batch_0001 (9).json
2016105089937850530,2015600777436307685,https://x.com/i/status/2015600777436307685,0,batch_0001 (9).json
2016105089937850530,2015601990680912092,https://x.com/i/status/2015601990680912092,0,batch_0001 (9).json
2016105089937850530,2015602162785734760,https://x.com/i/status/2015602162785734760,0,batch_0001 (9).json
2016105089937850530,2015602244285038797,https://x.com/i/status/2015602244285038797,0,batch_0001 (9).json
2016105089937850530,2015602277604839721,https://x.com/i/status/2015602277604839721,0,batch_0001 (9).json
2016105089937850530,2015602451567812908,https://x.com/i/status/2015602451567812908,0,batch_0001 (9).json
2016105089937850530,2015602886848463082,https://x.com/i/status/2015602886848463082,0,batch_0001 (9).json
2016105089937850530,2015602992360087629,https://x.com/i/status/2015602992360087629,0,batch_0001 (9).json
2016105089937850530,2015603217384574989,https://x.com/i/status/2015603217384574989,0,batch_0001 (9).json
2016105089937850530,2015603410020495475,https://x.com/i/status/2015603410020495475,0,batch_0001 (9).json
2016105089937850530,2015603586156179470,https://x.com/i/status/2015603586156179470,0,batch_0001 (9).json
2016105089937850530,2015604098616250513,https://x.com/i/status/2015604098616250513,0,batch_0001 (9).json
2016105089937850530,2015604218204213681,https://x.com/i/status/2015604218204213681,0,batch_0001 (9).json
2016105089937850530,2015604303482782090,https://x.com/i/status/2015604303482782090,0,batch_0001 (9).json
2016105089937850530,2015604600955408652,https://x.com/i/status/2015604600955408652,0,batch_0001 (9).json
2016105089937850530,2015604681574064465,https://x.com/i/status/2015604681574064465,0,batch_0001 (9).json
2016105089937850530,2015604784858821105,https://x.com/i/status/2015604784858821105,0,batch_0001 (9).json
2016105089937850530,2015605162686271888,https://x.com/i/status/2015605162686271888,0,batch_0001 (9).json
2016105089937850530,2015605466014069137,https://x.com/i/status/2015605466014069137,0,batch_0001 (9).json
2016105089937850530,2015605915307610285,https://x.com/i/status/2015605915307610285,0,batch_0001 (9).json
2016105089937850530,2015606248540959215,https://x.com/i/status/2015606248540959215,0,batch_0001 (9).json
2016105089937850530,2015606680323809337,https://x.com/i/status/2015606680323809337,0,batch_0001 (9).json
2016105089937850530,2015606798128906580,https://x.com/i/status/2015606798128906580,0,batch_0001 (9).json
2016105089937850530,2015606804932112682,https://x.com/i/status/2015606804932112682,0,batch_0001 (9).json
2016105089937850530,2015607554252865562,https://x.com/i/status/2015607554252865562,0,batch_0001 (9).json
2016105089937850530,2015608165279109448,https://x.com/i/status/2015608165279109448,0,batch_0001 (9).json
2016105089937850530,2015608744768651665,https://x.com/i/status/2015608744768651665,0,batch_0001 (9).json
2016105089937850530,2015608958325592190,https://x.com/i/status/2015608958325592190,0,batch_0001 (9).json
2016105089937850530,2015610206365913231,https://x.com/i/status/2015610206365913231,0,batch_0001 (9).json
2016105089937850530,2015610241707319761,https://x.com/i/status/2015610241707319761,0,batch_0001 (9).json
2016105089937850530,2015610514357776765,https://x.com/i/status/2015610514357776765,0,batch_0001 (9).json
2016105089937850530,2015610783296881119,https://x.com/i/status/2015610783296881119,0,batch_0001 (9).json
2016105089937850530,2015610929858195775,https://x.com/i/status/2015610929858195775,0,batch_0001 (9).json
2016105089937850530,2015611211950243865,https://x.com/i/status/2015611211950243865,0,batch_0001 (9).json
2016105089937850530,2015612185448182067,https://x.com/i/status/2015612185448182067,0,batch_0001 (9).json
2016105089937850530,2015612359117852979,https://x.com/i/status/2015612359117852979,0,batch_0001 (9).json
2016105089937850530,2015612405984952743,https://x.com/i/status/2015612405984952743,0,batch_0001 (9).json
2016105089937850530,2015612833745006606,https://x.com/i/status/2015612833745006606,0,batch_0001 (9).json
2016105089937850530,2015612966595371014,https://x.com/i/status/2015612966595371014,0,batch_0001 (9).json
2016105089937850530,2015613062326173933,https://x.com/i/status/2015613062326173933,0,batch_0001 (9).json
2016105089937850530,2015613078713290897,https://x.com/i/status/2015613078713290897,0,batch_0001 (9).json
2016105089937850530,2015613102969012635,https://x.com/i/status/2015613102969012635,0,batch_0001 (9).json
2016105089937850530,2015613574496899405,https://x.com/i/status/2015613574496899405,0,batch_0001 (9).json
2016105089937850530,2015613874729304309,https://x.com/i/status/2015613874729304309,0,batch_0001 (9).json
2016105089937850530,2015614096180129821,https://x.com/i/status/2015614096180129821,0,batch_0001 (9).json
2016105089937850530,2015614209900360168,https://x.com/i/status/2015614209900360168,0,batch_0001 (9).json
2016105089937850530,2015614217932402969,https://x.com/i/status/2015614217932402969,0,batch_0001 (9).json
2016105089937850530,2015614661433942028,https://x.com/i/status/2015614661433942028,0,batch_0001 (9).json
2016105089937850530,2015614870549340201,https://x.com/i/status/2015614870549340201,0,batch_0001 (9).json
2016105089937850530,2015615704020447242,https://x.com/i/status/2015615704020447242,0,batch_0001 (9).json
2016105089937850530,2015615779656376731,https://x.com/i/status/2015615779656376731,0,batch_0001 (9).json
2016105089937850530,2015616191344107609,https://x.com/i/status/2015616191344107609,0,batch_0001 (9).json
2016105089937850530,2015616765129097226,https://x.com/i/status/2015616765129097226,0,batch_0001 (9).json
2016105089937850530,2015616802907209936,https://x.com/i/status/2015616802907209936,0,batch_0001 (9).json
2016105089937850530,2015616852462813284,https://x.com/i/status/2015616852462813284,0,batch_0001 (9).json
2016105089937850530,2015617171078918529,https://x.com/i/status/2015617171078918529,0,batch_0001 (9).json
2016105089937850530,2015618064637739293,https://x.com/i/status/2015618064637739293,0,batch_0001 (9).json
2016105089937850530,2015618249308660037,https://x.com/i/status/2015618249308660037,0,batch_0001 (9).json
2016105089937850530,2015618285157421546,https://x.com/i/status/2015618285157421546,0,batch_0001 (9).json
2016105089937850530,2015618699861131319,https://x.com/i/status/2015618699861131319,0,batch_0001 (9).json
2016105089937850530,2015619274660774122,https://x.com/i/status/2015619274660774122,0,batch_0001 (9).json
2016105089937850530,2015619784444928158,https://x.com/i/status/2015619784444928158,0,batch_0001 (9).json
2016105089937850530,2015619853537681790,https://x.com/i/status/2015619853537681790,0,batch_0001 (9).json
2016105089937850530,2015620142063845537,https://x.com/i/status/2015620142063845537,0,batch_0001 (9).json
2016105089937850530,2015620476010184906,https://x.com/i/status/2015620476010184906,0,batch_0001 (9).json
2016105089937850530,2015620579785953715,https://x.com/i/status/2015620579785953715,0,batch_0001 (9).json
2016105089937850530,2015621202946011598,https://x.com/i/status/2015621202946011598,0,batch_0001 (9).json
2016105089937850530,2015621870075122168,https://x.com/i/status/2015621870075122168,0,batch_0001 (9).json
2016105089937850530,2015622046290784293,https://x.com/i/status/2015622046290784293,0,batch_0001 (9).json
2016105089937850530,2015622164192567524,https://x.com/i/status/2015622164192567524,0,batch_0001 (9).json
2016105089937850530,2015623349104152924,https://x.com/i/status/2015623349104152924,0,batch_0001 (9).json
2016105089937850530,2015623423729311977,https://x.com/i/status/2015623423729311977,0,batch_0001 (9).json
2016105089937850530,2015624191882534994,https://x.com/i/status/2015624191882534994,0,batch_0001 (9).json
2016105089937850530,2015624643097579778,https://x.com/i/status/2015624643097579778,0,batch_0001 (9).json
2016105089937850530,2015625072929591653,https://x.com/i/status/2015625072929591653,0,batch_0001 (9).json
2016105089937850530,2015625149790249190,https://x.com/i/status/2015625149790249190,0,batch_0001 (9).json
2016105089937850530,2015625195567149096,https://x.com/i/status/2015625195567149096,0,batch_0001 (9).json
2016105089937850530,2015625451314589838,https://x.com/i/status/2015625451314589838,0,batch_0001 (9).json
2016105089937850530,2015625459484983314,https://x.com/i/status/2015625459484983314,0,batch_0001 (9).json
2016105089937850530,2015625597909860681,https://x.com/i/status/2015625597909860681,0,batch_0001 (9).json
2016105089937850530,2015625674048831950,https://x.com/i/status/2015625674048831950,0,batch_0001 (9).json
2016105089937850530,2015625704642126246,https://x.com/i/status/2015625704642126246,0,batch_0001 (9).json
2016105089937850530,2015625757750440148,https://x.com/i/status/2015625757750440148,0,batch_0001 (9).json
2016105089937850530,2015625929196749171,https://x.com/i/status/2015625929196749171,0,batch_0001 (9).json
2016105089937850530,2015626284542431246,https://x.com/i/status/2015626284542431246,0,batch_0001 (9).json
2016105089937850530,2015626362342539378,https://x.com/i/status/2015626362342539378,0,batch_0001 (9).json
2016105089937850530,2015626443774988508,https://x.com/i/status/2015626443774988508,0,batch_0001 (9).json
2016105089937850530,2015626871447429403,https://x.com/i/status/2015626871447429403,0,batch_0001 (9).json
2016105089937850530,2015627236070617537,https://x.com/i/status/2015627236070617537,0,batch_0001 (9).json
2016105089937850530,2015627565679915129,https://x.com/i/status/2015627565679915129,0,batch_0001 (9).json
2016105089937850530,2015627647888294239,https://x.com/i/status/2015627647888294239,0,batch_0001 (9).json
2016105089937850530,2015627830210572537,https://x.com/i/status/2015627830210572537,0,batch_0001 (9).json
2016105089937850530,2015628979907051577,https://x.com/i/status/2015628979907051577,0,batch_0001 (9).json
2016105089937850530,2015629123926859959,https://x.com/i/status/2015629123926859959,0,batch_0001 (9).json
2016105089937850530,2015629224250372453,https://x.com/i/status/2015629224250372453,0,batch_0001 (9).json
2016105089937850530,2015629375648288960,https://x.com/i/status/2015629375648288960,0,batch_0001 (9).json
2016105089937850530,2015629530342600966,https://x.com/i/status/2015629530342600966,0,batch_0001 (9).json
2016105089937850530,2015630503966310559,https://x.com/i/status/2015630503966310559,0,batch_0001 (9).json
2016105089937850530,2015630971362803993,https://x.com/i/status/2015630971362803993,0,batch_0001 (9).json
2016105089937850530,2015631284190826609,https://x.com/i/status/2015631284190826609,0,batch_0001 (9).json
2016105089937850530,2015631712575963400,https://x.com/i/status/2015631712575963400,0,batch_0001 (9).json
2016105089937850530,2015631835557228633,https://x.com/i/status/2015631835557228633,0,batch_0001 (9).json
2016105089937850530,2015632414454784121,https://x.com/i/status/2015632414454784121,0,batch_0001 (9).json
2016105089937850530,2015632700854476983,https://x.com/i/status/2015632700854476983,0,batch_0001 (9).json
2016105089937850530,2015633541644550298,https://x.com/i/status/2015633541644550298,0,batch_0001 (9).json
2016105089937850530,2015633813695537444,https://x.com/i/status/2015633813695537444,0,batch_0001 (9).json
2016105089937850530,2015634244333179126,https://x.com/i/status/2015634244333179126,0,batch_0001 (9).json
2016105089937850530,2015634828239028332,https://x.com/i/status/2015634828239028332,0,batch_0001 (9).json
2016105089937850530,2015634870110912660,https://x.com/i/status/2015634870110912660,0,batch_0001 (9).json
2016105089937850530,2015634948745822359,https://x.com/i/status/2015634948745822359,0,batch_0001 (9).json
2016105089937850530,2015635295530783127,https://x.com/i/status/2015635295530783127,0,batch_0001 (9).json
2016105089937850530,2015635785370808614,https://x.com/i/status/2015635785370808614,0,batch_0001 (9).json
2016105089937850530,2015636227027050742,https://x.com/i/status/2015636227027050742,0,batch_0001 (9).json
2016105089937850530,2015636253715149112,https://x.com/i/status/2015636253715149112,0,batch_0001 (9).json
2016105089937850530,2015636368852943349,https://x.com/i/status/2015636368852943349,0,batch_0001 (9).json
2016105089937850530,2015636757379985646,https://x.com/i/status/2015636757379985646,0,batch_0001 (9).json
2016105089937850530,2015636901965738097,https://x.com/i/status/2015636901965738097,0,batch_0001 (9).json
2016105089937850530,2015637011525165550,https://x.com/i/status/2015637011525165550,0,batch_0001 (9).json
2016105089937850530,2015638050735309255,https://x.com/i/status/2015638050735309255,0,batch_0001 (9).json
2016105089937850530,2015638229681406116,https://x.com/i/status/2015638229681406116,0,batch_0001 (9).json
2016105089937850530,2015639968513700195,https://x.com/i/status/2015639968513700195,0,batch_0001 (9).json
2016105089937850530,2015640262111093049,https://x.com/i/status/2015640262111093049,0,batch_0001 (9).json
2016105089937850530,2015640349729812626,https://x.com/i/status/2015640349729812626,0,batch_0001 (9).json
2016105089937850530,2015640407950889058,https://x.com/i/status/2015640407950889058,0,batch_0001 (9).json
2016105089937850530,2015640981740085590,https://x.com/i/status/2015640981740085590,0,batch_0001 (9).json
2016105089937850530,2015641352097169869,https://x.com/i/status/2015641352097169869,0,batch_0001 (9).json
2016105089937850530,2015641992638718395,https://x.com/i/status/2015641992638718395,0,batch_0001 (9).json
2016105089937850530,2015642086939471909,https://x.com/i/status/2015642086939471909,0,batch_0001 (9).json
2016105089937850530,2015642326949921277,https://x.com/i/status/2015642326949921277,0,batch_0001 (9).json
2016105089937850530,2015642368125641093,https://x.com/i/status/2015642368125641093,0,batch_0001 (9).json
2016105089937850530,2015642536375898543,https://x.com/i/status/2015642536375898543,0,batch_0001 (9).json
2016105089937850530,2015643921561559180,https://x.com/i/status/2015643921561559180,0,batch_0001 (9).json
2016105089937850530,2015644127229313409,https://x.com/i/status/2015644127229313409,0,batch_0001 (9).json
2016105089937850530,2015644279478100243,https://x.com/i/status/2015644279478100243,0,batch_0001 (9).json
2016105089937850530,2015644498072580286,https://x.com/i/status/2015644498072580286,0,batch_0001 (9).json
2016105089937850530,2015644615198851245,https://x.com/i/status/2015644615198851245,0,batch_0001 (9).json
2016105089937850530,2015644941565993431,https://x.com/i/status/2015644941565993431,0,batch_0001 (9).json
2016105089937850530,2015645345477533749,https://x.com/i/status/2015645345477533749,0,batch_0001 (9).json
2016105089937850530,2015645847023681604,https://x.com/i/status/2015645847023681604,0,batch_0001 (9).json
2016105089937850530,2015645980113412261,https://x.com/i/status/2015645980113412261,0,batch_0001 (9).json
2016105089937850530,2015646253976375576,https://x.com/i/status/2015646253976375576,0,batch_0001 (9).json
2016105089937850530,2015646429927104646,https://x.com/i/status/2015646429927104646,0,batch_0001 (9).json
2016105089937850530,2015646440819740977,https://x.com/i/status/2015646440819740977,0,batch_0001 (9).json
2016105089937850530,2015646757372457291,https://x.com/i/status/2015646757372457291,0,batch_0001 (9).json
2016105089937850530,2015646821977133431,https://x.com/i/status/2015646821977133431,0,batch_0001 (9).json
2016105089937850530,2015646926973145510,https://x.com/i/status/2015646926973145510,0,batch_0001 (9).json
2016105089937850530,2015647062902124923,https://x.com/i/status/2015647062902124923,0,batch_0001 (9).json
2016105089937850530,2015647571478192166,https://x.com/i/status/2015647571478192166,0,batch_0001 (9).json
2016105089937850530,2015648348200440035,https://x.com/i/status/2015648348200440035,0,batch_0001 (9).json
2016105089937850530,2015649057830588649,https://x.com/i/status/2015649057830588649,0,batch_0001 (9).json
2016105089937850530,2015649216471957811,https://x.com/i/status/2015649216471957811,0,batch_0001 (9).json
2016105089937850530,2015649369630867926,https://x.com/i/status/2015649369630867926,0,batch_0001 (9).json
2016105089937850530,2015650451958485239,https://x.com/i/status/2015650451958485239,0,batch_0001 (9).json
2016105089937850530,2015650599350472713,https://x.com/i/status/2015650599350472713,0,batch_0001 (9).json
2016105089937850530,2015650686235451651,https://x.com/i/status/2015650686235451651,0,batch_0001 (9).json
2016105089937850530,2015651374852120794,https://x.com/i/status/2015651374852120794,0,batch_0001 (9).json
2016105089937850530,2015651837253464150,https://x.com/i/status/2015651837253464150,0,batch_0001 (9).json
2016105089937850530,2015652360216076613,https://x.com/i/status/2015652360216076613,0,batch_0001 (9).json
2016105089937850530,2015652578575446465,https://x.com/i/status/2015652578575446465,0,batch_0001 (9).json
2016105089937850530,2015652765989568698,https://x.com/i/status/2015652765989568698,0,batch_0001 (9).json
2016105089937850530,2015653512487854117,https://x.com/i/status/2015653512487854117,0,batch_0001 (9).json
2016105089937850530,2015654634262548563,https://x.com/i/status/2015654634262548563,0,batch_0001 (9).json
2016105089937850530,2015654816207278087,https://x.com/i/status/2015654816207278087,0,batch_0001 (9).json
2016105089937850530,2015654838940360865,https://x.com/i/status/2015654838940360865,0,batch_0001 (9).json
2016105089937850530,2015655398934470821,https://x.com/i/status/2015655398934470821,0,batch_0001 (9).json
2016105089937850530,2015655528110662082,https://x.com/i/status/2015655528110662082,0,batch_0001 (9).json
2016105089937850530,2015655763331498299,https://x.com/i/status/2015655763331498299,0,batch_0001 (9).json
2016105089937850530,2015655875336376483,https://x.com/i/status/2015655875336376483,0,batch_0001 (9).json
2016105089937850530,2015656849660645572,https://x.com/i/status/2015656849660645572,0,batch_0001 (9).json
2016105089937850530,2015656912705233290,https://x.com/i/status/2015656912705233290,0,batch_0001 (9).json
2016105089937850530,2015657039981068610,https://x.com/i/status/2015657039981068610,0,batch_0001 (9).json
2016105089937850530,2015657725456158818,https://x.com/i/status/2015657725456158818,0,batch_0001 (9).json
2016105089937850530,2015657832993915271,https://x.com/i/status/2015657832993915271,0,batch_0001 (9).json
2016105089937850530,2015658481945112874,https://x.com/i/status/2015658481945112874,0,batch_0001 (9).json
2016105089937850530,2015658597825622500,https://x.com/i/status/2015658597825622500,0,batch_0001 (9).json
2016105089937850530,2015659280981278975,https://x.com/i/status/2015659280981278975,0,batch_0001 (9).json
2016105089937850530,2015659442923061586,https://x.com/i/status/2015659442923061586,0,batch_0001 (9).json
2016105089937850530,2015659564415197640,https://x.com/i/status/2015659564415197640,0,batch_0001 (9).json
2016105089937850530,2015659834734166485,https://x.com/i/status/2015659834734166485,0,batch_0001 (9).json
2016105089937850530,2015660254512718196,https://x.com/i/status/2015660254512718196,0,batch_0001 (9).json
2016105089937850530,2015660823167779246,https://x.com/i/status/2015660823167779246,0,batch_0001 (9).json
2016105089937850530,2015661863858766324,https://x.com/i/status/2015661863858766324,0,batch_0001 (9).json
2016105089937850530,2015662247998013458,https://x.com/i/status/2015662247998013458,0,batch_0001 (9).json
2016105089937850530,2015662696629465194,https://x.com/i/status/2015662696629465194,0,batch_0001 (9).json
2016105089937850530,2015663556901900627,https://x.com/i/status/2015663556901900627,0,batch_0001 (9).json
2016105089937850530,2015663777019293787,https://x.com/i/status/2015663777019293787,0,batch_0001 (9).json
2016105089937850530,2015664129248288996,https://x.com/i/status/2015664129248288996,0,batch_0001 (9).json
2016105089937850530,2015665021062181146,https://x.com/i/status/2015665021062181146,0,batch_0001 (9).json
2016105089937850530,2015665514719146316,https://x.com/i/status/2015665514719146316,0,batch_0001 (9).json
2016105089937850530,2015665901694247165,https://x.com/i/status/2015665901694247165,0,batch_0001 (9).json
2016105089937850530,2015666067109036120,https://x.com/i/status/2015666067109036120,0,batch_0001 (9).json
2016105089937850530,2015666147610316928,https://x.com/i/status/2015666147610316928,0,batch_0001 (9).json
2016105089937850530,2015666950203179294,https://x.com/i/status/2015666950203179294,0,batch_0001 (9).json
2016105089937850530,2015667014019555790,https://x.com/i/status/2015667014019555790,0,batch_0001 (9).json
2016105089937850530,2015667106608808015,https://x.com/i/status/2015667106608808015,0,batch_0001 (9).json
2016105089937850530,2015667202800697855,https://x.com/i/status/2015667202800697855,0,batch_0001 (9).json
2016105089937850530,2015667373383307411,https://x.com/i/status/2015667373383307411,0,batch_0001 (9).json
2016105089937850530,2015667472024879225,https://x.com/i/status/2015667472024879225,0,batch_0001 (9).json
2016105089937850530,2015668245949538778,https://x.com/i/status/2015668245949538778,0,batch_0001 (9).json
2016105089937850530,2015668318754222478,https://x.com/i/status/2015668318754222478,0,batch_0001 (9).json
2016105089937850530,2015668388673323224,https://x.com/i/status/2015668388673323224,0,batch_0001 (9).json
2016105089937850530,2015668592130379991,https://x.com/i/status/2015668592130379991,0,batch_0001 (9).json
2016105089937850530,2015668834959774117,https://x.com/i/status/2015668834959774117,0,batch_0001 (9).json
2016105089937850530,2015669129580351938,https://x.com/i/status/2015669129580351938,0,batch_0001 (9).json
2016105089937850530,2015669203173327198,https://x.com/i/status/2015669203173327198,0,batch_0001 (9).json
2016105089937850530,2015669500159607010,https://x.com/i/status/2015669500159607010,0,batch_0001 (9).json
2016105089937850530,2015669774714626273,https://x.com/i/status/2015669774714626273,0,batch_0001 (9).json
2016105089937850530,2015669936933474612,https://x.com/i/status/2015669936933474612,0,batch_0001 (9).json
2016105089937850530,2015670018961264696,https://x.com/i/status/2015670018961264696,0,batch_0001 (9).json
2016105089937850530,2015670506301632757,https://x.com/i/status/2015670506301632757,0,batch_0001 (9).json
2016105089937850530,2015670648551719374,https://x.com/i/status/2015670648551719374,0,batch_0001 (9).json
2016105089937850530,2015670725341061124,https://x.com/i/status/2015670725341061124,0,batch_0001 (9).json
2016105089937850530,2015670795226513763,https://x.com/i/status/2015670795226513763,0,batch_0001 (9).json
2016105089937850530,2015670886771352026,https://x.com/i/status/2015670886771352026,0,batch_0001 (9).json
2016105089937850530,2015671035941814721,https://x.com/i/status/2015671035941814721,0,batch_0001 (9).json
2016105089937850530,2015671107995754691,https://x.com/i/status/2015671107995754691,0,batch_0001 (9).json
2016105089937850530,2015671219119644692,https://x.com/i/status/2015671219119644692,0,batch_0001 (9).json
2016105089937850530,2015671355627467005,https://x.com/i/status/2015671355627467005,0,batch_0001 (9).json
2016105089937850530,2015671455896289771,https://x.com/i/status/2015671455896289771,0,batch_0001 (9).json
2016105089937850530,2015671635517551074,https://x.com/i/status/2015671635517551074,0,batch_0001 (9).json
2016105089937850530,2015672565730283521,https://x.com/i/status/2015672565730283521,0,batch_0001 (9).json
2016105089937850530,2015674558800372154,https://x.com/i/status/2015674558800372154,0,batch_0001 (9).json
2016105089937850530,2015676539317125331,https://x.com/i/status/2015676539317125331,0,batch_0001 (9).json
2016105089937850530,2015676651154354599,https://x.com/i/status/2015676651154354599,0,batch_0001 (9).json
2016105089937850530,2015677082445943207,https://x.com/i/status/2015677082445943207,0,batch_0001 (9).json
2016105089937850530,2015677106055684199,https://x.com/i/status/2015677106055684199,0,batch_0001 (9).json
2016105089937850530,2015677895616991415,https://x.com/i/status/2015677895616991415,0,batch_0001 (9).json
2016105089937850530,2015678112047005984,https://x.com/i/status/2015678112047005984,0,batch_0001 (9).json
2016105089937850530,2015678539270443343,https://x.com/i/status/2015678539270443343,0,batch_0001 (9).json
2016105089937850530,2015678596916863385,https://x.com/i/status/2015678596916863385,0,batch_0001 (9).json
2016105089937850530,2015679693463183367,https://x.com/i/status/2015679693463183367,0,batch_0001 (9).json
2016105089937850530,2015680029179752936,https://x.com/i/status/2015680029179752936,0,batch_0001 (9).json
2016105089937850530,2015680176365895709,https://x.com/i/status/2015680176365895709,0,batch_0001 (9).json
2016105089937850530,2015680410181837151,https://x.com/i/status/2015680410181837151,0,batch_0001 (9).json
2016105089937850530,2015680453265489940,https://x.com/i/status/2015680453265489940,0,batch_0001 (9).json
2016105089937850530,2015680707771937257,https://x.com/i/status/2015680707771937257,0,batch_0001 (9).json
2016105089937850530,2015681725704065405,https://x.com/i/status/2015681725704065405,0,batch_0001 (9).json
2016105089937850530,2015681848048070900,https://x.com/i/status/2015681848048070900,0,batch_0001 (9).json
2016105089937850530,2015681970244551093,https://x.com/i/status/2015681970244551093,0,batch_0001 (9).json
2016105089937850530,2015682344288387376,https://x.com/i/status/2015682344288387376,0,batch_0001 (9).json
2016105089937850530,2015683426825666894,https://x.com/i/status/2015683426825666894,0,batch_0001 (9).json
2016105089937850530,2015684423711330405,https://x.com/i/status/2015684423711330405,0,batch_0001 (9).json
2016105089937850530,2015684492774519274,https://x.com/i/status/2015684492774519274,0,batch_0001 (9).json
2016105089937850530,2015684775475101905,https://x.com/i/status/2015684775475101905,0,batch_0001 (9).json
2016105089937850530,2015685377399427155,https://x.com/i/status/2015685377399427155,0,batch_0001 (9).json
2016105089937850530,2015685750096818227,https://x.com/i/status/2015685750096818227,0,batch_0001 (9).json
2016105089937850530,2015685796020314130,https://x.com/i/status/2015685796020314130,0,batch_0001 (9).json
2016105089937850530,2015686145422590387,https://x.com/i/status/2015686145422590387,0,batch_0001 (9).json
2016105089937850530,2015686854599721210,https://x.com/i/status/2015686854599721210,0,batch_0001 (9).json
2016105089937850530,2015686877689352667,https://x.com/i/status/2015686877689352667,0,batch_0001 (9).json
2016105089937850530,2015687203079196840,https://x.com/i/status/2015687203079196840,0,batch_0001 (9).json
2016105089937850530,2015687419199095288,https://x.com/i/status/2015687419199095288,0,batch_0001 (9).json
2016105089937850530,2015687724720693253,https://x.com/i/status/2015687724720693253,0,batch_0001 (9).json
2016105089937850530,2015688862220050592,https://x.com/i/status/2015688862220050592,0,batch_0001 (9).json
2016105089937850530,2015689104357195925,https://x.com/i/status/2015689104357195925,0,batch_0001 (9).json
2016105089937850530,2015689247966048718,https://x.com/i/status/2015689247966048718,0,batch_0001 (9).json
2016105089937850530,2015689888213983313,https://x.com/i/status/2015689888213983313,0,batch_0001 (9).json
2016105089937850530,2015690440415260698,https://x.com/i/status/2015690440415260698,0,batch_0001 (9).json
2016105089937850530,2015690656191045973,https://x.com/i/status/2015690656191045973,0,batch_0001 (9).json
2016105089937850530,2015690926468084004,https://x.com/i/status/2015690926468084004,0,batch_0001 (9).json
2016105089937850530,2015691241116058088,https://x.com/i/status/2015691241116058088,0,batch_0001 (9).json
2016105089937850530,2015692378154377335,https://x.com/i/status/2015692378154377335,0,batch_0001 (9).json
2016105089937850530,2015692432533520723,https://x.com/i/status/2015692432533520723,0,batch_0001 (9).json
2016105089937850530,2015692815359934907,https://x.com/i/status/2015692815359934907,0,batch_0001 (9).json
2016105089937850530,2015692897241444675,https://x.com/i/status/2015692897241444675,0,batch_0001 (9).json
2016105089937850530,2015693163139043501,https://x.com/i/status/2015693163139043501,0,batch_0001 (9).json
2016105089937850530,2015693370178318361,https://x.com/i/status/2015693370178318361,0,batch_0001 (9).json
2016105089937850530,2015693581500203208,https://x.com/i/status/2015693581500203208,0,batch_0001 (9).json
2016105089937850530,2015694041548210237,https://x.com/i/status/2015694041548210237,0,batch_0001 (9).json
2016105089937850530,2015694112335278364,https://x.com/i/status/2015694112335278364,0,batch_0001 (9).json
2016105089937850530,2015694384885579797,https://x.com/i/status/2015694384885579797,0,batch_0001 (9).json
2016105089937850530,2015694587369591196,https://x.com/i/status/2015694587369591196,0,batch_0001 (9).json
2016105089937850530,2015695924937560446,https://x.com/i/status/2015695924937560446,0,batch_0001 (9).json
2016105089937850530,2015696129036611707,https://x.com/i/status/2015696129036611707,0,batch_0001 (9).json
2016105089937850530,2015696235383128400,https://x.com/i/status/2015696235383128400,0,batch_0001 (9).json
2016105089937850530,2015696642083790976,https://x.com/i/status/2015696642083790976,0,batch_0001 (9).json
2016105089937850530,2015697658791522448,https://x.com/i/status/2015697658791522448,0,batch_0001 (9).json
2016105089937850530,2015698731958415760,https://x.com/i/status/2015698731958415760,0,batch_0001 (9).json
2016105089937850530,2015698845716434977,https://x.com/i/status/2015698845716434977,0,batch_0001 (9).json
2016105089937850530,2015699262554951923,https://x.com/i/status/2015699262554951923,0,batch_0001 (9).json
2016105089937850530,2015699669624484153,https://x.com/i/status/2015699669624484153,0,batch_0001 (9).json
2016105089937850530,2015699774201049562,https://x.com/i/status/2015699774201049562,0,batch_0001 (9).json
2016105089937850530,2015700702501175431,https://x.com/i/status/2015700702501175431,0,batch_0001 (9).json
2016105089937850530,2015701577307173355,https://x.com/i/status/2015701577307173355,0,batch_0001 (9).json
2016105089937850530,2015703594801275087,https://x.com/i/status/2015703594801275087,0,batch_0001 (9).json
2016105089937850530,2015704265789231514,https://x.com/i/status/2015704265789231514,0,batch_0001 (9).json
2016105089937850530,2015704374941749626,https://x.com/i/status/2015704374941749626,0,batch_0001 (9).json
2016105089937850530,2015704449109680253,https://x.com/i/status/2015704449109680253,0,batch_0001 (9).json
2016105089937850530,2015704958914503127,https://x.com/i/status/2015704958914503127,0,batch_0001 (9).json
2016105089937850530,2015705325681139890,https://x.com/i/status/2015705325681139890,0,batch_0001 (9).json
2016105089937850530,2015706286898475416,https://x.com/i/status/2015706286898475416,0,batch_0001 (9).json
2016105089937850530,2015706483154194700,https://x.com/i/status/2015706483154194700,0,batch_0001 (9).json
2016105089937850530,2015707372556050585,https://x.com/i/status/2015707372556050585,0,batch_0001 (9).json
2016105089937850530,2015708031426994566,https://x.com/i/status/2015708031426994566,0,batch_0001 (9).json
2016105089937850530,2015708182459343097,https://x.com/i/status/2015708182459343097,0,batch_0001 (9).json
2016105089937850530,2015708925849674177,https://x.com/i/status/2015708925849674177,0,batch_0001 (9).json
2016105089937850530,2015709548980645948,https://x.com/i/status/2015709548980645948,0,batch_0001 (9).json
2016105089937850530,2015709582455173453,https://x.com/i/status/2015709582455173453,0,batch_0001 (9).json
2016105089937850530,2015710709553000667,https://x.com/i/status/2015710709553000667,0,batch_0001 (9).json
2016105089937850530,2015711024238694601,https://x.com/i/status/2015711024238694601,0,batch_0001 (9).json
2016105089937850530,2015712182911086751,https://x.com/i/status/2015712182911086751,0,batch_0001 (9).json
2016105089937850530,2015712565020557574,https://x.com/i/status/2015712565020557574,0,batch_0001 (9).json
2016105089937850530,2015713202416370172,https://x.com/i/status/2015713202416370172,0,batch_0001 (9).json
2016105089937850530,2015714094725177754,https://x.com/i/status/2015714094725177754,0,batch_0001 (9).json
2016105089937850530,2015714150912000423,https://x.com/i/status/2015714150912000423,0,batch_0001 (9).json
2016105089937850530,2015714230649897034,https://x.com/i/status/2015714230649897034,0,batch_0001 (9).json
2016105089937850530,2015715469307605008,https://x.com/i/status/2015715469307605008,0,batch_0001 (9).json
2016105089937850530,2015715594130034782,https://x.com/i/status/2015715594130034782,0,batch_0001 (9).json
2016105089937850530,2015715675344449771,https://x.com/i/status/2015715675344449771,0,batch_0001 (9).json
2016105089937850530,2015716487500091649,https://x.com/i/status/2015716487500091649,0,batch_0001 (9).json
2016105089937850530,2015716772599509208,https://x.com/i/status/2015716772599509208,0,batch_0001 (9).json
2016105089937850530,2015717083175141407,https://x.com/i/status/2015717083175141407,0,batch_0001 (9).json
2016105089937850530,2015717117773979828,https://x.com/i/status/2015717117773979828,0,batch_0001 (9).json
2018324806609813791,2017633260222763085,https://x.com/i/status/2017633260222763085,1,batch_0003.json
2018324806609813791,2017645000540958784,https://x.com/i/status/2017645000540958784,1,batch_0003.json
2018324806609813791,2017734302910366117,https://x.com/i/status/2017734302910366117,1,batch_0003.json
2018324806609813791,2017735990140383380,https://x.com/i/status/2017735990140383380,1,batch_0003.json
2018324806609813791,2017737937643806886,https://x.com/i/status/2017737937643806886,1,batch_0003.json
2018324806609813791,2017741490496176502,https://x.com/i/status/2017741490496176502,1,batch_0003.json
2018324806609813791,2017742575210242446,https://x.com/i/status/2017742575210242446,1,batch_0003.json
2018324806609813791,2017755698352803976,https://x.com/i/status/2017755698352803976,1,batch_0003.json
2018324806609813791,2017759403038970214,https://x.com/i/status/2017759403038970214,1,batch_0003.json
2018324806609813791,2017762939625722202,https://x.com/i/status/2017762939625722202,1,batch_0003.json
2018324806609813791,2017782613537108242,https://x.com/i/status/2017782613537108242,1,batch_0003.json
2018324806609813791,2017782891787305225,https://x.com/i/status/2017782891787305225,1,batch_0003.json
2018324806609813791,2017783065263702180,https://x.com/i/status/2017783065263702180,1,batch_0003.json
2018324806609813791,2017783238756905354,https://x.com/i/status/2017783238756905354,1,batch_0003.json
2018324806609813791,2017783448727875927,https://x.com/i/status/2017783448727875927,1,batch_0003.json
2018324806609813791,2017783530655285423,https://x.com/i/status/2017783530655285423,1,batch_0003.json
2018324806609813791,2017783747333005807,https://x.com/i/status/2017783747333005807,1,batch_0003.json
2018324806609813791,2017783784452550929,https://x.com/i/status/2017783784452550929,1,batch_0003.json
2018324806609813791,2017784082185212074,https://x.com/i/status/2017784082185212074,1,batch_0003.json
2018324806609813791,2017784266751430752,https://x.com/i/status/2017784266751430752,1,batch_0003.json
2018324806609813791,2017796695770157106,https://x.com/i/status/2017796695770157106,1,batch_0003.json
2018324806609813791,2017797712402358735,https://x.com/i/status/2017797712402358735,1,batch_0003.json
2018324806609813791,2017811623184941524,https://x.com/i/status/2017811623184941524,1,batch_0003.json
2018324806609813791,2017825804101587206,https://x.com/i/status/2017825804101587206,1,batch_0003.json
2018324806609813791,2017923858431443267,https://x.com/i/status/2017923858431443267,1,batch_0003.json
2018324806609813791,2017927038993068093,https://x.com/i/status/2017927038993068093,1,batch_0003.json
2018324806609813791,2017928389877715393,https://x.com/i/status/2017928389877715393,1,batch_0003.json
2018324806609813791,2017931748823199907,https://x.com/i/status/2017931748823199907,1,batch_0003.json
2018324806609813791,2017934944153084369,https://x.com/i/status/2017934944153084369,1,batch_0003.json
2018324806609813791,2017942765397516718,https://x.com/i/status/2017942765397516718,1,batch_0003.json
2018324806609813791,2017943634117562670,https://x.com/i/status/2017943634117562670,1,batch_0003.json
2018324806609813791,2017966121836503517,https://x.com/i/status/2017966121836503517,1,batch_0003.json
2018324806609813791,2017966357304766539,https://x.com/i/status/2017966357304766539,1,batch_0003.json
2018324806609813791,2017967442450911354,https://x.com/i/status/2017967442450911354,1,batch_0003.json
2018324806609813791,2017967706163552651,https://x.com/i/status/2017967706163552651,1,batch_0003.json
2018324806609813791,2017969591008276784,https://x.com/i/status/2017969591008276784,1,batch_0003.json
2018324806609813791,2017974663834411449,https://x.com/i/status/2017974663834411449,1,batch_0003.json
2018324806609813791,2017989269994746089,https://x.com/i/status/2017989269994746089,1,batch_0003.json
2018324806609813791,2018002398334120105,https://x.com/i/status/2018002398334120105,1,batch_0003.json
2018324806609813791,2018008057712681053,https://x.com/i/status/2018008057712681053,1,batch_0003.json
2018324806609813791,2018010549338976695,https://x.com/i/status/2018010549338976695,1,batch_0003.json
2018324806609813791,2018020063349998071,https://x.com/i/status/2018020063349998071,1,batch_0003.json
2018324806609813791,2018072246087020827,https://x.com/i/status/2018072246087020827,1,batch_0003.json
2018324806609813791,2018073751645028611,https://x.com/i/status/2018073751645028611,1,batch_0003.json
2018324806609813791,2018078108419494261,https://x.com/i/status/2018078108419494261,1,batch_0003.json
2018324806609813791,2018088759661654440,https://x.com/i/status/2018088759661654440,1,batch_0003.json
2018324806609813791,2018095903639253399,https://x.com/i/status/2018095903639253399,1,batch_0003.json
2018324806609813791,2018136381931794594,https://x.com/i/status/2018136381931794594,1,batch_0003.json
2018324806609813791,2018149457246757185,https://x.com/i/status/2018149457246757185,1,batch_0003.json
2018324806609813791,2018152283452620815,https://x.com/i/status/2018152283452620815,1,batch_0003.json
2018324806609813791,2018475750186426691,https://x.com/i/status/2018475750186426691,1,batch_0003.json
2018324806609813791,2019828967667335526,https://x.com/i/status/2019828967667335526,1,batch_0003.json
2018324806609813791,2022339716289560836,https://x.com/i/status/2022339716289560836,1,batch_0003.json
2020935654046048618,2020620146109473202,https://x.com/i/status/2020620146109473202,1,batch_0003.json
2023581578136309916,2023131537982542102,https://x.com/i/status/2023131537982542102,1,batch_0003.json
2023581578136309916,2023234185348210812,https://x.com/i/status/2023234185348210812,1,batch_0003.json
2023581578136309916,2023569533533925795,https://x.com/i/status/2023569533533925795,1,batch_0003.json
2031202322395660371,2031001120743506175,https://x.com/i/status/2031001120743506175,1,batch_0003.json
2031202322395660371,2031002454729310649,https://x.com/i/status/2031002454729310649,1,batch_0003.json
2031202322395660371,2031012841252323489,https://x.com/i/status/2031012841252323489,1,batch_0003.json
2031202322395660371,2031029992864309689,https://x.com/i/status/2031029992864309689,1,batch_0003.json
2031202322395660371,2031031898638577940,https://x.com/i/status/2031031898638577940,1,batch_0003.json
2031202322395660371,2032011296934121682,https://x.com/i/status/2032011296934121682,1,batch_0003.json
2031206505928692153,2030973910183797030,https://x.com/i/status/2030973910183797030,1,batch_0003.json
2031206505928692153,2030997182149738679,https://x.com/i/status/2030997182149738679,1,batch_0003.json
2031206505928692153,2031002042018226686,https://x.com/i/status/2031002042018226686,1,batch_0003.json
2031206505928692153,2031012547193974885,https://x.com/i/status/2031012547193974885,1,batch_0003.json
2031206505928692153,2031107254187868178,https://x.com/i/status/2031107254187868178,1,batch_0003.json
2031206505928692153,2031180020237086899,https://x.com/i/status/2031180020237086899,1,batch_0003.json
2031206505928692153,2031200213206184314,https://x.com/i/status/2031200213206184314,1,batch_0003.json
2031836479090012628,2031384922225541332,https://x.com/i/status/2031384922225541332,1,batch_0003.json
2031836479090012628,2031413557829500934,https://x.com/i/status/2031413557829500934,1,batch_0003.json
2031836479090012628,2031423967353868543,https://x.com/i/status/2031423967353868543,1,batch_0003.json
2031836479090012628,2031433020071170497,https://x.com/i/status/2031433020071170497,1,batch_0003.json
2031836479090012628,2031441807637114921,https://x.com/i/status/2031441807637114921,1,batch_0003.json
2031836479090012628,2031444325574349085,https://x.com/i/status/2031444325574349085,1,batch_0003.json
2031836479090012628,2031446054730678730,https://x.com/i/status/2031446054730678730,1,batch_0003.json
2031836479090012628,2031496023013466246,https://x.com/i/status/2031496023013466246,1,batch_0003.json
2031836479090012628,2031523007353729336,https://x.com/i/status/2031523007353729336,1,batch_0003.json
2031836479090012628,2031525454897885269,https://x.com/i/status/2031525454897885269,1,batch_0003.json
2031836479090012628,2031525797144752152,https://x.com/i/status/2031525797144752152,1,batch_0003.json
2031836479090012628,2031526314281414993,https://x.com/i/status/2031526314281414993,1,batch_0003.json
2031836479090012628,2031565142811357477,https://x.com/i/status/2031565142811357477,1,batch_0003.json
2031836479090012628,2031585856100921595,https://x.com/i/status/2031585856100921595,1,batch_0003.json
2031836479090012628,2031707366958227538,https://x.com/i/status/2031707366958227538,1,batch_0003.json
2031836479090012628,2031729001090224176,https://x.com/i/status/2031729001090224176,1,batch_0003.json
2031836479090012628,2031733729891107085,https://x.com/i/status/2031733729891107085,1,batch_0003.json
2031836479090012628,2031734166530724216,https://x.com/i/status/2031734166530724216,1,batch_0003.json
2031836479090012628,2031768803739111737,https://x.com/i/status/2031768803739111737,1,batch_0003.json
2031836479090012628,2031773397651222697,https://x.com/i/status/2031773397651222697,1,batch_0003.json
2031836479090012628,2031787290180075731,https://x.com/i/status/2031787290180075731,1,batch_0003.json
2031836479090012628,2031787519994405116,https://x.com/i/status/2031787519994405116,1,batch_0003.json
2031836479090012628,2031789816799494568,https://x.com/i/status/2031789816799494568,1,batch_0003.json
2031836479090012628,2031796468550398235,https://x.com/i/status/2031796468550398235,1,batch_0003.json
2031836479090012628,2031797621803610306,https://x.com/i/status/2031797621803610306,1,batch_0003.json
2031836479090012628,2031798939679174915,https://x.com/i/status/2031798939679174915,1,batch_0003.json
2031836479090012628,2031799803726704845,https://x.com/i/status/2031799803726704845,1,batch_0003.json
2031836479090012628,2031802490597851465,https://x.com/i/status/2031802490597851465,1,batch_0003.json
2031836479090012628,2031803802370605408,https://x.com/i/status/2031803802370605408,1,batch_0003.json
2031836479090012628,2031811509639131413,https://x.com/i/status/2031811509639131413,1,batch_0003.json
2031836479090012628,2031811855014871394,https://x.com/i/status/2031811855014871394,1,batch_0003.json
2031836479090012628,2031814680440689031,https://x.com/i/status/2031814680440689031,1,batch_0003.json
2031836479090012628,2031819075677045141,https://x.com/i/status/2031819075677045141,1,batch_0003.json
2031836479090012628,2031825548154949674,https://x.com/i/status/2031825548154949674,1,batch_0003.json
2031836479090012628,2031832766757707778,https://x.com/i/status/2031832766757707778,1,batch_0003.json
2031836747487654269,2031384922225541332,https://x.com/i/status/2031384922225541332,1,batch_0003.json
2031836747487654269,2031410702179524690,https://x.com/i/status/2031410702179524690,1,batch_0003.json
2031836747487654269,2031413557829500934,https://x.com/i/status/2031413557829500934,1,batch_0003.json
2031836747487654269,2031423967353868543,https://x.com/i/status/2031423967353868543,1,batch_0003.json
2031836747487654269,2031429269830635734,https://x.com/i/status/2031429269830635734,1,batch_0003.json
2031836747487654269,2031433020071170497,https://x.com/i/status/2031433020071170497,1,batch_0003.json
2031836747487654269,2031441807637114921,https://x.com/i/status/2031441807637114921,1,batch_0003.json
2031836747487654269,2031444325574349085,https://x.com/i/status/2031444325574349085,1,batch_0003.json
2031836747487654269,2031446054730678730,https://x.com/i/status/2031446054730678730,1,batch_0003.json
2031836747487654269,2031496023013466246,https://x.com/i/status/2031496023013466246,1,batch_0003.json
2031836747487654269,2031523007353729336,https://x.com/i/status/2031523007353729336,1,batch_0003.json
2031836747487654269,2031525454897885269,https://x.com/i/status/2031525454897885269,1,batch_0003.json
2031836747487654269,2031525797144752152,https://x.com/i/status/2031525797144752152,1,batch_0003.json
2031836747487654269,2031526314281414993,https://x.com/i/status/2031526314281414993,1,batch_0003.json
2031836747487654269,2031565142811357477,https://x.com/i/status/2031565142811357477,1,batch_0003.json
2031836747487654269,2031585856100921595,https://x.com/i/status/2031585856100921595,1,batch_0003.json
2031836747487654269,2031707366958227538,https://x.com/i/status/2031707366958227538,1,batch_0003.json
2031836747487654269,2031729001090224176,https://x.com/i/status/2031729001090224176,1,batch_0003.json
2031836747487654269,2031733729891107085,https://x.com/i/status/2031733729891107085,1,batch_0003.json
2031836747487654269,2031734166530724216,https://x.com/i/status/2031734166530724216,1,batch_0003.json
2031836747487654269,2031768803739111737,https://x.com/i/status/2031768803739111737,1,batch_0003.json
2031836747487654269,2031773397651222697,https://x.com/i/status/2031773397651222697,1,batch_0003.json
2031836747487654269,2031787290180075731,https://x.com/i/status/2031787290180075731,1,batch_0003.json
2031836747487654269,2031787519994405116,https://x.com/i/status/2031787519994405116,1,batch_0003.json
2031836747487654269,2031789816799494568,https://x.com/i/status/2031789816799494568,1,batch_0003.json
2031836747487654269,2031796468550398235,https://x.com/i/status/2031796468550398235,1,batch_0003.json
2031836747487654269,2031797621803610306,https://x.com/i/status/2031797621803610306,1,batch_0003.json
2031836747487654269,2031798939679174915,https://x.com/i/status/2031798939679174915,1,batch_0003.json
2031836747487654269,2031799803726704845,https://x.com/i/status/2031799803726704845,1,batch_0003.json
2031836747487654269,2031802490597851465,https://x.com/i/status/2031802490597851465,1,batch_0003.json
2031836747487654269,2031803802370605408,https://x.com/i/status/2031803802370605408,1,batch_0003.json
2031836747487654269,2031811509639131413,https://x.com/i/status/2031811509639131413,1,batch_0003.json
2031836747487654269,2031811855014871394,https://x.com/i/status/2031811855014871394,1,batch_0003.json
2031836747487654269,2031814680440689031,https://x.com/i/status/2031814680440689031,1,batch_0003.json
2031836747487654269,2031819075677045141,https://x.com/i/status/2031819075677045141,1,batch_0003.json
2031836747487654269,2031825548154949674,https://x.com/i/status/2031825548154949674,1,batch_0003.json
2031836747487654269,2031832766757707778,https://x.com/i/status/2031832766757707778,1,batch_0003.json
2031876781330899391,2031723213667893464,https://x.com/i/status/2031723213667893464,1,batch_0003.json
2031876781330899391,2031724390799581575,https://x.com/i/status/2031724390799581575,1,batch_0003.json
2031876781330899391,2031725154456240557,https://x.com/i/status/2031725154456240557,1,batch_0003.json
2031876781330899391,2031726399342404072,https://x.com/i/status/2031726399342404072,1,batch_0003.json
2031876781330899391,2031726626149413159,https://x.com/i/status/2031726626149413159,1,batch_0003.json
2031876781330899391,2031726858136351101,https://x.com/i/status/2031726858136351101,1,batch_0003.json
2031876781330899391,2031727352070414755,https://x.com/i/status/2031727352070414755,1,batch_0003.json
2031876781330899391,2031728451258843406,https://x.com/i/status/2031728451258843406,1,batch_0003.json
2031876781330899391,2031729049869971594,https://x.com/i/status/2031729049869971594,1,batch_0003.json
2031876781330899391,2031730358803460149,https://x.com/i/status/2031730358803460149,1,batch_0003.json
2031876781330899391,2031734505812156750,https://x.com/i/status/2031734505812156750,1,batch_0003.json
2031876781330899391,2031735035439530009,https://x.com/i/status/2031735035439530009,1,batch_0003.json
2031876781330899391,2031735466198732884,https://x.com/i/status/2031735466198732884,1,batch_0003.json
2031876781330899391,2031737102556123604,https://x.com/i/status/2031737102556123604,1,batch_0003.json
2031876781330899391,2031737655134691597,https://x.com/i/status/2031737655134691597,1,batch_0003.json
2031876781330899391,2031740149709639903,https://x.com/i/status/2031740149709639903,1,batch_0003.json
2031876781330899391,2031741394503577736,https://x.com/i/status/2031741394503577736,1,batch_0003.json
2031876781330899391,2031742058583466140,https://x.com/i/status/2031742058583466140,1,batch_0003.json
2031876781330899391,2031743656734900573,https://x.com/i/status/2031743656734900573,1,batch_0003.json
2031876781330899391,2031743802252087465,https://x.com/i/status/2031743802252087465,1,batch_0003.json
2031876781330899391,2031744832087977989,https://x.com/i/status/2031744832087977989,1,batch_0003.json
2031876781330899391,2031745741824115037,https://x.com/i/status/2031745741824115037,1,batch_0003.json
2031876781330899391,2031745829577409017,https://x.com/i/status/2031745829577409017,1,batch_0003.json
2031876781330899391,2031747796605284761,https://x.com/i/status/2031747796605284761,1,batch_0003.json
2031876781330899391,2031748198792913234,https://x.com/i/status/2031748198792913234,1,batch_0003.json
2031876781330899391,2031749323050885336,https://x.com/i/status/2031749323050885336,1,batch_0003.json
2031876781330899391,2031749476168175807,https://x.com/i/status/2031749476168175807,1,batch_0003.json
2031876781330899391,2031749664634994986,https://x.com/i/status/2031749664634994986,1,batch_0003.json
2031876781330899391,2031750621393465490,https://x.com/i/status/2031750621393465490,1,batch_0003.json
2031876781330899391,2031750817187807306,https://x.com/i/status/2031750817187807306,1,batch_0003.json
2031876781330899391,2031751478717665489,https://x.com/i/status/2031751478717665489,1,batch_0003.json
2031876781330899391,2031752087038820630,https://x.com/i/status/2031752087038820630,1,batch_0003.json
2031876781330899391,2031752390001476061,https://x.com/i/status/2031752390001476061,1,batch_0003.json
2031876781330899391,2031753619175792664,https://x.com/i/status/2031753619175792664,1,batch_0003.json
2031876781330899391,2031754287491973250,https://x.com/i/status/2031754287491973250,1,batch_0003.json
2031876781330899391,2031756298610503943,https://x.com/i/status/2031756298610503943,1,batch_0003.json
2031876781330899391,2031757062825238892,https://x.com/i/status/2031757062825238892,1,batch_0003.json
2031876781330899391,2031760193084596718,https://x.com/i/status/2031760193084596718,1,batch_0003.json
2031876781330899391,2031763617180270595,https://x.com/i/status/2031763617180270595,1,batch_0003.json
2031876781330899391,2031764455592194474,https://x.com/i/status/2031764455592194474,1,batch_0003.json
2031876781330899391,2031765226228478406,https://x.com/i/status/2031765226228478406,1,batch_0003.json
2031876781330899391,2031767404557045998,https://x.com/i/status/2031767404557045998,1,batch_0003.json
2031876781330899391,2031767506633822415,https://x.com/i/status/2031767506633822415,1,batch_0003.json
2031876781330899391,2031769139178574326,https://x.com/i/status/2031769139178574326,1,batch_0003.json
2031876781330899391,2031769448844038334,https://x.com/i/status/2031769448844038334,1,batch_0003.json
2031876781330899391,2031771464353878060,https://x.com/i/status/2031771464353878060,1,batch_0003.json
2031876781330899391,2031771551708680444,https://x.com/i/status/2031771551708680444,1,batch_0003.json
2031876781330899391,2031771686538772771,https://x.com/i/status/2031771686538772771,1,batch_0003.json
2031876781330899391,2031771915287728151,https://x.com/i/status/2031771915287728151,1,batch_0003.json
2031876781330899391,2031772199086919977,https://x.com/i/status/2031772199086919977,1,batch_0003.json
2031876781330899391,2031772435524030735,https://x.com/i/status/2031772435524030735,1,batch_0003.json
2031876781330899391,2031772719889453254,https://x.com/i/status/2031772719889453254,1,batch_0003.json
2031876781330899391,2031772982851342544,https://x.com/i/status/2031772982851342544,1,batch_0003.json
2031876781330899391,2031773396262908298,https://x.com/i/status/2031773396262908298,1,batch_0003.json
2031876781330899391,2031773655751913743,https://x.com/i/status/2031773655751913743,1,batch_0003.json
2031876781330899391,2031773823880589630,https://x.com/i/status/2031773823880589630,1,batch_0003.json
2031876781330899391,2031773973210394858,https://x.com/i/status/2031773973210394858,1,batch_0003.json
2031876781330899391,2031774133000794317,https://x.com/i/status/2031774133000794317,1,batch_0003.json
2031876781330899391,2031774291964916052,https://x.com/i/status/2031774291964916052,1,batch_0003.json
2031876781330899391,2031774481232867508,https://x.com/i/status/2031774481232867508,1,batch_0003.json
2031876781330899391,2031774802457817096,https://x.com/i/status/2031774802457817096,1,batch_0003.json
2031876781330899391,2031775004040343645,https://x.com/i/status/2031775004040343645,1,batch_0003.json
2031876781330899391,2031775187889164354,https://x.com/i/status/2031775187889164354,1,batch_0003.json
2031876781330899391,2031775380760363345,https://x.com/i/status/2031775380760363345,1,batch_0003.json
2031876781330899391,2031775600424137111,https://x.com/i/status/2031775600424137111,1,batch_0003.json
2031876781330899391,2031775843861590495,https://x.com/i/status/2031775843861590495,1,batch_0003.json
2031876781330899391,2031775987361276067,https://x.com/i/status/2031775987361276067,1,batch_0003.json
2031876781330899391,2031776086863028272,https://x.com/i/status/2031776086863028272,1,batch_0003.json
2031876781330899391,2031776169062727866,https://x.com/i/status/2031776169062727866,1,batch_0003.json
2031876781330899391,2031776252739174686,https://x.com/i/status/2031776252739174686,1,batch_0003.json
2031876781330899391,2031776500156932159,https://x.com/i/status/2031776500156932159,1,batch_0003.json
2031876781330899391,2031776700636471730,https://x.com/i/status/2031776700636471730,1,batch_0003.json
2031876781330899391,2031776836028403989,https://x.com/i/status/2031776836028403989,1,batch_0003.json
2031876781330899391,2031777016115085438,https://x.com/i/status/2031777016115085438,1,batch_0003.json
2031876781330899391,2031777160671691246,https://x.com/i/status/2031777160671691246,1,batch_0003.json
2031876781330899391,2031777236185940380,https://x.com/i/status/2031777236185940380,1,batch_0003.json
2031876781330899391,2031777285682958768,https://x.com/i/status/2031777285682958768,1,batch_0003.json
2031876781330899391,2031777394239885485,https://x.com/i/status/2031777394239885485,1,batch_0003.json
2031876781330899391,2031777401147998298,https://x.com/i/status/2031777401147998298,1,batch_0003.json
2031876781330899391,2031777498233471202,https://x.com/i/status/2031777498233471202,1,batch_0003.json
2031876781330899391,2031777890690593213,https://x.com/i/status/2031777890690593213,1,batch_0003.json
2031876781330899391,2031778777454280767,https://x.com/i/status/2031778777454280767,1,batch_0003.json
2031876781330899391,2031778897558130691,https://x.com/i/status/2031778897558130691,1,batch_0003.json
2031876781330899391,2031779027099189758,https://x.com/i/status/2031779027099189758,1,batch_0003.json
2031876781330899391,2031779094539436114,https://x.com/i/status/2031779094539436114,1,batch_0003.json
2031876781330899391,2031779123605995858,https://x.com/i/status/2031779123605995858,1,batch_0003.json
2031876781330899391,2031779235283587551,https://x.com/i/status/2031779235283587551,1,batch_0003.json
2031876781330899391,2031779321916821884,https://x.com/i/status/2031779321916821884,1,batch_0003.json
2031876781330899391,2031779549332095466,https://x.com/i/status/2031779549332095466,1,batch_0003.json
2031876781330899391,2031782616085496225,https://x.com/i/status/2031782616085496225,1,batch_0003.json
2031876781330899391,2031785379662102823,https://x.com/i/status/2031785379662102823,1,batch_0003.json
2031876781330899391,2031786278522356123,https://x.com/i/status/2031786278522356123,1,batch_0003.json
2031876781330899391,2031786287569489983,https://x.com/i/status/2031786287569489983,1,batch_0003.json
2031876781330899391,2031786411423051890,https://x.com/i/status/2031786411423051890,1,batch_0003.json
2031876781330899391,2031786559637193136,https://x.com/i/status/2031786559637193136,1,batch_0003.json
2031876781330899391,2031787213084635394,https://x.com/i/status/2031787213084635394,1,batch_0003.json
2031876781330899391,2031788109101175005,https://x.com/i/status/2031788109101175005,1,batch_0003.json
2031876781330899391,2031788490698936463,https://x.com/i/status/2031788490698936463,1,batch_0003.json
2031876781330899391,2031793049160867941,https://x.com/i/status/2031793049160867941,1,batch_0003.json
2031876781330899391,2031793195814662201,https://x.com/i/status/2031793195814662201,1,batch_0003.json
2031876781330899391,2031794395020665004,https://x.com/i/status/2031794395020665004,1,batch_0003.json
2031876781330899391,2031795259085038045,https://x.com/i/status/2031795259085038045,1,batch_0003.json
2031876781330899391,2031799036802449748,https://x.com/i/status/2031799036802449748,1,batch_0003.json
2031876781330899391,2031800742395220063,https://x.com/i/status/2031800742395220063,1,batch_0003.json
2031876781330899391,2031801519545233889,https://x.com/i/status/2031801519545233889,1,batch_0003.json
2031876781330899391,2031803866958708931,https://x.com/i/status/2031803866958708931,1,batch_0003.json
2031876781330899391,2031804463082553608,https://x.com/i/status/2031804463082553608,1,batch_0003.json
2031876781330899391,2031808000005193781,https://x.com/i/status/2031808000005193781,1,batch_0003.json
2031876781330899391,2031810270293631164,https://x.com/i/status/2031810270293631164,1,batch_0003.json
2031876781330899391,2031812503789879607,https://x.com/i/status/2031812503789879607,1,batch_0003.json
2031876781330899391,2031814381474832473,https://x.com/i/status/2031814381474832473,1,batch_0003.json
2031876781330899391,2031815381766001078,https://x.com/i/status/2031815381766001078,1,batch_0003.json
2031876781330899391,2031816585409605860,https://x.com/i/status/2031816585409605860,1,batch_0003.json
2031876781330899391,2031822569557426391,https://x.com/i/status/2031822569557426391,1,batch_0003.json
2031876781330899391,2031822916447584628,https://x.com/i/status/2031822916447584628,1,batch_0003.json
2031876781330899391,2031829237993275852,https://x.com/i/status/2031829237993275852,1,batch_0003.json
2031876781330899391,2031838648162021673,https://x.com/i/status/2031838648162021673,1,batch_0003.json
2031876781330899391,2031843718626422863,https://x.com/i/status/2031843718626422863,1,batch_0003.json
2031876781330899391,2031845587528614173,https://x.com/i/status/2031845587528614173,1,batch_0003.json
2031876781330899391,2031855394360807603,https://x.com/i/status/2031855394360807603,1,batch_0003.json
2031876781330899391,2031868231896514701,https://x.com/i/status/2031868231896514701,1,batch_0003.json
2032664229480653003,2030768885415194949,https://x.com/i/status/2030768885415194949,1,batch_0003.json
2032664229480653003,2030770120423805427,https://x.com/i/status/2030770120423805427,1,batch_0003.json
2032664229480653003,2031207425873731755,https://x.com/i/status/2031207425873731755,1,batch_0003.json
2032839816446906420,2032590852795805994,https://x.com/i/status/2032590852795805994,1,batch_0003.json
2032839816446906420,2032658706987626932,https://x.com/i/status/2032658706987626932,1,batch_0003.json
2032839816446906420,2032804052741009611,https://x.com/i/status/2032804052741009611,1,batch_0003.json
2032839816446906420,2032819644189352263,https://x.com/i/status/2032819644189352263,1,batch_0003.json
2032839816446906420,2032820936236278056,https://x.com/i/status/2032820936236278056,1,batch_0003.json
2032839816446906420,2032822278262764022,https://x.com/i/status/2032822278262764022,1,batch_0003.json
2032839816446906420,2032824012326449660,https://x.com/i/status/2032824012326449660,1,batch_0003.json
2032839816446906420,2032824479332647243,https://x.com/i/status/2032824479332647243,1,batch_0003.json
2032839816446906420,2032824717128691833,https://x.com/i/status/2032824717128691833,1,batch_0003.json
2032839816446906420,2032825278561710158,https://x.com/i/status/2032825278561710158,1,batch_0003.json
2032839816446906420,2032825302167228610,https://x.com/i/status/2032825302167228610,1,batch_0003.json
2032839816446906420,2032825583000822005,https://x.com/i/status/2032825583000822005,1,batch_0003.json
2032839816446906420,2032827141293850766,https://x.com/i/status/2032827141293850766,1,batch_0003.json
2032839816446906420,2032827437961326860,https://x.com/i/status/2032827437961326860,1,batch_0003.json
2032839816446906420,2032828941682237776,https://x.com/i/status/2032828941682237776,1,batch_0003.json
2032839816446906420,2032829208129581423,https://x.com/i/status/2032829208129581423,1,batch_0003.json
2032839816446906420,2032831905297526983,https://x.com/i/status/2032831905297526983,1,batch_0003.json
2032839816446906420,2032832140094619934,https://x.com/i/status/2032832140094619934,1,batch_0003.json
2032839816446906420,2032832470253711813,https://x.com/i/status/2032832470253711813,1,batch_0003.json
2032839816446906420,2032832819521822762,https://x.com/i/status/2032832819521822762,1,batch_0003.json
2032839816446906420,2032833330916323557,https://x.com/i/status/2032833330916323557,1,batch_0003.json
2032839816446906420,2032834074377646336,https://x.com/i/status/2032834074377646336,1,batch_0003.json
2032839816446906420,2032834996743057652,https://x.com/i/status/2032834996743057652,1,batch_0003.json
2032839816446906420,2032835228540993619,https://x.com/i/status/2032835228540993619,1,batch_0003.json
2032839816446906420,2032837369435472113,https://x.com/i/status/2032837369435472113,1,batch_0003.json
2032839816446906420,2032837592950124827,https://x.com/i/status/2032837592950124827,1,batch_0003.json
2032839816446906420,2032838263342510332,https://x.com/i/status/2032838263342510332,1,batch_0003.json
2032839816446906420,2032838953301086337,https://x.com/i/status/2032838953301086337,1,batch_0003.json
2032839816446906420,2032841614587044103,https://x.com/i/status/2032841614587044103,1,batch_0003.json
2032839816446906420,2032843315268206598,https://x.com/i/status/2032843315268206598,1,batch_0003.json
2032839816446906420,2032843817313874377,https://x.com/i/status/2032843817313874377,1,batch_0003.json
2032839816446906420,2032844624662761476,https://x.com/i/status/2032844624662761476,1,batch_0003.json
2032839816446906420,2032848498559701413,https://x.com/i/status/2032848498559701413,1,batch_0003.json
2032839816446906420,2032848524275056836,https://x.com/i/status/2032848524275056836,1,batch_0003.json
2032839816446906420,2032848774838751328,https://x.com/i/status/2032848774838751328,1,batch_0003.json
2032839816446906420,2032852082181697787,https://x.com/i/status/2032852082181697787,1,batch_0003.json
2032839816446906420,2032854917371597310,https://x.com/i/status/2032854917371597310,1,batch_0003.json
2032839816446906420,2032855604742517077,https://x.com/i/status/2032855604742517077,1,batch_0003.json
2032839816446906420,2032855751795028229,https://x.com/i/status/2032855751795028229,1,batch_0003.json
2032839816446906420,2032858250715046058,https://x.com/i/status/2032858250715046058,1,batch_0003.json
2032839816446906420,2032860121726845160,https://x.com/i/status/2032860121726845160,1,batch_0003.json
2032840089240215926,2032590852795805994,https://x.com/i/status/2032590852795805994,1,batch_0003.json
2032840089240215926,2032658706987626932,https://x.com/i/status/2032658706987626932,1,batch_0003.json
2032840089240215926,2032804052741009611,https://x.com/i/status/2032804052741009611,1,batch_0003.json
2032840089240215926,2032819644189352263,https://x.com/i/status/2032819644189352263,1,batch_0003.json
2032840089240215926,2032820936236278056,https://x.com/i/status/2032820936236278056,1,batch_0003.json
2032840089240215926,2032822278262764022,https://x.com/i/status/2032822278262764022,1,batch_0003.json
2032840089240215926,2032824012326449660,https://x.com/i/status/2032824012326449660,1,batch_0003.json
2032840089240215926,2032824479332647243,https://x.com/i/status/2032824479332647243,1,batch_0003.json
2032840089240215926,2032824717128691833,https://x.com/i/status/2032824717128691833,1,batch_0003.json
2032840089240215926,2032825278561710158,https://x.com/i/status/2032825278561710158,1,batch_0003.json
2032840089240215926,2032825302167228610,https://x.com/i/status/2032825302167228610,1,batch_0003.json
2032840089240215926,2032825583000822005,https://x.com/i/status/2032825583000822005,1,batch_0003.json
2032840089240215926,2032827141293850766,https://x.com/i/status/2032827141293850766,1,batch_0003.json
2032840089240215926,2032827437961326860,https://x.com/i/status/2032827437961326860,1,batch_0003.json
2032840089240215926,2032828941682237776,https://x.com/i/status/2032828941682237776,1,batch_0003.json
2032840089240215926,2032829208129581423,https://x.com/i/status/2032829208129581423,1,batch_0003.json
2032840089240215926,2032831905297526983,https://x.com/i/status/2032831905297526983,1,batch_0003.json
2032840089240215926,2032832140094619934,https://x.com/i/status/2032832140094619934,1,batch_0003.json
2032840089240215926,2032832470253711813,https://x.com/i/status/2032832470253711813,1,batch_0003.json
2032840089240215926,2032832819521822762,https://x.com/i/status/2032832819521822762,1,batch_0003.json
2032840089240215926,2032833330916323557,https://x.com/i/status/2032833330916323557,1,batch_0003.json
2032840089240215926,2032834074377646336,https://x.com/i/status/2032834074377646336,1,batch_0003.json
2032840089240215926,2032834996743057652,https://x.com/i/status/2032834996743057652,1,batch_0003.json
2032840089240215926,2032835228540993619,https://x.com/i/status/2032835228540993619,1,batch_0003.json
2032840089240215926,2032837369435472113,https://x.com/i/status/2032837369435472113,1,batch_0003.json
2032840089240215926,2032837592950124827,https://x.com/i/status/2032837592950124827,1,batch_0003.json
2032840089240215926,2032838263342510332,https://x.com/i/status/2032838263342510332,1,batch_0003.json
2032840089240215926,2032838953301086337,https://x.com/i/status/2032838953301086337,1,batch_0003.json
2032979138945102083,2032836142043693235,https://x.com/i/status/2032836142043693235,1,batch_0003.json
2032979138945102083,2032844739456676041,https://x.com/i/status/2032844739456676041,1,batch_0003.json
2032979138945102083,2032858922252394992,https://x.com/i/status/2032858922252394992,1,batch_0003.json
2032979138945102083,2032871314214760777,https://x.com/i/status/2032871314214760777,1,batch_0003.json
2032979138945102083,2032873614530261064,https://x.com/i/status/2032873614530261064,1,batch_0003.json
2032979138945102083,2032874872313962968,https://x.com/i/status/2032874872313962968,1,batch_0003.json
2032979138945102083,2032878096752255158,https://x.com/i/status/2032878096752255158,1,batch_0003.json
2032979138945102083,2032904065428975911,https://x.com/i/status/2032904065428975911,1,batch_0003.json
2032979138945102083,2032910984533230051,https://x.com/i/status/2032910984533230051,1,batch_0003.json
2032979138945102083,2032911342185680952,https://x.com/i/status/2032911342185680952,1,batch_0003.json
2032979138945102083,2032915384014188770,https://x.com/i/status/2032915384014188770,1,batch_0003.json
2032979138945102083,2032926871168462940,https://x.com/i/status/2032926871168462940,1,batch_0003.json
2032979138945102083,2032932767877439830,https://x.com/i/status/2032932767877439830,1,batch_0003.json
2032979138945102083,2032932904167203317,https://x.com/i/status/2032932904167203317,1,batch_0003.json
2032979138945102083,2033004360863723958,https://x.com/i/status/2033004360863723958,1,batch_0003.json
2032979138945102083,2033064983555354765,https://x.com/i/status/2033064983555354765,1,batch_0003.json
2033301819388997830,2033163583450690035,https://x.com/i/status/2033163583450690035,1,batch_0003.json
2033301819388997830,2033287312163983550,https://x.com/i/status/2033287312163983550,1,batch_0003.json
2033301819388997830,2033291854691684778,https://x.com/i/status/2033291854691684778,1,batch_0003.json
2033301819388997830,2033295378859065780,https://x.com/i/status/2033295378859065780,1,batch_0003.json
2033956519772099045,2033279640857448474,https://x.com/i/status/2033279640857448474,1,batch_0003.json
2034096257036165389,2034061732415504533,https://x.com/i/status/2034061732415504533,1,batch_0003.json
2034096257036165389,2034081618340573510,https://x.com/i/status/2034081618340573510,1,batch_0003.json
2034096257036165389,2034089386611187893,https://x.com/i/status/2034089386611187893,1,batch_0003.json
2034213921192661405,2034076734740451466,https://x.com/i/status/2034076734740451466,1,batch_0003.json
2034213921192661405,2034077045152456732,https://x.com/i/status/2034077045152456732,1,batch_0003.json
2034213921192661405,2034080533928370499,https://x.com/i/status/2034080533928370499,1,batch_0003.json
2034213921192661405,2034086540960239916,https://x.com/i/status/2034086540960239916,1,batch_0003.json
2034213921192661405,2034090352252965201,https://x.com/i/status/2034090352252965201,1,batch_0003.json
2034213921192661405,2034113781794533566,https://x.com/i/status/2034113781794533566,1,batch_0003.json
2034213921192661405,2034136529472192528,https://x.com/i/status/2034136529472192528,1,batch_0003.json
2034213921192661405,2034149793686282392,https://x.com/i/status/2034149793686282392,1,batch_0003.json
2034213921192661405,2034154726292595158,https://x.com/i/status/2034154726292595158,1,batch_0003.json
2034213921192661405,2034165495877050667,https://x.com/i/status/2034165495877050667,1,batch_0003.json
2034213921192661405,2034166503860539624,https://x.com/i/status/2034166503860539624,1,batch_0003.json
2034213921192661405,2034167585902678453,https://x.com/i/status/2034167585902678453,1,batch_0003.json
2034213921192661405,2034180880953155947,https://x.com/i/status/2034180880953155947,1,batch_0003.json
2034213921192661405,2034204898368409708,https://x.com/i/status/2034204898368409708,1,batch_0003.json
2034213921192661405,2034221125081907651,https://x.com/i/status/2034221125081907651,1,batch_0003.json
2034213921192661405,2034241876610470267,https://x.com/i/status/2034241876610470267,1,batch_0003.json
2034213921192661405,2034245989301997636,https://x.com/i/status/2034245989301997636,1,batch_0003.json
2034213921192661405,2034276855277138352,https://x.com/i/status/2034276855277138352,1,batch_0003.json
2034213921192661405,2034283094035796092,https://x.com/i/status/2034283094035796092,1,batch_0003.json
2034213921192661405,2034307967323889893,https://x.com/i/status/2034307967323889893,1,batch_0003.json
2034213921192661405,2034318284380623062,https://x.com/i/status/2034318284380623062,1,batch_0003.json
2034213921192661405,2034323276416033125,https://x.com/i/status/2034323276416033125,1,batch_0003.json
2034213921192661405,2034331434052190370,https://x.com/i/status/2034331434052190370,1,batch_0003.json
2034213921192661405,2034331556660101237,https://x.com/i/status/2034331556660101237,1,batch_0003.json
2034213921192661405,2034332431981965438,https://x.com/i/status/2034332431981965438,1,batch_0003.json
2034213921192661405,2034339990860185914,https://x.com/i/status/2034339990860185914,1,batch_0003.json
2034213921192661405,2034340569716269304,https://x.com/i/status/2034340569716269304,1,batch_0003.json
2034213921192661405,2034340925674017146,https://x.com/i/status/2034340925674017146,1,batch_0003.json
2034213921192661405,2034343706929643985,https://x.com/i/status/2034343706929643985,1,batch_0003.json
2034213921192661405,2034347618805899291,https://x.com/i/status/2034347618805899291,1,batch_0003.json
2034213921192661405,2034351634550014375,https://x.com/i/status/2034351634550014375,1,batch_0003.json
2034213921192661405,2034356301979922438,https://x.com/i/status/2034356301979922438,1,batch_0003.json
2034213921192661405,2034359023261102167,https://x.com/i/status/2034359023261102167,1,batch_0003.json
2034213921192661405,2034364783097426387,https://x.com/i/status/2034364783097426387,1,batch_0003.json
2034213921192661405,2034364879956783341,https://x.com/i/status/2034364879956783341,1,batch_0003.json
2034213921192661405,2034365051700695069,https://x.com/i/status/2034365051700695069,1,batch_0003.json
2034213921192661405,2034366208095453406,https://x.com/i/status/2034366208095453406,1,batch_0003.json
2034213921192661405,2034368353402343663,https://x.com/i/status/2034368353402343663,1,batch_0003.json
2034213921192661405,2034369903072039260,https://x.com/i/status/2034369903072039260,1,batch_0003.json
2034213921192661405,2034376913339224553,https://x.com/i/status/2034376913339224553,1,batch_0003.json
2034213921192661405,2034379404055371786,https://x.com/i/status/2034379404055371786,1,batch_0003.json
2034213921192661405,2034380321718763862,https://x.com/i/status/2034380321718763862,1,batch_0003.json
2034213921192661405,2034382946954547695,https://x.com/i/status/2034382946954547695,1,batch_0003.json
2034213921192661405,2034383797127676064,https://x.com/i/status/2034383797127676064,1,batch_0003.json
2034213921192661405,2034385807692435609,https://x.com/i/status/2034385807692435609,1,batch_0003.json
2034213921192661405,2034387894840774990,https://x.com/i/status/2034387894840774990,1,batch_0003.json
2034213921192661405,2034395675534729328,https://x.com/i/status/2034395675534729328,1,batch_0003.json
2034213921192661405,2034400904133173623,https://x.com/i/status/2034400904133173623,1,batch_0003.json
2034213921192661405,2034407440243163632,https://x.com/i/status/2034407440243163632,1,batch_0003.json
2034213921192661405,2034407813448139211,https://x.com/i/status/2034407813448139211,1,batch_0003.json
2034213921192661405,2034408113164419454,https://x.com/i/status/2034408113164419454,1,batch_0003.json
2034213921192661405,2034408534121513283,https://x.com/i/status/2034408534121513283,1,batch_0003.json
2034213921192661405,2034409010909073824,https://x.com/i/status/2034409010909073824,1,batch_0003.json
2034213921192661405,2034411802008965256,https://x.com/i/status/2034411802008965256,1,batch_0003.json
2034213921192661405,2034458122723401946,https://x.com/i/status/2034458122723401946,1,batch_0003.json
2034213921192661405,2034469321242476815,https://x.com/i/status/2034469321242476815,1,batch_0003.json
2034213921192661405,2034540380432236850,https://x.com/i/status/2034540380432236850,1,batch_0003.json
2034213921192661405,2034608454770577884,https://x.com/i/status/2034608454770577884,1,batch_0003.json
2034213921192661405,2034611516108886077,https://x.com/i/status/2034611516108886077,1,batch_0003.json
2034213921192661405,2034612687984877728,https://x.com/i/status/2034612687984877728,1,batch_0003.json
2034213921192661405,2034613030999269741,https://x.com/i/status/2034613030999269741,1,batch_0003.json
2034213921192661405,2034613366258360783,https://x.com/i/status/2034613366258360783,1,batch_0003.json
2034213921192661405,2034616447587021161,https://x.com/i/status/2034616447587021161,1,batch_0003.json
2034213921192661405,2034616785723339122,https://x.com/i/status/2034616785723339122,1,batch_0003.json
2034213921192661405,2034628249892929903,https://x.com/i/status/2034628249892929903,1,batch_0003.json
2034213921192661405,2034633840157700490,https://x.com/i/status/2034633840157700490,1,batch_0003.json
2034213921192661405,2034638809565196766,https://x.com/i/status/2034638809565196766,1,batch_0003.json
2034213921192661405,2034639238281429334,https://x.com/i/status/2034639238281429334,1,batch_0003.json
2034213921192661405,2034651047734423825,https://x.com/i/status/2034651047734423825,1,batch_0003.json
2034213921192661405,2034667587380937005,https://x.com/i/status/2034667587380937005,1,batch_0003.json
2034213921192661405,2034743277027561785,https://x.com/i/status/2034743277027561785,1,batch_0003.json
2034213921192661405,2034748950817767553,https://x.com/i/status/2034748950817767553,1,batch_0003.json
2034213921192661405,2034750871536378282,https://x.com/i/status/2034750871536378282,1,batch_0003.json
2034213921192661405,2034752902791610388,https://x.com/i/status/2034752902791610388,1,batch_0003.json
2034213921192661405,2034774420959510729,https://x.com/i/status/2034774420959510729,1,batch_0003.json
2034213921192661405,2034775278380077395,https://x.com/i/status/2034775278380077395,1,batch_0003.json
2034213921192661405,2034778064748781786,https://x.com/i/status/2034778064748781786,1,batch_0003.json
2034213921192661405,2034794222994305276,https://x.com/i/status/2034794222994305276,1,batch_0003.json
2034213921192661405,2034798708085096686,https://x.com/i/status/2034798708085096686,1,batch_0003.json
2034213921192661405,2035004415544107401,https://x.com/i/status/2035004415544107401,1,batch_0003.json
2034213921192661405,2035333860523737334,https://x.com/i/status/2035333860523737334,1,batch_0003.json
2034213921192661405,2035335595459826030,https://x.com/i/status/2035335595459826030,1,batch_0003.json
2034213921192661405,2035337210392609063,https://x.com/i/status/2035337210392609063,1,batch_0003.json
2034213921192661405,2035337604556554595,https://x.com/i/status/2035337604556554595,1,batch_0003.json
2034213921192661405,2035340218807820466,https://x.com/i/status/2035340218807820466,1,batch_0003.json
2034213921192661405,2035551265573449963,https://x.com/i/status/2035551265573449963,1,batch_0003.json
2034213921192661405,2036985422853579146,https://x.com/i/status/2036985422853579146,1,batch_0003.json
2034213921192661405,2038227958804922875,https://x.com/i/status/2038227958804922875,1,batch_0003.json
2035512494731448392,2035409574996410603,https://x.com/i/status/2035409574996410603,1,batch_0004.json
2035668949405237695,2035421070241722547,https://x.com/i/status/2035421070241722547,1,batch_0004.json
2035668949405237695,2035457879973736577,https://x.com/i/status/2035457879973736577,1,batch_0004.json
2035668949405237695,2035461023013167609,https://x.com/i/status/2035461023013167609,1,batch_0004.json
2035668949405237695,2035462946977927363,https://x.com/i/status/2035462946977927363,1,batch_0004.json
2035668949405237695,2035464343408537734,https://x.com/i/status/2035464343408537734,1,batch_0004.json
2035668949405237695,2035480425976807692,https://x.com/i/status/2035480425976807692,1,batch_0004.json
2035668949405237695,2035482825802039782,https://x.com/i/status/2035482825802039782,1,batch_0004.json
2035668949405237695,2035484225353154712,https://x.com/i/status/2035484225353154712,1,batch_0004.json
2035668949405237695,2035491298518687992,https://x.com/i/status/2035491298518687992,1,batch_0004.json
2035668949405237695,2035493312337940601,https://x.com/i/status/2035493312337940601,1,batch_0004.json
2035668949405237695,2035501532917969342,https://x.com/i/status/2035501532917969342,1,batch_0004.json
2035668949405237695,2035518740306047474,https://x.com/i/status/2035518740306047474,1,batch_0004.json
2035668949405237695,2035534434829574170,https://x.com/i/status/2035534434829574170,1,batch_0004.json
2035668949405237695,2035560242268737643,https://x.com/i/status/2035560242268737643,1,batch_0004.json
2035668949405237695,2035562539593961491,https://x.com/i/status/2035562539593961491,1,batch_0004.json
2035668949405237695,2035628803301552363,https://x.com/i/status/2035628803301552363,1,batch_0004.json
2035668949405237695,2035669450544878069,https://x.com/i/status/2035669450544878069,1,batch_0004.json
2035668949405237695,2035792225775354215,https://x.com/i/status/2035792225775354215,1,batch_0004.json
2035668949405237695,2035841544012562480,https://x.com/i/status/2035841544012562480,1,batch_0004.json
2035668949405237695,2035885110306705732,https://x.com/i/status/2035885110306705732,1,batch_0004.json
2035668949405237695,2035990933783662979,https://x.com/i/status/2035990933783662979,1,batch_0004.json
2035668949405237695,2036006090018590924,https://x.com/i/status/2036006090018590924,1,batch_0004.json
2035668949405237695,2036086353918587387,https://x.com/i/status/2036086353918587387,1,batch_0004.json
2035668949405237695,2036094495997980749,https://x.com/i/status/2036094495997980749,1,batch_0004.json
2036595882976563446,2036332501807882335,https://x.com/i/status/2036332501807882335,1,batch_0002 (1).json
2036595882976563446,2036332989416665260,https://x.com/i/status/2036332989416665260,1,batch_0002 (1).json
2036595882976563446,2036426806442463397,https://x.com/i/status/2036426806442463397,1,batch_0002 (1).json
2036595882976563446,2036441916900782408,https://x.com/i/status/2036441916900782408,1,batch_0002 (1).json
2036595882976563446,2036442266361794601,https://x.com/i/status/2036442266361794601,1,batch_0002 (1).json
2036595882976563446,2036464080907628550,https://x.com/i/status/2036464080907628550,1,batch_0002 (1).json
2036595882976563446,2036482403858833840,https://x.com/i/status/2036482403858833840,1,batch_0002 (1).json
2036595882976563446,2036502381916021136,https://x.com/i/status/2036502381916021136,1,batch_0002 (1).json
2036595882976563446,2036529391916765367,https://x.com/i/status/2036529391916765367,1,batch_0002 (1).json
2036595882976563446,2036532390408101924,https://x.com/i/status/2036532390408101924,1,batch_0002 (1).json
2036595882976563446,2036536058167566551,https://x.com/i/status/2036536058167566551,1,batch_0002 (1).json
2036595882976563446,2036541738609943011,https://x.com/i/status/2036541738609943011,1,batch_0002 (1).json
2036595882976563446,2036545466788139511,https://x.com/i/status/2036545466788139511,1,batch_0002 (1).json
2036595882976563446,2036547240303456564,https://x.com/i/status/2036547240303456564,1,batch_0002 (1).json
2036595882976563446,2036556546159612315,https://x.com/i/status/2036556546159612315,1,batch_0002 (1).json
2036595882976563446,2036560864459849920,https://x.com/i/status/2036560864459849920,1,batch_0002 (1).json
2036595882976563446,2036563780247670831,https://x.com/i/status/2036563780247670831,1,batch_0002 (1).json
2036595882976563446,2036563880562872717,https://x.com/i/status/2036563880562872717,1,batch_0002 (1).json
2036595882976563446,2036616397027999773,https://x.com/i/status/2036616397027999773,1,batch_0002 (1).json
2036595882976563446,2036632180189749295,https://x.com/i/status/2036632180189749295,1,batch_0002 (1).json
2036595882976563446,2036647415789318419,https://x.com/i/status/2036647415789318419,1,batch_0002 (1).json
2036595882976563446,2036678643163025438,https://x.com/i/status/2036678643163025438,1,batch_0002 (1).json
2036595882976563446,2036739275199221875,https://x.com/i/status/2036739275199221875,1,batch_0002 (1).json
2036595882976563446,2036759146607923211,https://x.com/i/status/2036759146607923211,1,batch_0002 (1).json
2036595882976563446,2036764065398210822,https://x.com/i/status/2036764065398210822,1,batch_0002 (1).json
2036595882976563446,2036847895362601311,https://x.com/i/status/2036847895362601311,1,batch_0002 (1).json
2036595882976563446,2036856460215259645,https://x.com/i/status/2036856460215259645,1,batch_0002 (1).json
2036595882976563446,2037109460146045068,https://x.com/i/status/2037109460146045068,1,batch_0002 (1).json
2036595882976563446,2037210410860818471,https://x.com/i/status/2037210410860818471,1,batch_0002 (1).json
2036595882976563446,2037296466478166044,https://x.com/i/status/2037296466478166044,1,batch_0002 (1).json
2036595882976563446,2037655444655571397,https://x.com/i/status/2037655444655571397,1,batch_0002 (1).json
2036595882976563446,2039123985368023470,https://x.com/i/status/2039123985368023470,1,batch_0002 (1).json
2036595882976563446,2039748588478104010,https://x.com/i/status/2039748588478104010,1,batch_0002 (1).json
2036595882976563446,2040174721719824546,https://x.com/i/status/2040174721719824546,1,batch_0002 (1).json
2036595882976563446,2040516886899675364,https://x.com/i/status/2040516886899675364,1,batch_0002 (1).json
2036595882976563446,2040933368536158213,https://x.com/i/status/2040933368536158213,1,batch_0002 (1).json
2036595882976563446,2041055047698592082,https://x.com/i/status/2041055047698592082,1,batch_0002 (1).json
2036595882976563446,2041061651470749932,https://x.com/i/status/2041061651470749932,1,batch_0002 (1).json
2036595882976563446,2041190205382676832,https://x.com/i/status/2041190205382676832,1,batch_0002 (1).json
2037517382726361150,2037504184174473650,https://x.com/i/status/2037504184174473650,1,batch_0003.json
2038877160954368014,2038546635060662451,https://x.com/i/status/2038546635060662451,1,batch_0004.json
2038877160954368014,2038705176341626936,https://x.com/i/status/2038705176341626936,1,batch_0004.json
2038877160954368014,2038707238445940960,https://x.com/i/status/2038707238445940960,1,batch_0004.json
2038877160954368014,2038763638521987237,https://x.com/i/status/2038763638521987237,1,batch_0004.json
2038877160954368014,2038830145008451680,https://x.com/i/status/2038830145008451680,1,batch_0004.json
2038877160954368014,2038852463625990626,https://x.com/i/status/2038852463625990626,1,batch_0004.json
2038877160954368014,2038877763940270487,https://x.com/i/status/2038877763940270487,1,batch_0004.json
2039247419368427605,2038940245417136132,https://x.com/i/status/2038940245417136132,1,batch_0004.json
2039247419368427605,2039036497584628014,https://x.com/i/status/2039036497584628014,1,batch_0004.json
2039461427518292298,2039368330776400006,https://x.com/i/status/2039368330776400006,1,batch_0004.json
2039461427518292298,2039378831920787894,https://x.com/i/status/2039378831920787894,1,batch_0004.json
2039461427518292298,2039466831044362532,https://x.com/i/status/2039466831044362532,1,batch_0004.json
2039461427518292298,2040250762379284929,https://x.com/i/status/2040250762379284929,1,batch_0004.json
2039487906541146596,2039449193450745881,https://x.com/i/status/2039449193450745881,1,batch_0004.json
2039487906541146596,2039451436166042083,https://x.com/i/status/2039451436166042083,1,batch_0004.json
2039487906541146596,2039452663255863729,https://x.com/i/status/2039452663255863729,1,batch_0004.json
2039487906541146596,2039453055377166754,https://x.com/i/status/2039453055377166754,1,batch_0004.json
2039487906541146596,2039453099358654836,https://x.com/i/status/2039453099358654836,1,batch_0004.json
2039487906541146596,2039453838713790499,https://x.com/i/status/2039453838713790499,1,batch_0004.json
2039487906541146596,2039454233481576470,https://x.com/i/status/2039454233481576470,1,batch_0004.json
2039487906541146596,2039454380949151888,https://x.com/i/status/2039454380949151888,1,batch_0004.json
2039487906541146596,2039454553662538100,https://x.com/i/status/2039454553662538100,1,batch_0004.json
2039487906541146596,2039454899939770438,https://x.com/i/status/2039454899939770438,1,batch_0004.json
2039487906541146596,2039455104076763418,https://x.com/i/status/2039455104076763418,1,batch_0004.json
2039487906541146596,2039455601076343034,https://x.com/i/status/2039455601076343034,1,batch_0004.json
2039487906541146596,2039456334471737613,https://x.com/i/status/2039456334471737613,1,batch_0004.json
2039487906541146596,2039456426582474980,https://x.com/i/status/2039456426582474980,1,batch_0004.json
2039487906541146596,2039456569142776280,https://x.com/i/status/2039456569142776280,1,batch_0004.json
2039487906541146596,2039456634821394569,https://x.com/i/status/2039456634821394569,1,batch_0004.json
2039487906541146596,2039456809014956364,https://x.com/i/status/2039456809014956364,1,batch_0004.json
2039487906541146596,2039457383181623383,https://x.com/i/status/2039457383181623383,1,batch_0004.json
2039487906541146596,2039457499187700194,https://x.com/i/status/2039457499187700194,1,batch_0004.json
2039487906541146596,2039457508515856563,https://x.com/i/status/2039457508515856563,1,batch_0004.json
2039487906541146596,2039457717174112746,https://x.com/i/status/2039457717174112746,1,batch_0004.json
2039487906541146596,2039457787906756988,https://x.com/i/status/2039457787906756988,1,batch_0004.json
2039487906541146596,2039457932195053851,https://x.com/i/status/2039457932195053851,1,batch_0004.json
2039487906541146596,2039457942273974480,https://x.com/i/status/2039457942273974480,1,batch_0004.json
2039487906541146596,2039457946585690558,https://x.com/i/status/2039457946585690558,1,batch_0004.json
2039487906541146596,2039457973005615105,https://x.com/i/status/2039457973005615105,1,batch_0004.json
2039487906541146596,2039458133903352316,https://x.com/i/status/2039458133903352316,1,batch_0004.json
2039487906541146596,2039458161770512640,https://x.com/i/status/2039458161770512640,1,batch_0004.json
2039487906541146596,2039458215134450050,https://x.com/i/status/2039458215134450050,1,batch_0004.json
2039487906541146596,2039458252908306656,https://x.com/i/status/2039458252908306656,1,batch_0004.json
2039487906541146596,2039458274458628330,https://x.com/i/status/2039458274458628330,1,batch_0004.json
2039487906541146596,2039458415588614481,https://x.com/i/status/2039458415588614481,1,batch_0004.json
2039487906541146596,2039458526246875576,https://x.com/i/status/2039458526246875576,1,batch_0004.json
2039487906541146596,2039458621935796616,https://x.com/i/status/2039458621935796616,1,batch_0004.json
2039487906541146596,2039458622279672031,https://x.com/i/status/2039458622279672031,1,batch_0004.json
2039487906541146596,2039458866748923967,https://x.com/i/status/2039458866748923967,1,batch_0004.json
2039487906541146596,2039458940300279925,https://x.com/i/status/2039458940300279925,1,batch_0004.json
2039487906541146596,2039459109360062791,https://x.com/i/status/2039459109360062791,1,batch_0004.json
2039487906541146596,2039459140389449934,https://x.com/i/status/2039459140389449934,1,batch_0004.json
2039487906541146596,2039459170982703378,https://x.com/i/status/2039459170982703378,1,batch_0004.json
2039487906541146596,2039459316403511648,https://x.com/i/status/2039459316403511648,1,batch_0004.json
2039487906541146596,2039459420950716848,https://x.com/i/status/2039459420950716848,1,batch_0004.json
2039487906541146596,2039459674219569503,https://x.com/i/status/2039459674219569503,1,batch_0004.json
2039487906541146596,2039459776719966338,https://x.com/i/status/2039459776719966338,1,batch_0004.json
2039487906541146596,2039460087807275410,https://x.com/i/status/2039460087807275410,1,batch_0004.json
2039487906541146596,2039460393106502080,https://x.com/i/status/2039460393106502080,1,batch_0004.json
2039487906541146596,2039460434885898444,https://x.com/i/status/2039460434885898444,1,batch_0004.json
2039487906541146596,2039461067915456570,https://x.com/i/status/2039461067915456570,1,batch_0004.json
2039487906541146596,2039461246886453710,https://x.com/i/status/2039461246886453710,1,batch_0004.json
2039487906541146596,2039461303442379213,https://x.com/i/status/2039461303442379213,1,batch_0004.json
2039487906541146596,2039461533646795198,https://x.com/i/status/2039461533646795198,1,batch_0004.json
2039487906541146596,2039461540777136270,https://x.com/i/status/2039461540777136270,1,batch_0004.json
2039487906541146596,2039461580555829700,https://x.com/i/status/2039461580555829700,1,batch_0004.json
2039487906541146596,2039461661354910105,https://x.com/i/status/2039461661354910105,1,batch_0004.json
2039487906541146596,2039461839910703293,https://x.com/i/status/2039461839910703293,1,batch_0004.json
2039487906541146596,2039461892146557383,https://x.com/i/status/2039461892146557383,1,batch_0004.json
2039487906541146596,2039462021448515997,https://x.com/i/status/2039462021448515997,1,batch_0004.json
2039487906541146596,2039462263166292330,https://x.com/i/status/2039462263166292330,1,batch_0004.json
2039487906541146596,2039462391071568310,https://x.com/i/status/2039462391071568310,1,batch_0004.json
2039487906541146596,2039462575180533833,https://x.com/i/status/2039462575180533833,1,batch_0004.json
2039487906541146596,2039462589751583105,https://x.com/i/status/2039462589751583105,1,batch_0004.json
2039487906541146596,2039462732961911211,https://x.com/i/status/2039462732961911211,1,batch_0004.json
2039487906541146596,2039462808660619359,https://x.com/i/status/2039462808660619359,1,batch_0004.json
2039487906541146596,2039462912658481386,https://x.com/i/status/2039462912658481386,1,batch_0004.json
2039487906541146596,2039462922104025458,https://x.com/i/status/2039462922104025458,1,batch_0004.json
2039487906541146596,2039463130284339546,https://x.com/i/status/2039463130284339546,1,batch_0004.json
2039487906541146596,2039463232620900553,https://x.com/i/status/2039463232620900553,1,batch_0004.json
2039487906541146596,2039463234462224828,https://x.com/i/status/2039463234462224828,1,batch_0004.json
2039487906541146596,2039463354725552302,https://x.com/i/status/2039463354725552302,1,batch_0004.json
2039487906541146596,2039463792887681072,https://x.com/i/status/2039463792887681072,1,batch_0004.json
2039487906541146596,2039463813964034298,https://x.com/i/status/2039463813964034298,1,batch_0004.json
2039487906541146596,2039463839226380663,https://x.com/i/status/2039463839226380663,1,batch_0004.json
2039487906541146596,2039464130172608828,https://x.com/i/status/2039464130172608828,1,batch_0004.json
2039487906541146596,2039464142470512772,https://x.com/i/status/2039464142470512772,1,batch_0004.json
2039487906541146596,2039464167975841890,https://x.com/i/status/2039464167975841890,1,batch_0004.json
2039487906541146596,2039464348297343254,https://x.com/i/status/2039464348297343254,1,batch_0004.json
2039487906541146596,2039464429788463239,https://x.com/i/status/2039464429788463239,1,batch_0004.json
2039487906541146596,2039464438965653570,https://x.com/i/status/2039464438965653570,1,batch_0004.json
2039487906541146596,2039464579533603042,https://x.com/i/status/2039464579533603042,1,batch_0004.json
2039487906541146596,2039464766637224269,https://x.com/i/status/2039464766637224269,1,batch_0004.json
2039487906541146596,2039464872912491003,https://x.com/i/status/2039464872912491003,1,batch_0004.json
2039487906541146596,2039464934816252104,https://x.com/i/status/2039464934816252104,1,batch_0004.json
2039487906541146596,2039465519338717259,https://x.com/i/status/2039465519338717259,1,batch_0004.json
2039487906541146596,2039465588888662516,https://x.com/i/status/2039465588888662516,1,batch_0004.json
2039487906541146596,2039465621394469015,https://x.com/i/status/2039465621394469015,1,batch_0004.json
2039487906541146596,2039465650205110326,https://x.com/i/status/2039465650205110326,1,batch_0004.json
2039487906541146596,2039465688486617305,https://x.com/i/status/2039465688486617305,1,batch_0004.json
2039487906541146596,2039465815553024180,https://x.com/i/status/2039465815553024180,1,batch_0004.json
2039487906541146596,2039465943768735807,https://x.com/i/status/2039465943768735807,1,batch_0004.json
2039487906541146596,2039466082885411194,https://x.com/i/status/2039466082885411194,1,batch_0004.json
2039487906541146596,2039466095409525075,https://x.com/i/status/2039466095409525075,1,batch_0004.json
2039487906541146596,2039466243850166785,https://x.com/i/status/2039466243850166785,1,batch_0004.json
2039487906541146596,2039466281800262002,https://x.com/i/status/2039466281800262002,1,batch_0004.json
2039487906541146596,2039466427485147151,https://x.com/i/status/2039466427485147151,1,batch_0004.json
2039487906541146596,2039466590094127194,https://x.com/i/status/2039466590094127194,1,batch_0004.json
2039487906541146596,2039466600303095873,https://x.com/i/status/2039466600303095873,1,batch_0004.json
2039487906541146596,2039466697074114629,https://x.com/i/status/2039466697074114629,1,batch_0004.json
2039487906541146596,2039466725561745537,https://x.com/i/status/2039466725561745537,1,batch_0004.json
2039487906541146596,2039466813277229117,https://x.com/i/status/2039466813277229117,1,batch_0004.json
2039487906541146596,2039466842020868169,https://x.com/i/status/2039466842020868169,1,batch_0004.json
2039487906541146596,2039466871381012654,https://x.com/i/status/2039466871381012654,1,batch_0004.json
2039487906541146596,2039466943942386134,https://x.com/i/status/2039466943942386134,1,batch_0004.json
2039487906541146596,2039467088977277318,https://x.com/i/status/2039467088977277318,1,batch_0004.json
2039487906541146596,2039467178764677624,https://x.com/i/status/2039467178764677624,1,batch_0004.json
2039487906541146596,2039467268485369972,https://x.com/i/status/2039467268485369972,1,batch_0004.json
2039487906541146596,2039467298054975599,https://x.com/i/status/2039467298054975599,1,batch_0004.json
2039487906541146596,2039467342665543743,https://x.com/i/status/2039467342665543743,1,batch_0004.json
2039487906541146596,2039467536694001824,https://x.com/i/status/2039467536694001824,1,batch_0004.json
2039487906541146596,2039467775899381993,https://x.com/i/status/2039467775899381993,1,batch_0004.json
2039487906541146596,2039467832048492620,https://x.com/i/status/2039467832048492620,1,batch_0004.json
2039487906541146596,2039467924021244017,https://x.com/i/status/2039467924021244017,1,batch_0004.json
2039487906541146596,2039468005130650036,https://x.com/i/status/2039468005130650036,1,batch_0004.json
2039487906541146596,2039468267769651603,https://x.com/i/status/2039468267769651603,1,batch_0004.json
2039487906541146596,2039468268637786465,https://x.com/i/status/2039468268637786465,1,batch_0004.json
2039487906541146596,2039468512574374010,https://x.com/i/status/2039468512574374010,1,batch_0004.json
2039487906541146596,2039468632464339332,https://x.com/i/status/2039468632464339332,1,batch_0004.json
2039487906541146596,2039468717424209933,https://x.com/i/status/2039468717424209933,1,batch_0004.json
2039487906541146596,2039469062497943678,https://x.com/i/status/2039469062497943678,1,batch_0004.json
2039487906541146596,2039469196061368595,https://x.com/i/status/2039469196061368595,1,batch_0004.json
2039487906541146596,2039469384465285181,https://x.com/i/status/2039469384465285181,1,batch_0004.json
2039487906541146596,2039469424273457503,https://x.com/i/status/2039469424273457503,1,batch_0004.json
2039487906541146596,2039469586840420712,https://x.com/i/status/2039469586840420712,1,batch_0004.json
2039487906541146596,2039469678171460020,https://x.com/i/status/2039469678171460020,1,batch_0004.json
2039487906541146596,2039470158754803734,https://x.com/i/status/2039470158754803734,1,batch_0004.json
2039487906541146596,2039470198411894819,https://x.com/i/status/2039470198411894819,1,batch_0004.json
2039487906541146596,2039470313927311776,https://x.com/i/status/2039470313927311776,1,batch_0004.json
2039487906541146596,2039470324350160925,https://x.com/i/status/2039470324350160925,1,batch_0004.json
2039487906541146596,2039470406994661577,https://x.com/i/status/2039470406994661577,1,batch_0004.json
2039487906541146596,2039470611676696652,https://x.com/i/status/2039470611676696652,1,batch_0004.json
2039487906541146596,2039470697806770659,https://x.com/i/status/2039470697806770659,1,batch_0004.json
2039487906541146596,2039470800831435234,https://x.com/i/status/2039470800831435234,1,batch_0004.json
2039487906541146596,2039470837502279809,https://x.com/i/status/2039470837502279809,1,batch_0004.json
2039487906541146596,2039470842384453907,https://x.com/i/status/2039470842384453907,1,batch_0004.json
2039487906541146596,2039470992251408546,https://x.com/i/status/2039470992251408546,1,batch_0004.json
2039487906541146596,2039471172388061329,https://x.com/i/status/2039471172388061329,1,batch_0004.json
2039487906541146596,2039471186426417437,https://x.com/i/status/2039471186426417437,1,batch_0004.json
2039487906541146596,2039471255871516880,https://x.com/i/status/2039471255871516880,1,batch_0004.json
2039487906541146596,2039471367670636805,https://x.com/i/status/2039471367670636805,1,batch_0004.json
2039487906541146596,2039471419873013844,https://x.com/i/status/2039471419873013844,1,batch_0004.json
2039487906541146596,2039471511115792662,https://x.com/i/status/2039471511115792662,1,batch_0004.json
2039487906541146596,2039471533450559679,https://x.com/i/status/2039471533450559679,1,batch_0004.json
2039487906541146596,2039471583316631881,https://x.com/i/status/2039471583316631881,1,batch_0004.json
2039487906541146596,2039471624135541126,https://x.com/i/status/2039471624135541126,1,batch_0004.json
2039487906541146596,2039471642749902951,https://x.com/i/status/2039471642749902951,1,batch_0004.json
2039487906541146596,2039471748505309305,https://x.com/i/status/2039471748505309305,1,batch_0004.json
2039487906541146596,2039471794193572342,https://x.com/i/status/2039471794193572342,1,batch_0004.json
2039487906541146596,2039471973546254554,https://x.com/i/status/2039471973546254554,1,batch_0004.json
2039487906541146596,2039472159521644645,https://x.com/i/status/2039472159521644645,1,batch_0004.json
2039487906541146596,2039472583926497423,https://x.com/i/status/2039472583926497423,1,batch_0004.json
2039487906541146596,2039472797575991567,https://x.com/i/status/2039472797575991567,1,batch_0004.json
2039487906541146596,2039473247536755003,https://x.com/i/status/2039473247536755003,1,batch_0004.json
2039487906541146596,2039473445352755425,https://x.com/i/status/2039473445352755425,1,batch_0004.json
2039487906541146596,2039473577024508418,https://x.com/i/status/2039473577024508418,1,batch_0004.json
2039487906541146596,2039473623103066494,https://x.com/i/status/2039473623103066494,1,batch_0004.json
2039487906541146596,2039473665335529958,https://x.com/i/status/2039473665335529958,1,batch_0004.json
2039487906541146596,2039473911654433210,https://x.com/i/status/2039473911654433210,1,batch_0004.json
2039487906541146596,2039474244636029391,https://x.com/i/status/2039474244636029391,1,batch_0004.json
2039487906541146596,2039474632206471646,https://x.com/i/status/2039474632206471646,1,batch_0004.json
2039487906541146596,2039474738959995249,https://x.com/i/status/2039474738959995249,1,batch_0004.json
2039487906541146596,2039474921873477938,https://x.com/i/status/2039474921873477938,1,batch_0004.json
2039487906541146596,2039475015087972677,https://x.com/i/status/2039475015087972677,1,batch_0004.json
2039487906541146596,2039475028471763086,https://x.com/i/status/2039475028471763086,1,batch_0004.json
2039487906541146596,2039475092996891028,https://x.com/i/status/2039475092996891028,1,batch_0004.json
2039487906541146596,2039475290184011963,https://x.com/i/status/2039475290184011963,1,batch_0004.json
2039487906541146596,2039475555570201037,https://x.com/i/status/2039475555570201037,1,batch_0004.json
2039487906541146596,2039475598209237156,https://x.com/i/status/2039475598209237156,1,batch_0004.json
2039487906541146596,2039475625765834917,https://x.com/i/status/2039475625765834917,1,batch_0004.json
2039487906541146596,2039475748717670465,https://x.com/i/status/2039475748717670465,1,batch_0004.json
2039487906541146596,2039475797455479107,https://x.com/i/status/2039475797455479107,1,batch_0004.json
2039487906541146596,2039475804959125957,https://x.com/i/status/2039475804959125957,1,batch_0004.json
2039487906541146596,2039475894473863375,https://x.com/i/status/2039475894473863375,1,batch_0004.json
2039487906541146596,2039476536848613734,https://x.com/i/status/2039476536848613734,1,batch_0004.json
2039487906541146596,2039476578892042342,https://x.com/i/status/2039476578892042342,1,batch_0004.json
2039487906541146596,2039476866705191201,https://x.com/i/status/2039476866705191201,1,batch_0004.json
2039487906541146596,2039477115851091991,https://x.com/i/status/2039477115851091991,1,batch_0004.json
2039487906541146596,2039477222936084519,https://x.com/i/status/2039477222936084519,1,batch_0004.json
2039487906541146596,2039477379785957498,https://x.com/i/status/2039477379785957498,1,batch_0004.json
2039487906541146596,2039477485361070222,https://x.com/i/status/2039477485361070222,1,batch_0004.json
2039487906541146596,2039477543477080190,https://x.com/i/status/2039477543477080190,1,batch_0004.json
2039487906541146596,2039477662821777562,https://x.com/i/status/2039477662821777562,1,batch_0004.json
2039487906541146596,2039478108219150581,https://x.com/i/status/2039478108219150581,1,batch_0004.json
2039487906541146596,2039478253446918655,https://x.com/i/status/2039478253446918655,1,batch_0004.json
2039487906541146596,2039478444447129885,https://x.com/i/status/2039478444447129885,1,batch_0004.json
2039487906541146596,2039478579965424043,https://x.com/i/status/2039478579965424043,1,batch_0004.json
2039487906541146596,2039478647405297992,https://x.com/i/status/2039478647405297992,1,batch_0004.json
2039487906541146596,2039478927425478964,https://x.com/i/status/2039478927425478964,1,batch_0004.json
2039487906541146596,2039479160943280444,https://x.com/i/status/2039479160943280444,1,batch_0004.json
2039487906541146596,2039479528603447369,https://x.com/i/status/2039479528603447369,1,batch_0004.json
2039487906541146596,2039479725467242880,https://x.com/i/status/2039479725467242880,1,batch_0004.json
2039487906541146596,2039480195216740702,https://x.com/i/status/2039480195216740702,1,batch_0004.json
2039487906541146596,2039480683811262704,https://x.com/i/status/2039480683811262704,1,batch_0004.json
2039487906541146596,2039480692367843812,https://x.com/i/status/2039480692367843812,1,batch_0004.json
2039487906541146596,2039481325661360351,https://x.com/i/status/2039481325661360351,1,batch_0004.json
2039487906541146596,2039481517768941772,https://x.com/i/status/2039481517768941772,1,batch_0004.json
2039487906541146596,2039481734476030389,https://x.com/i/status/2039481734476030389,1,batch_0004.json
2039487906541146596,2039482105764135313,https://x.com/i/status/2039482105764135313,1,batch_0004.json
2039487906541146596,2039482660519600277,https://x.com/i/status/2039482660519600277,1,batch_0004.json
2039487906541146596,2039483561925886019,https://x.com/i/status/2039483561925886019,1,batch_0004.json
2039487906541146596,2039484408093405366,https://x.com/i/status/2039484408093405366,1,batch_0004.json
2039487906541146596,2039484422651539628,https://x.com/i/status/2039484422651539628,1,batch_0004.json
2039487906541146596,2039485497043525842,https://x.com/i/status/2039485497043525842,1,batch_0004.json
2039487906541146596,2039485774899417259,https://x.com/i/status/2039485774899417259,1,batch_0004.json
2039487906541146596,2039486670177812775,https://x.com/i/status/2039486670177812775,1,batch_0004.json
2039487906541146596,2039487459252166694,https://x.com/i/status/2039487459252166694,1,batch_0004.json
2039487906541146596,2039487876853866641,https://x.com/i/status/2039487876853866641,1,batch_0004.json
2039487906541146596,2039488173101781281,https://x.com/i/status/2039488173101781281,1,batch_0004.json
2039487906541146596,2039488376017916374,https://x.com/i/status/2039488376017916374,1,batch_0004.json
2039487906541146596,2039489442625540458,https://x.com/i/status/2039489442625540458,1,batch_0004.json
2039487906541146596,2039489561768673503,https://x.com/i/status/2039489561768673503,1,batch_0004.json
2039487906541146596,2039490252251840844,https://x.com/i/status/2039490252251840844,1,batch_0004.json
2039487906541146596,2039490430874562689,https://x.com/i/status/2039490430874562689,1,batch_0004.json
2039487906541146596,2039490985571270700,https://x.com/i/status/2039490985571270700,1,batch_0004.json
2039487906541146596,2039491085563506989,https://x.com/i/status/2039491085563506989,1,batch_0004.json
2039487906541146596,2039491246469611865,https://x.com/i/status/2039491246469611865,1,batch_0004.json
2039487906541146596,2039491802982404384,https://x.com/i/status/2039491802982404384,1,batch_0004.json
2039487906541146596,2039492810596888993,https://x.com/i/status/2039492810596888993,1,batch_0004.json
2039487906541146596,2039492876992720992,https://x.com/i/status/2039492876992720992,1,batch_0004.json
2039487906541146596,2039493388664176937,https://x.com/i/status/2039493388664176937,1,batch_0004.json
2039487906541146596,2039493911870087649,https://x.com/i/status/2039493911870087649,1,batch_0004.json
2039487906541146596,2039495082861031546,https://x.com/i/status/2039495082861031546,1,batch_0004.json
2039487906541146596,2039496309179093411,https://x.com/i/status/2039496309179093411,1,batch_0004.json
2039487906541146596,2039496647005155609,https://x.com/i/status/2039496647005155609,1,batch_0004.json
2039487906541146596,2039498736837988497,https://x.com/i/status/2039498736837988497,1,batch_0004.json
2039487906541146596,2039498852412100863,https://x.com/i/status/2039498852412100863,1,batch_0004.json
2039487906541146596,2039501279072846067,https://x.com/i/status/2039501279072846067,1,batch_0004.json
2039487906541146596,2039501427211399600,https://x.com/i/status/2039501427211399600,1,batch_0004.json
2039487906541146596,2039501699757248813,https://x.com/i/status/2039501699757248813,1,batch_0004.json
2039487906541146596,2039504034231353816,https://x.com/i/status/2039504034231353816,1,batch_0004.json
2039487906541146596,2039504537669517741,https://x.com/i/status/2039504537669517741,1,batch_0004.json
2039487906541146596,2039505393773363402,https://x.com/i/status/2039505393773363402,1,batch_0004.json
2039487906541146596,2039506626869125377,https://x.com/i/status/2039506626869125377,1,batch_0004.json
2039487906541146596,2039510923400937826,https://x.com/i/status/2039510923400937826,1,batch_0004.json
2039487906541146596,2039519839027380613,https://x.com/i/status/2039519839027380613,1,batch_0004.json
2039487906541146596,2039575759610642908,https://x.com/i/status/2039575759610642908,1,batch_0004.json
2039487906541146596,2039584377080774996,https://x.com/i/status/2039584377080774996,1,batch_0004.json
2039487906541146596,2039605384164327472,https://x.com/i/status/2039605384164327472,1,batch_0004.json
2039487906541146596,2039606477573263589,https://x.com/i/status/2039606477573263589,1,batch_0004.json
2039487906541146596,2039618632590799158,https://x.com/i/status/2039618632590799158,1,batch_0004.json
2039487906541146596,2039637735837679644,https://x.com/i/status/2039637735837679644,1,batch_0004.json
2039487906541146596,2039652313439347053,https://x.com/i/status/2039652313439347053,1,batch_0004.json
2039487906541146596,2039699093371355374,https://x.com/i/status/2039699093371355374,1,batch_0004.json
2039487906541146596,2039715222177329660,https://x.com/i/status/2039715222177329660,1,batch_0004.json
2039487906541146596,2039720274531098676,https://x.com/i/status/2039720274531098676,1,batch_0004.json
2039487906541146596,2039722927520981418,https://x.com/i/status/2039722927520981418,1,batch_0004.json
2039487906541146596,2039723766805156307,https://x.com/i/status/2039723766805156307,1,batch_0004.json
2039487906541146596,2039730070193852609,https://x.com/i/status/2039730070193852609,1,batch_0004.json
2039676809021706379,2032292605636059614,https://x.com/i/status/2032292605636059614,1,batch_0004.json
2039676809021706379,2035817424511963370,https://x.com/i/status/2035817424511963370,1,batch_0004.json
2039676809021706379,2038820047637135408,https://x.com/i/status/2038820047637135408,1,batch_0004.json
2039676809021706379,2038852432332018079,https://x.com/i/status/2038852432332018079,1,batch_0004.json
2039676809021706379,2038895966175039997,https://x.com/i/status/2038895966175039997,1,batch_0004.json
2039676809021706379,2038960473576480798,https://x.com/i/status/2038960473576480798,1,batch_0004.json
2039676809021706379,2039065258363408773,https://x.com/i/status/2039065258363408773,1,batch_0004.json
2039676809021706379,2039088010013053054,https://x.com/i/status/2039088010013053054,1,batch_0004.json
2039676809021706379,2039088556036202790,https://x.com/i/status/2039088556036202790,1,batch_0004.json
2039676809021706379,2039092986815070469,https://x.com/i/status/2039092986815070469,1,batch_0004.json
2039676809021706379,2039111543254868330,https://x.com/i/status/2039111543254868330,1,batch_0004.json
2039676809021706379,2039126537031618796,https://x.com/i/status/2039126537031618796,1,batch_0004.json
2039676809021706379,2039188030557233317,https://x.com/i/status/2039188030557233317,1,batch_0004.json
2039676809021706379,2039233273507782658,https://x.com/i/status/2039233273507782658,1,batch_0004.json
2039676809021706379,2039317739639124442,https://x.com/i/status/2039317739639124442,1,batch_0004.json
2039676809021706379,2039317910540492970,https://x.com/i/status/2039317910540492970,1,batch_0004.json
2039676809021706379,2039325468541739423,https://x.com/i/status/2039325468541739423,1,batch_0004.json
2039676809021706379,2039342723333750862,https://x.com/i/status/2039342723333750862,1,batch_0004.json
2039676809021706379,2039349254016163883,https://x.com/i/status/2039349254016163883,1,batch_0004.json
2039676809021706379,2039360912981938524,https://x.com/i/status/2039360912981938524,1,batch_0004.json
2039676809021706379,2039398266698162455,https://x.com/i/status/2039398266698162455,1,batch_0004.json
2039676809021706379,2039399583755948482,https://x.com/i/status/2039399583755948482,1,batch_0004.json
2039676809021706379,2039405697742549200,https://x.com/i/status/2039405697742549200,1,batch_0004.json
2039676809021706379,2039455137362784541,https://x.com/i/status/2039455137362784541,1,batch_0004.json
2039676809021706379,2039468320194515365,https://x.com/i/status/2039468320194515365,1,batch_0004.json
2039676809021706379,2039504821636456781,https://x.com/i/status/2039504821636456781,1,batch_0004.json
2039676809021706379,2039546223221436809,https://x.com/i/status/2039546223221436809,1,batch_0004.json
2039676809021706379,2039548968049443214,https://x.com/i/status/2039548968049443214,1,batch_0004.json
2039676809021706379,2039550882250166652,https://x.com/i/status/2039550882250166652,1,batch_0004.json
2039676809021706379,2039554025239073010,https://x.com/i/status/2039554025239073010,1,batch_0004.json
2039676809021706379,2039554043467493803,https://x.com/i/status/2039554043467493803,1,batch_0004.json
2039676809021706379,2039555438002532590,https://x.com/i/status/2039555438002532590,1,batch_0004.json
2039676809021706379,2039569356242448589,https://x.com/i/status/2039569356242448589,1,batch_0004.json
2039676809021706379,2039569445052616893,https://x.com/i/status/2039569445052616893,1,batch_0004.json
2039676809021706379,2039575467028545543,https://x.com/i/status/2039575467028545543,1,batch_0004.json
2039676809021706379,2039580259876823302,https://x.com/i/status/2039580259876823302,1,batch_0004.json
2039676809021706379,2039580914892881961,https://x.com/i/status/2039580914892881961,1,batch_0004.json
2039676809021706379,2039585318152646704,https://x.com/i/status/2039585318152646704,1,batch_0004.json
2039676809021706379,2039586788554190851,https://x.com/i/status/2039586788554190851,1,batch_0004.json
2039676809021706379,2039590676632142303,https://x.com/i/status/2039590676632142303,1,batch_0004.json
2039676809021706379,2039600782010359935,https://x.com/i/status/2039600782010359935,1,batch_0004.json
2039676809021706379,2039601332928024695,https://x.com/i/status/2039601332928024695,1,batch_0004.json
2039676809021706379,2039610881815031892,https://x.com/i/status/2039610881815031892,1,batch_0004.json
2039676809021706379,2039613167240691866,https://x.com/i/status/2039613167240691866,1,batch_0004.json
2039676809021706379,2039613893933416831,https://x.com/i/status/2039613893933416831,1,batch_0004.json
2039676809021706379,2039617905038692719,https://x.com/i/status/2039617905038692719,1,batch_0004.json
2039676809021706379,2039619338878247060,https://x.com/i/status/2039619338878247060,1,batch_0004.json
2039676809021706379,2039621243322900968,https://x.com/i/status/2039621243322900968,1,batch_0004.json
2039676809021706379,2039622075481240062,https://x.com/i/status/2039622075481240062,1,batch_0004.json
2039676809021706379,2039627112022266211,https://x.com/i/status/2039627112022266211,1,batch_0004.json
2039676809021706379,2039629648661749968,https://x.com/i/status/2039629648661749968,1,batch_0004.json
2039676809021706379,2039629734909268398,https://x.com/i/status/2039629734909268398,1,batch_0004.json
2039676809021706379,2039636724683603999,https://x.com/i/status/2039636724683603999,1,batch_0004.json
2039676809021706379,2039637882541883423,https://x.com/i/status/2039637882541883423,1,batch_0004.json
2039676809021706379,2039638528665985481,https://x.com/i/status/2039638528665985481,1,batch_0004.json
2039676809021706379,2039638714939286003,https://x.com/i/status/2039638714939286003,1,batch_0004.json
2039676809021706379,2039638772741193779,https://x.com/i/status/2039638772741193779,1,batch_0004.json
2039676809021706379,2039641653796118679,https://x.com/i/status/2039641653796118679,1,batch_0004.json
2039676809021706379,2039643024192340462,https://x.com/i/status/2039643024192340462,1,batch_0004.json
2039676809021706379,2039644823255212171,https://x.com/i/status/2039644823255212171,1,batch_0004.json
2039676809021706379,2039645043305197997,https://x.com/i/status/2039645043305197997,1,batch_0004.json
2039676809021706379,2039651257263046798,https://x.com/i/status/2039651257263046798,1,batch_0004.json
2039676809021706379,2039655059366011363,https://x.com/i/status/2039655059366011363,1,batch_0004.json
2039676809021706379,2039655870548545972,https://x.com/i/status/2039655870548545972,1,batch_0004.json
2039676809021706379,2039658470669213739,https://x.com/i/status/2039658470669213739,1,batch_0004.json
2039676809021706379,2039659694680113553,https://x.com/i/status/2039659694680113553,1,batch_0004.json
2039676809021706379,2039664974830645443,https://x.com/i/status/2039664974830645443,1,batch_0004.json
2039676809021706379,2039665472602538000,https://x.com/i/status/2039665472602538000,1,batch_0004.json
2039676809021706379,2039671733624394055,https://x.com/i/status/2039671733624394055,1,batch_0004.json
2039676809021706379,2039672089553109066,https://x.com/i/status/2039672089553109066,1,batch_0004.json
2039676809021706379,2039675464223211712,https://x.com/i/status/2039675464223211712,1,batch_0004.json
2039676809021706379,2039686094376030513,https://x.com/i/status/2039686094376030513,1,batch_0004.json
2039676809021706379,2039704619228467388,https://x.com/i/status/2039704619228467388,1,batch_0004.json
2039676809021706379,2039706474880938374,https://x.com/i/status/2039706474880938374,1,batch_0004.json
2039676809021706379,2039716732021940246,https://x.com/i/status/2039716732021940246,1,batch_0004.json
2047194729444782159,2047231619908424082,https://x.com/i/status/2047231619908424082,1,batch_0002 (1).json
2047194729444782159,2047261533273538928,https://x.com/i/status/2047261533273538928,1,batch_0002 (1).json
2047194729444782159,2047275165885591681,https://x.com/i/status/2047275165885591681,1,batch_0002 (1).json
2047194729444782159,2047288178071990504,https://x.com/i/status/2047288178071990504,1,batch_0002 (1).json
2047194729444782159,2047298827879686210,https://x.com/i/status/2047298827879686210,1,batch_0002 (1).json
2047194729444782159,2047298885131931801,https://x.com/i/status/2047298885131931801,1,batch_0002 (1).json
2047194729444782159,2047298924772212951,https://x.com/i/status/2047298924772212951,1,batch_0002 (1).json
2047194729444782159,2047298978824282229,https://x.com/i/status/2047298978824282229,1,batch_0002 (1).json
2047194729444782159,2047299232139247754,https://x.com/i/status/2047299232139247754,1,batch_0002 (1).json
2047194729444782159,2047299287936033096,https://x.com/i/status/2047299287936033096,1,batch_0002 (1).json
2047194729444782159,2047299374225539199,https://x.com/i/status/2047299374225539199,1,batch_0002 (1).json
2047194729444782159,2047299588940235241,https://x.com/i/status/2047299588940235241,1,batch_0002 (1).json
2047194729444782159,2047299635492835836,https://x.com/i/status/2047299635492835836,1,batch_0002 (1).json
2047194729444782159,2047299670246871234,https://x.com/i/status/2047299670246871234,1,batch_0002 (1).json
2047194729444782159,2047299704774439143,https://x.com/i/status/2047299704774439143,1,batch_0002 (1).json
2047194729444782159,2047299755840073803,https://x.com/i/status/2047299755840073803,1,batch_0002 (1).json
2047194729444782159,2047299830653792468,https://x.com/i/status/2047299830653792468,1,batch_0002 (1).json
2047194729444782159,2047299882612899853,https://x.com/i/status/2047299882612899853,1,batch_0002 (1).json
2047194729444782159,2047299949931471215,https://x.com/i/status/2047299949931471215,1,batch_0002 (1).json
2047194729444782159,2047300126251594230,https://x.com/i/status/2047300126251594230,1,batch_0002 (1).json
2047194729444782159,2047300195281416573,https://x.com/i/status/2047300195281416573,1,batch_0002 (1).json
2047194729444782159,2047300223462982003,https://x.com/i/status/2047300223462982003,1,batch_0002 (1).json
2047194729444782159,2047300508084224419,https://x.com/i/status/2047300508084224419,1,batch_0002 (1).json
2047194729444782159,2047300547003183449,https://x.com/i/status/2047300547003183449,1,batch_0002 (1).json
2047194729444782159,2047300605060743400,https://x.com/i/status/2047300605060743400,1,batch_0002 (1).json
2047194729444782159,2047300919113433129,https://x.com/i/status/2047300919113433129,1,batch_0002 (1).json
2047194729444782159,2047301073153527977,https://x.com/i/status/2047301073153527977,1,batch_0002 (1).json
2047194729444782159,2047301124818972756,https://x.com/i/status/2047301124818972756,1,batch_0002 (1).json
2047194729444782159,2047301185061769295,https://x.com/i/status/2047301185061769295,1,batch_0002 (1).json
2047194729444782159,2047301264015262206,https://x.com/i/status/2047301264015262206,1,batch_0002 (1).json
2047194729444782159,2047301304586739758,https://x.com/i/status/2047301304586739758,1,batch_0002 (1).json
2047194729444782159,2047301642668695630,https://x.com/i/status/2047301642668695630,1,batch_0002 (1).json
2047194729444782159,2047301700021518746,https://x.com/i/status/2047301700021518746,1,batch_0002 (1).json
2047194729444782159,2047301940120261001,https://x.com/i/status/2047301940120261001,1,batch_0002 (1).json
2047194729444782159,2047301986299617704,https://x.com/i/status/2047301986299617704,1,batch_0002 (1).json
2047194729444782159,2047302088246309020,https://x.com/i/status/2047302088246309020,1,batch_0002 (1).json
2047194729444782159,2047302819418415259,https://x.com/i/status/2047302819418415259,1,batch_0002 (1).json
2047194729444782159,2047304240830259544,https://x.com/i/status/2047304240830259544,1,batch_0002 (1).json
2047194729444782159,2047304372871127433,https://x.com/i/status/2047304372871127433,1,batch_0002 (1).json
2047194729444782159,2047311818540904521,https://x.com/i/status/2047311818540904521,1,batch_0002 (1).json
2047194729444782159,2047312053539316215,https://x.com/i/status/2047312053539316215,1,batch_0002 (1).json
2047194729444782159,2047312176763793592,https://x.com/i/status/2047312176763793592,1,batch_0002 (1).json
2047194729444782159,2047312238852149542,https://x.com/i/status/2047312238852149542,1,batch_0002 (1).json
2047194729444782159,2047312282208575876,https://x.com/i/status/2047312282208575876,1,batch_0002 (1).json
2047194729444782159,2047312433283240001,https://x.com/i/status/2047312433283240001,1,batch_0002 (1).json
2047194729444782159,2047312524215828722,https://x.com/i/status/2047312524215828722,1,batch_0002 (1).json
2047194729444782159,2047312696383529371,https://x.com/i/status/2047312696383529371,1,batch_0002 (1).json
2047194729444782159,2047312756848709636,https://x.com/i/status/2047312756848709636,1,batch_0002 (1).json
2047194729444782159,2047312803103408365,https://x.com/i/status/2047312803103408365,1,batch_0002 (1).json
2047194729444782159,2047313113922347201,https://x.com/i/status/2047313113922347201,1,batch_0002 (1).json
2047194729444782159,2047313159313141791,https://x.com/i/status/2047313159313141791,1,batch_0002 (1).json
2047194729444782159,2047313206004109411,https://x.com/i/status/2047313206004109411,1,batch_0002 (1).json
2047194729444782159,2047313445272408152,https://x.com/i/status/2047313445272408152,1,batch_0002 (1).json
2047194729444782159,2047313845442514979,https://x.com/i/status/2047313845442514979,1,batch_0002 (1).json
2047194729444782159,2047314233403035885,https://x.com/i/status/2047314233403035885,1,batch_0002 (1).json
2047194729444782159,2047314367083880591,https://x.com/i/status/2047314367083880591,1,batch_0002 (1).json
2047194729444782159,2047317414228926751,https://x.com/i/status/2047317414228926751,1,batch_0002 (1).json
2047194729444782159,2047318142985138477,https://x.com/i/status/2047318142985138477,1,batch_0002 (1).json
2047194729444782159,2047318433029616065,https://x.com/i/status/2047318433029616065,1,batch_0002 (1).json
2047194729444782159,2047321766456938841,https://x.com/i/status/2047321766456938841,1,batch_0002 (1).json
2047194729444782159,2047321920475984311,https://x.com/i/status/2047321920475984311,1,batch_0002 (1).json
2047194729444782159,2047322739409625429,https://x.com/i/status/2047322739409625429,1,batch_0002 (1).json
2047194729444782159,2047343160758538402,https://x.com/i/status/2047343160758538402,1,batch_0002 (1).json
2047194729444782159,2047343426895589424,https://x.com/i/status/2047343426895589424,1,batch_0002 (1).json
2047194729444782159,2047343658907652543,https://x.com/i/status/2047343658907652543,1,batch_0002 (1).json
2047194729444782159,2047343719511101940,https://x.com/i/status/2047343719511101940,1,batch_0002 (1).json
2047194729444782159,2047343794736005544,https://x.com/i/status/2047343794736005544,1,batch_0002 (1).json
2047194729444782159,2047343857046569132,https://x.com/i/status/2047343857046569132,1,batch_0002 (1).json
2047194729444782159,2047345352588529888,https://x.com/i/status/2047345352588529888,1,batch_0002 (1).json
2047194729444782159,2047345714523517130,https://x.com/i/status/2047345714523517130,1,batch_0002 (1).json
2047194729444782159,2047348260700815525,https://x.com/i/status/2047348260700815525,1,batch_0002 (1).json
2047194729444782159,2047351497839481053,https://x.com/i/status/2047351497839481053,1,batch_0002 (1).json
2047194729444782159,2047358489949839416,https://x.com/i/status/2047358489949839416,1,batch_0002 (1).json
2047194729444782159,2047358869261672595,https://x.com/i/status/2047358869261672595,1,batch_0002 (1).json
2047194729444782159,2047371450554704256,https://x.com/i/status/2047371450554704256,1,batch_0002 (1).json
2047194729444782159,2047381399624118644,https://x.com/i/status/2047381399624118644,1,batch_0002 (1).json
2047194729444782159,2047381542398222636,https://x.com/i/status/2047381542398222636,1,batch_0002 (1).json
2047194729444782159,2047381596840357983,https://x.com/i/status/2047381596840357983,1,batch_0002 (1).json
2047194729444782159,2047381704952684847,https://x.com/i/status/2047381704952684847,1,batch_0002 (1).json
2047194729444782159,2047381785852391686,https://x.com/i/status/2047381785852391686,1,batch_0002 (1).json
2047194729444782159,2047381828806258944,https://x.com/i/status/2047381828806258944,1,batch_0002 (1).json
2047194729444782159,2047382291492598221,https://x.com/i/status/2047382291492598221,1,batch_0002 (1).json
2047194729444782159,2047384196964868503,https://x.com/i/status/2047384196964868503,1,batch_0002 (1).json
2047194729444782159,2047384343178313836,https://x.com/i/status/2047384343178313836,1,batch_0002 (1).json
2047194729444782159,2047384390309646476,https://x.com/i/status/2047384390309646476,1,batch_0002 (1).json
2047194729444782159,2047387602685145352,https://x.com/i/status/2047387602685145352,1,batch_0002 (1).json
2047194729444782159,2047388252751945821,https://x.com/i/status/2047388252751945821,1,batch_0002 (1).json
2047194729444782159,2047392680896831568,https://x.com/i/status/2047392680896831568,1,batch_0002 (1).json
2047194729444782159,2047395614082633947,https://x.com/i/status/2047395614082633947,1,batch_0002 (1).json
2047194729444782159,2047395668432421004,https://x.com/i/status/2047395668432421004,1,batch_0002 (1).json
2047194729444782159,2047399955472498958,https://x.com/i/status/2047399955472498958,1,batch_0002 (1).json
2047194729444782159,2047401805261287482,https://x.com/i/status/2047401805261287482,1,batch_0002 (1).json
2047194729444782159,2047401892888596653,https://x.com/i/status/2047401892888596653,1,batch_0002 (1).json
2047194729444782159,2047402273026847116,https://x.com/i/status/2047402273026847116,1,batch_0002 (1).json
2047194729444782159,2047402355318993219,https://x.com/i/status/2047402355318993219,1,batch_0002 (1).json
2047194729444782159,2047402485237588077,https://x.com/i/status/2047402485237588077,1,batch_0002 (1).json
2047194729444782159,2047402521900048874,https://x.com/i/status/2047402521900048874,1,batch_0002 (1).json
2047194729444782159,2047402567060119759,https://x.com/i/status/2047402567060119759,1,batch_0002 (1).json
2047194729444782159,2047402657300521273,https://x.com/i/status/2047402657300521273,1,batch_0002 (1).json
2047194729444782159,2047402762413945113,https://x.com/i/status/2047402762413945113,1,batch_0002 (1).json
2047194729444782159,2047402789110710668,https://x.com/i/status/2047402789110710668,1,batch_0002 (1).json
2047194729444782159,2047404255951065240,https://x.com/i/status/2047404255951065240,1,batch_0002 (1).json
2047194729444782159,2047410168154001562,https://x.com/i/status/2047410168154001562,1,batch_0002 (1).json
2047194729444782159,2047416546469826943,https://x.com/i/status/2047416546469826943,1,batch_0002 (1).json
2047194729444782159,2047425340989919312,https://x.com/i/status/2047425340989919312,1,batch_0002 (1).json
2047194729444782159,2047431929486561392,https://x.com/i/status/2047431929486561392,1,batch_0002 (1).json
2047194729444782159,2047432208231616631,https://x.com/i/status/2047432208231616631,1,batch_0002 (1).json
2047194729444782159,2047475139357340066,https://x.com/i/status/2047475139357340066,1,batch_0002 (1).json
2047194729444782159,2047498769474707507,https://x.com/i/status/2047498769474707507,1,batch_0002 (1).json
2047194729444782159,2047498839691534479,https://x.com/i/status/2047498839691534479,1,batch_0002 (1).json
2047194729444782159,2047503220386263551,https://x.com/i/status/2047503220386263551,1,batch_0002 (1).json
2047194729444782159,2047504158131974643,https://x.com/i/status/2047504158131974643,1,batch_0002 (1).json
2047194729444782159,2047504261374771547,https://x.com/i/status/2047504261374771547,1,batch_0002 (1).json
2047194729444782159,2047504357898305729,https://x.com/i/status/2047504357898305729,1,batch_0002 (1).json
2047194729444782159,2047575860295635073,https://x.com/i/status/2047575860295635073,1,batch_0002 (1).json
2047194729444782159,2047651637595123927,https://x.com/i/status/2047651637595123927,1,batch_0002 (1).json
2047194729444782159,2047684201311592709,https://x.com/i/status/2047684201311592709,1,batch_0002 (1).json
2047194729444782159,2047699226260611251,https://x.com/i/status/2047699226260611251,1,batch_0002 (1).json
2047194729444782159,2047823323296342431,https://x.com/i/status/2047823323296342431,1,batch_0002 (1).json
2047194729444782159,2048190082817921251,https://x.com/i/status/2048190082817921251,1,batch_0002 (1).json
2047194729444782159,2048190103973974269,https://x.com/i/status/2048190103973974269,1,batch_0002 (1).json
2047194729444782159,2048191772770058650,https://x.com/i/status/2048191772770058650,1,batch_0002 (1).json
2047194729444782159,2048192235276030255,https://x.com/i/status/2048192235276030255,1,batch_0002 (1).json
2048802028512534864,2048732570238562738,https://x.com/i/status/2048732570238562738,1,batch_0004.json
2048802028512534864,2048749204055458073,https://x.com/i/status/2048749204055458073,1,batch_0004.json
2048802028512534864,2048759584089608260,https://x.com/i/status/2048759584089608260,1,batch_0004.json
2048802028512534864,2048784859460489428,https://x.com/i/status/2048784859460489428,1,batch_0004.json
2050576681287532661,2042993970410647823,https://x.com/i/status/2042993970410647823,1,batch_0004.json
2050576681287532661,2043943636820238622,https://x.com/i/status/2043943636820238622,1,batch_0004.json
2050576681287532661,2044362455137001923,https://x.com/i/status/2044362455137001923,1,batch_0004.json
2050576681287532661,2044805011566100591,https://x.com/i/status/2044805011566100591,1,batch_0004.json
2050576681287532661,2045136140944961670,https://x.com/i/status/2045136140944961670,1,batch_0004.json
2050576681287532661,2046655900761391268,https://x.com/i/status/2046655900761391268,1,batch_0004.json
2050576681287532661,2049179358393200676,https://x.com/i/status/2049179358393200676,1,batch_0004.json
2050576681287532661,2049461723178885318,https://x.com/i/status/2049461723178885318,1,batch_0004.json
2050576989891805386,2042993970410647823,https://x.com/i/status/2042993970410647823,1,batch_0004.json
2050576989891805386,2043943636820238622,https://x.com/i/status/2043943636820238622,1,batch_0004.json
2050576989891805386,2044362455137001923,https://x.com/i/status/2044362455137001923,1,batch_0004.json
2050576989891805386,2044805011566100591,https://x.com/i/status/2044805011566100591,1,batch_0004.json
2050576989891805386,2045136140944961670,https://x.com/i/status/2045136140944961670,1,batch_0004.json
2050576989891805386,2046655900761391268,https://x.com/i/status/2046655900761391268,1,batch_0004.json
2050576989891805386,2049179358393200676,https://x.com/i/status/2049179358393200676,1,batch_0004.json
2050576989891805386,2049461723178885318,https://x.com/i/status/2049461723178885318,1,batch_0004.json
2050576989891805386,2050197233773973752,https://x.com/i/status/2050197233773973752,1,batch_0004.json
2051013757380477105,2044355200840802599,https://x.com/i/status/2044355200840802599,1,batch_0004.json
2051013757380477105,2046566581111541794,https://x.com/i/status/2046566581111541794,1,batch_0004.json
2051013757380477105,2048478467667513482,https://x.com/i/status/2048478467667513482,1,batch_0004.json
2051013757380477105,2048800999603929564,https://x.com/i/status/2048800999603929564,1,batch_0004.json
2051013757380477105,2049532808419258528,https://x.com/i/status/2049532808419258528,1,batch_0004.json
2051013757380477105,2049902349942919190,https://x.com/i/status/2049902349942919190,1,batch_0004.json
2051013757380477105,2050097316967661988,https://x.com/i/status/2050097316967661988,1,batch_0004.json
2051013757380477105,2050099646026945020,https://x.com/i/status/2050099646026945020,1,batch_0004.json
2051013757380477105,2050155294521692204,https://x.com/i/status/2050155294521692204,1,batch_0004.json
2051013757380477105,2050202917874053271,https://x.com/i/status/2050202917874053271,1,batch_0004.json
2051013757380477105,2050219991400656920,https://x.com/i/status/2050219991400656920,1,batch_0004.json
2051013757380477105,2050243978210025775,https://x.com/i/status/2050243978210025775,1,batch_0004.json
2051013757380477105,2050256789849952489,https://x.com/i/status/2050256789849952489,1,batch_0004.json
2051013757380477105,2050285480458019207,https://x.com/i/status/2050285480458019207,1,batch_0004.json
2051013757380477105,2050289962944233643,https://x.com/i/status/2050289962944233643,1,batch_0004.json
2051013757380477105,2050291364143956332,https://x.com/i/status/2050291364143956332,1,batch_0004.json
2051013757380477105,2050301232250540286,https://x.com/i/status/2050301232250540286,1,batch_0004.json
2051013757380477105,2050317718855835889,https://x.com/i/status/2050317718855835889,1,batch_0004.json
2051013757380477105,2050407758080385213,https://x.com/i/status/2050407758080385213,1,batch_0004.json
2051013757380477105,2050409487089996192,https://x.com/i/status/2050409487089996192,1,batch_0004.json
2051013757380477105,2050415462786437374,https://x.com/i/status/2050415462786437374,1,batch_0004.json
2051013757380477105,2050431713742922232,https://x.com/i/status/2050431713742922232,1,batch_0004.json
2051013757380477105,2050451885614645580,https://x.com/i/status/2050451885614645580,1,batch_0004.json
2051013757380477105,2050473337353110005,https://x.com/i/status/2050473337353110005,1,batch_0004.json
2051013757380477105,2050505149337026859,https://x.com/i/status/2050505149337026859,1,batch_0004.json
2051013757380477105,2050514538361999495,https://x.com/i/status/2050514538361999495,1,batch_0004.json
2051013757380477105,2050515641522606552,https://x.com/i/status/2050515641522606552,1,batch_0004.json
2051013757380477105,2050528542446764101,https://x.com/i/status/2050528542446764101,1,batch_0004.json
2051013757380477105,2050567041850245317,https://x.com/i/status/2050567041850245317,1,batch_0004.json
2051013757380477105,2050603488439083369,https://x.com/i/status/2050603488439083369,1,batch_0004.json
2051013757380477105,2050621342005780686,https://x.com/i/status/2050621342005780686,1,batch_0004.json
2051013757380477105,2050622595989700765,https://x.com/i/status/2050622595989700765,1,batch_0004.json
2051013757380477105,2050636441793810814,https://x.com/i/status/2050636441793810814,1,batch_0004.json
2051013757380477105,2050668168004448688,https://x.com/i/status/2050668168004448688,1,batch_0004.json
2051013757380477105,2050672909988073881,https://x.com/i/status/2050672909988073881,1,batch_0004.json
2051013757380477105,2050682852010766795,https://x.com/i/status/2050682852010766795,1,batch_0004.json
2051013757380477105,2050701125641257175,https://x.com/i/status/2050701125641257175,1,batch_0004.json
2051013757380477105,2050777365635031101,https://x.com/i/status/2050777365635031101,1,batch_0004.json
2051013757380477105,2050822664248529010,https://x.com/i/status/2050822664248529010,1,batch_0004.json
2051013757380477105,2050857188327858475,https://x.com/i/status/2050857188327858475,1,batch_0004.json
2051013757380477105,2050889494904336789,https://x.com/i/status/2050889494904336789,1,batch_0004.json
2051013757380477105,2050910844230463709,https://x.com/i/status/2050910844230463709,1,batch_0004.json
2051013757380477105,2050953531822051733,https://x.com/i/status/2050953531822051733,1,batch_0004.json
2051013757380477105,2050969457724363187,https://x.com/i/status/2050969457724363187,1,batch_0004.json
2051027846831677592,2050865513186885831,https://x.com/i/status/2050865513186885831,1,batch_0004.json
2051027846831677592,2050936203990499502,https://x.com/i/status/2050936203990499502,1,batch_0004.json
2051027846831677592,2051010768079122837,https://x.com/i/status/2051010768079122837,1,batch_0004.json
2051027846831677592,2051059525038297291,https://x.com/i/status/2051059525038297291,1,batch_0004.json
2051077870252855518,2051046433629880376,https://x.com/i/status/2051046433629880376,1,batch_0004.json
2051302248538366445,2051042068781203676,https://x.com/i/status/2051042068781203676,1,batch_0005.json
2051302248538366445,2051056691077099820,https://x.com/i/status/2051056691077099820,1,batch_0005.json
2051302248538366445,2051102112063369613,https://x.com/i/status/2051102112063369613,1,batch_0005.json
2051302248538366445,2051110612655030772,https://x.com/i/status/2051110612655030772,1,batch_0005.json
2051302248538366445,2051296669753332136,https://x.com/i/status/2051296669753332136,1,batch_0005.json
2051849483835605228,2051644104094748870,https://x.com/i/status/2051644104094748870,1,batch_0005.json
2051849483835605228,2051714287861670123,https://x.com/i/status/2051714287861670123,1,batch_0005.json
2051849483835605228,2051735965656354917,https://x.com/i/status/2051735965656354917,1,batch_0005.json
2051849483835605228,2051736022573056131,https://x.com/i/status/2051736022573056131,1,batch_0005.json
2051849483835605228,2051737004807766132,https://x.com/i/status/2051737004807766132,1,batch_0005.json
2051849483835605228,2051737951155974384,https://x.com/i/status/2051737951155974384,1,batch_0005.json
2051849483835605228,2051740038635889029,https://x.com/i/status/2051740038635889029,1,batch_0005.json
2051849483835605228,2051755497183920517,https://x.com/i/status/2051755497183920517,1,batch_0005.json
2051849483835605228,2051780397936062751,https://x.com/i/status/2051780397936062751,1,batch_0005.json
2051849483835605228,2056407851568890104,https://x.com/i/status/2056407851568890104,1,batch_0005.json
2051849483835605228,2056412140752257177,https://x.com/i/status/2056412140752257177,1,batch_0005.json
2051849661833445886,2051712394590576809,https://x.com/i/status/2051712394590576809,1,batch_0005.json
2052032232575975668,2045979494482055538,https://x.com/i/status/2045979494482055538,1,batch_0005.json
2052032232575975668,2046968315218940320,https://x.com/i/status/2046968315218940320,1,batch_0005.json
2052032232575975668,2047005458154619232,https://x.com/i/status/2047005458154619232,1,batch_0005.json
2052032232575975668,2047020992615026783,https://x.com/i/status/2047020992615026783,1,batch_0005.json
2052032232575975668,2047038964255584379,https://x.com/i/status/2047038964255584379,1,batch_0005.json
2052032232575975668,2047053996989235679,https://x.com/i/status/2047053996989235679,1,batch_0005.json
2052032232575975668,2047095657253531814,https://x.com/i/status/2047095657253531814,1,batch_0005.json
2052032232575975668,2047122050381156432,https://x.com/i/status/2047122050381156432,1,batch_0005.json
2052032232575975668,2047229303020995053,https://x.com/i/status/2047229303020995053,1,batch_0005.json
2052032232575975668,2047252427271803007,https://x.com/i/status/2047252427271803007,1,batch_0005.json
2052032232575975668,2047261103344722322,https://x.com/i/status/2047261103344722322,1,batch_0005.json
2052032232575975668,2047292892150943774,https://x.com/i/status/2047292892150943774,1,batch_0005.json
2052032232575975668,2047666243990163476,https://x.com/i/status/2047666243990163476,1,batch_0005.json
2052032232575975668,2048674930833703026,https://x.com/i/status/2048674930833703026,1,batch_0005.json
2052032232575975668,2048761556310065480,https://x.com/i/status/2048761556310065480,1,batch_0005.json
2052069994817565165,2049175505119691017,https://x.com/i/status/2049175505119691017,1,batch_0005.json
2052069994817565165,2049196386487279663,https://x.com/i/status/2049196386487279663,1,batch_0005.json
2052737402939019623,2052417638832181420,https://x.com/i/status/2052417638832181420,1,batch_0005.json
2052737402939019623,2052430525487333501,https://x.com/i/status/2052430525487333501,1,batch_0005.json
2052737402939019623,2052431411726954809,https://x.com/i/status/2052431411726954809,1,batch_0005.json
2052737402939019623,2052432651617763733,https://x.com/i/status/2052432651617763733,1,batch_0005.json
2052737402939019623,2052434214788726785,https://x.com/i/status/2052434214788726785,1,batch_0005.json
2052737402939019623,2052439944467980750,https://x.com/i/status/2052439944467980750,1,batch_0005.json
2052737402939019623,2052449416502444063,https://x.com/i/status/2052449416502444063,1,batch_0005.json
2052737402939019623,2052451861148410136,https://x.com/i/status/2052451861148410136,1,batch_0005.json
2052737402939019623,2052454809203020125,https://x.com/i/status/2052454809203020125,1,batch_0005.json
2052737402939019623,2052465994610667621,https://x.com/i/status/2052465994610667621,1,batch_0005.json
2052737402939019623,2052466355169821160,https://x.com/i/status/2052466355169821160,1,batch_0005.json
2052737402939019623,2052466384366342255,https://x.com/i/status/2052466384366342255,1,batch_0005.json
2052737402939019623,2052473603870904467,https://x.com/i/status/2052473603870904467,1,batch_0005.json
2052737402939019623,2052475991352602969,https://x.com/i/status/2052475991352602969,1,batch_0005.json
2052737402939019623,2052484416966939087,https://x.com/i/status/2052484416966939087,1,batch_0005.json
2052737402939019623,2052486211609256272,https://x.com/i/status/2052486211609256272,1,batch_0005.json
2052737402939019623,2052496605308191118,https://x.com/i/status/2052496605308191118,1,batch_0005.json
2052737402939019623,2052500620997808457,https://x.com/i/status/2052500620997808457,1,batch_0005.json
2052737402939019623,2052512644704174101,https://x.com/i/status/2052512644704174101,1,batch_0005.json
2052737402939019623,2052517007338201514,https://x.com/i/status/2052517007338201514,1,batch_0005.json
2052737402939019623,2052517868957212738,https://x.com/i/status/2052517868957212738,1,batch_0005.json
2052737402939019623,2052520759227007012,https://x.com/i/status/2052520759227007012,1,batch_0005.json
2052737402939019623,2052522852948058536,https://x.com/i/status/2052522852948058536,1,batch_0005.json
2052737402939019623,2052527143989449009,https://x.com/i/status/2052527143989449009,1,batch_0005.json
2052737402939019623,2052527409530867924,https://x.com/i/status/2052527409530867924,1,batch_0005.json
2052737402939019623,2052528577078239582,https://x.com/i/status/2052528577078239582,1,batch_0005.json
2052737402939019623,2052528811695034439,https://x.com/i/status/2052528811695034439,1,batch_0005.json
2052737402939019623,2052533948853457285,https://x.com/i/status/2052533948853457285,1,batch_0005.json
2052737402939019623,2052537088780689847,https://x.com/i/status/2052537088780689847,1,batch_0005.json
2052737402939019623,2052539210838462622,https://x.com/i/status/2052539210838462622,1,batch_0005.json
2052737402939019623,2052539993692811278,https://x.com/i/status/2052539993692811278,1,batch_0005.json
2052737402939019623,2052545284610126095,https://x.com/i/status/2052545284610126095,1,batch_0005.json
2052737402939019623,2052547189432357084,https://x.com/i/status/2052547189432357084,1,batch_0005.json
2052737402939019623,2052553128877113525,https://x.com/i/status/2052553128877113525,1,batch_0005.json
2052737402939019623,2052553339930358042,https://x.com/i/status/2052553339930358042,1,batch_0005.json
2052737402939019623,2052568130447126688,https://x.com/i/status/2052568130447126688,1,batch_0005.json
2052737402939019623,2052569127030870501,https://x.com/i/status/2052569127030870501,1,batch_0005.json
2052737402939019623,2052570081318637726,https://x.com/i/status/2052570081318637726,1,batch_0005.json
2052737402939019623,2052570700775383488,https://x.com/i/status/2052570700775383488,1,batch_0005.json
2052737402939019623,2052573229747736595,https://x.com/i/status/2052573229747736595,1,batch_0005.json
2052737402939019623,2052578798218961316,https://x.com/i/status/2052578798218961316,1,batch_0005.json
2052737402939019623,2052580051778945238,https://x.com/i/status/2052580051778945238,1,batch_0005.json
2052737402939019623,2052615847206650335,https://x.com/i/status/2052615847206650335,1,batch_0005.json
2052737402939019623,2052648788557185425,https://x.com/i/status/2052648788557185425,1,batch_0005.json
2052737402939019623,2052659964703826179,https://x.com/i/status/2052659964703826179,1,batch_0005.json
2052737402939019623,2052672532436652399,https://x.com/i/status/2052672532436652399,1,batch_0005.json
2052737402939019623,2052688668083507507,https://x.com/i/status/2052688668083507507,1,batch_0005.json
2052737402939019623,2052704528600801712,https://x.com/i/status/2052704528600801712,1,batch_0005.json
2052737402939019623,2052705834757423244,https://x.com/i/status/2052705834757423244,1,batch_0005.json
2052737402939019623,2052713982255874127,https://x.com/i/status/2052713982255874127,1,batch_0005.json
2052737402939019623,2052720200299016360,https://x.com/i/status/2052720200299016360,1,batch_0005.json
2052737402939019623,2052728923725725976,https://x.com/i/status/2052728923725725976,1,batch_0005.json
2052737402939019623,2052730263306694966,https://x.com/i/status/2052730263306694966,1,batch_0005.json
2052737402939019623,2052730847829065886,https://x.com/i/status/2052730847829065886,1,batch_0005.json
2052737402939019623,2052736983831638460,https://x.com/i/status/2052736983831638460,1,batch_0005.json
2052737402939019623,2052737274421407761,https://x.com/i/status/2052737274421407761,1,batch_0005.json
2052818752929169656,2052464503376228610,https://x.com/i/status/2052464503376228610,1,batch_0005.json
2052818752929169656,2052591983206470007,https://x.com/i/status/2052591983206470007,1,batch_0005.json
2052818752929169656,2052636651537518908,https://x.com/i/status/2052636651537518908,1,batch_0005.json
2052818752929169656,2052662796576526778,https://x.com/i/status/2052662796576526778,1,batch_0005.json
2053761642454814938,2053721546040988106,https://x.com/i/status/2053721546040988106,1,batch_0005.json
2053761642454814938,2053769216889680338,https://x.com/i/status/2053769216889680338,1,batch_0005.json
2053761642454814938,2053817108106998267,https://x.com/i/status/2053817108106998267,1,batch_0005.json
2053761642454814938,2053845632469684409,https://x.com/i/status/2053845632469684409,1,batch_0005.json
2053761642454814938,2053901319534964886,https://x.com/i/status/2053901319534964886,1,batch_0005.json
2053761642454814938,2053952766909767764,https://x.com/i/status/2053952766909767764,1,batch_0005.json
2053761642454814938,2054073852096028763,https://x.com/i/status/2054073852096028763,1,batch_0005.json
2053761642454814938,2054074346227060907,https://x.com/i/status/2054074346227060907,1,batch_0005.json
2053761642454814938,2054074405022773276,https://x.com/i/status/2054074405022773276,1,batch_0005.json
2053761642454814938,2054074569519218768,https://x.com/i/status/2054074569519218768,1,batch_0005.json
2053761642454814938,2056873007780651444,https://x.com/i/status/2056873007780651444,1,batch_0005.json
2053823553963741695,2051734201183969602,https://x.com/i/status/2051734201183969602,1,batch_0005.json
2053823553963741695,2052391663621013799,https://x.com/i/status/2052391663621013799,1,batch_0005.json
2053823553963741695,2052625422651727904,https://x.com/i/status/2052625422651727904,1,batch_0005.json
2053823553963741695,2052701754261709219,https://x.com/i/status/2052701754261709219,1,batch_0005.json
2054076004264780263,2053453651209769186,https://x.com/i/status/2053453651209769186,1,batch_0002 (1).json
2054104537536008484,2053598957452804322,https://x.com/i/status/2053598957452804322,1,batch_0002 (1).json
2054104537536008484,2053882937716654302,https://x.com/i/status/2053882937716654302,1,batch_0002 (1).json
2054163391233528286,2053449478540329037,https://x.com/i/status/2053449478540329037,1,batch_0005.json
2054163391233528286,2053637244544516518,https://x.com/i/status/2053637244544516518,1,batch_0005.json
2054163391233528286,2053644237737169406,https://x.com/i/status/2053644237737169406,1,batch_0005.json
2054163391233528286,2053648447073652821,https://x.com/i/status/2053648447073652821,1,batch_0005.json
2054163391233528286,2053654584523210991,https://x.com/i/status/2053654584523210991,1,batch_0005.json
2054163391233528286,2053655505659191326,https://x.com/i/status/2053655505659191326,1,batch_0005.json
2054163391233528286,2053666532249498063,https://x.com/i/status/2053666532249498063,1,batch_0005.json
2054163391233528286,2053677716181000479,https://x.com/i/status/2053677716181000479,1,batch_0005.json
2054163391233528286,2053679789999829235,https://x.com/i/status/2053679789999829235,1,batch_0005.json
2054163391233528286,2053679881293021516,https://x.com/i/status/2053679881293021516,1,batch_0005.json
2054163391233528286,2053685836823298371,https://x.com/i/status/2053685836823298371,1,batch_0005.json
2054163391233528286,2053688396946792773,https://x.com/i/status/2053688396946792773,1,batch_0005.json
2054163391233528286,2053691017317261419,https://x.com/i/status/2053691017317261419,1,batch_0005.json
2054163391233528286,2053694108753908178,https://x.com/i/status/2053694108753908178,1,batch_0005.json
2054163391233528286,2053709365006229645,https://x.com/i/status/2053709365006229645,1,batch_0005.json
2054163391233528286,2053718364699410807,https://x.com/i/status/2053718364699410807,1,batch_0005.json
2054163391233528286,2053738466064683408,https://x.com/i/status/2053738466064683408,1,batch_0005.json
2054163391233528286,2053739620521890215,https://x.com/i/status/2053739620521890215,1,batch_0005.json
2054163391233528286,2053746590909706609,https://x.com/i/status/2053746590909706609,1,batch_0005.json
2054163391233528286,2053758402870857901,https://x.com/i/status/2053758402870857901,1,batch_0005.json
2054163391233528286,2053766168834351566,https://x.com/i/status/2053766168834351566,1,batch_0005.json
2054163391233528286,2053804156377248051,https://x.com/i/status/2053804156377248051,1,batch_0005.json
2054163391233528286,2053823588051058826,https://x.com/i/status/2053823588051058826,1,batch_0005.json
2054163391233528286,2053845131326038524,https://x.com/i/status/2053845131326038524,1,batch_0005.json
2054163391233528286,2053872154031309069,https://x.com/i/status/2053872154031309069,1,batch_0005.json
2054163391233528286,2053957808555446744,https://x.com/i/status/2053957808555446744,1,batch_0005.json
2054163391233528286,2054019706991087930,https://x.com/i/status/2054019706991087930,1,batch_0005.json
2054163391233528286,2054041574854861247,https://x.com/i/status/2054041574854861247,1,batch_0005.json
2054163391233528286,2054060382378205616,https://x.com/i/status/2054060382378205616,1,batch_0005.json
2054163391233528286,2054090515206094963,https://x.com/i/status/2054090515206094963,1,batch_0005.json
2054163391233528286,2054187553423532481,https://x.com/i/status/2054187553423532481,1,batch_0005.json
2054163391233528286,2054222473588330612,https://x.com/i/status/2054222473588330612,1,batch_0005.json
2054163391233528286,2054316647792730148,https://x.com/i/status/2054316647792730148,1,batch_0005.json
2054163391233528286,2054394892604874856,https://x.com/i/status/2054394892604874856,1,batch_0005.json
2054163391233528286,2054503210191368436,https://x.com/i/status/2054503210191368436,1,batch_0005.json
2054163391233528286,2054508675377877142,https://x.com/i/status/2054508675377877142,1,batch_0005.json
2054163391233528286,2054519637375688909,https://x.com/i/status/2054519637375688909,1,batch_0005.json
2054163391233528286,2054570834057187832,https://x.com/i/status/2054570834057187832,1,batch_0005.json
2054163391233528286,2054783123297346038,https://x.com/i/status/2054783123297346038,1,batch_0005.json
2054163391233528286,2054906545725739438,https://x.com/i/status/2054906545725739438,1,batch_0005.json
2054163391233528286,2055196888002187503,https://x.com/i/status/2055196888002187503,1,batch_0005.json
2054163391233528286,2055198714864820589,https://x.com/i/status/2055198714864820589,1,batch_0005.json
2054163391233528286,2055223266130968769,https://x.com/i/status/2055223266130968769,1,batch_0005.json
2054163391233528286,2055260046981009542,https://x.com/i/status/2055260046981009542,1,batch_0005.json
2054163391233528286,2055272379937652781,https://x.com/i/status/2055272379937652781,1,batch_0005.json
2054163391233528286,2055275433772630405,https://x.com/i/status/2055275433772630405,1,batch_0005.json
2054163391233528286,2055276245399835124,https://x.com/i/status/2055276245399835124,1,batch_0005.json
2054163391233528286,2055433919185772949,https://x.com/i/status/2055433919185772949,1,batch_0005.json
2054163391233528286,2055507412296331632,https://x.com/i/status/2055507412296331632,1,batch_0005.json
2054163391233528286,2055535126361342128,https://x.com/i/status/2055535126361342128,1,batch_0005.json
2054163391233528286,2055553773351866610,https://x.com/i/status/2055553773351866610,1,batch_0005.json
2054163391233528286,2056140697791877131,https://x.com/i/status/2056140697791877131,1,batch_0005.json
2054163391233528286,2056172071420604580,https://x.com/i/status/2056172071420604580,1,batch_0005.json
2054163391233528286,2058120588410167349,https://x.com/i/status/2058120588410167349,1,batch_0005.json
2054163391233528286,2058843636557832677,https://x.com/i/status/2058843636557832677,1,batch_0005.json
2054245522932654460,2053877804698050969,https://x.com/i/status/2053877804698050969,1,batch_0005.json
2054245522932654460,2053878445642301865,https://x.com/i/status/2053878445642301865,1,batch_0005.json
2054245522932654460,2053927753762955457,https://x.com/i/status/2053927753762955457,1,batch_0005.json
2054245522932654460,2053941011844419626,https://x.com/i/status/2053941011844419626,1,batch_0005.json
2054245522932654460,2054190364513444051,https://x.com/i/status/2054190364513444051,1,batch_0005.json
2054245522932654460,2054223067220467915,https://x.com/i/status/2054223067220467915,1,batch_0005.json
2054248359783772571,2054211360850870756,https://x.com/i/status/2054211360850870756,1,batch_0005.json
2054248359783772571,2054237436327219294,https://x.com/i/status/2054237436327219294,1,batch_0005.json
2054248359783772571,2054237592808194283,https://x.com/i/status/2054237592808194283,1,batch_0005.json
2054248359783772571,2054237688543199272,https://x.com/i/status/2054237688543199272,1,batch_0005.json
2054248359783772571,2054238560945881427,https://x.com/i/status/2054238560945881427,1,batch_0005.json
2054248359783772571,2054239453510586731,https://x.com/i/status/2054239453510586731,1,batch_0005.json
2054248359783772571,2054241974220210311,https://x.com/i/status/2054241974220210311,1,batch_0005.json
2054248359783772571,2054243338241429778,https://x.com/i/status/2054243338241429778,1,batch_0005.json
2054248359783772571,2054245728197734659,https://x.com/i/status/2054245728197734659,1,batch_0005.json
2054248359783772571,2054246862488572380,https://x.com/i/status/2054246862488572380,1,batch_0005.json
2054248359783772571,2054247665597071802,https://x.com/i/status/2054247665597071802,1,batch_0005.json
2054248359783772571,2054273897684459755,https://x.com/i/status/2054273897684459755,1,batch_0005.json
2054248359783772571,2054297080886100342,https://x.com/i/status/2054297080886100342,1,batch_0005.json
2054248359783772571,2054301736022483435,https://x.com/i/status/2054301736022483435,1,batch_0005.json
2054248359783772571,2054301886354722846,https://x.com/i/status/2054301886354722846,1,batch_0005.json
2054248359783772571,2054302137065124060,https://x.com/i/status/2054302137065124060,1,batch_0005.json
2054248359783772571,2054302286336217521,https://x.com/i/status/2054302286336217521,1,batch_0005.json
2054248359783772571,2054302292459810905,https://x.com/i/status/2054302292459810905,1,batch_0005.json
2054248359783772571,2054302370939437309,https://x.com/i/status/2054302370939437309,1,batch_0005.json
2054248359783772571,2054302456314552354,https://x.com/i/status/2054302456314552354,1,batch_0005.json
2054248359783772571,2054302682681049226,https://x.com/i/status/2054302682681049226,1,batch_0005.json
2054248359783772571,2054302709931545047,https://x.com/i/status/2054302709931545047,1,batch_0005.json
2054248359783772571,2054302798603255970,https://x.com/i/status/2054302798603255970,1,batch_0005.json
2054248359783772571,2054302820703101344,https://x.com/i/status/2054302820703101344,1,batch_0005.json
2054248359783772571,2054302982435406219,https://x.com/i/status/2054302982435406219,1,batch_0005.json
2054248359783772571,2054303002786201819,https://x.com/i/status/2054303002786201819,1,batch_0005.json
2054248359783772571,2054303285461360779,https://x.com/i/status/2054303285461360779,1,batch_0005.json
2054248359783772571,2054303453820678631,https://x.com/i/status/2054303453820678631,1,batch_0005.json
2054248359783772571,2054303842842353914,https://x.com/i/status/2054303842842353914,1,batch_0005.json
2054248359783772571,2054303903143870973,https://x.com/i/status/2054303903143870973,1,batch_0005.json
2054248359783772571,2054304390467481644,https://x.com/i/status/2054304390467481644,1,batch_0005.json
2054248359783772571,2054305759177953304,https://x.com/i/status/2054305759177953304,1,batch_0005.json
2054248359783772571,2054305963612479545,https://x.com/i/status/2054305963612479545,1,batch_0005.json
2054248359783772571,2054307138806116568,https://x.com/i/status/2054307138806116568,1,batch_0005.json
2054248359783772571,2054308709157707992,https://x.com/i/status/2054308709157707992,1,batch_0005.json
2054248359783772571,2054308971423453271,https://x.com/i/status/2054308971423453271,1,batch_0005.json
2054248359783772571,2054309415302443233,https://x.com/i/status/2054309415302443233,1,batch_0005.json
2054248359783772571,2054313174648631806,https://x.com/i/status/2054313174648631806,1,batch_0005.json
2054248359783772571,2054313430060830730,https://x.com/i/status/2054313430060830730,1,batch_0005.json
2054248359783772571,2054314765602734189,https://x.com/i/status/2054314765602734189,1,batch_0005.json
2054248359783772571,2054315207460085820,https://x.com/i/status/2054315207460085820,1,batch_0005.json
2054248359783772571,2054316681833394515,https://x.com/i/status/2054316681833394515,1,batch_0005.json
2054248359783772571,2054319118849904908,https://x.com/i/status/2054319118849904908,1,batch_0005.json
2054248359783772571,2054319159543042217,https://x.com/i/status/2054319159543042217,1,batch_0005.json
2054248359783772571,2054321035160228052,https://x.com/i/status/2054321035160228052,1,batch_0005.json
2054248359783772571,2054321667392872465,https://x.com/i/status/2054321667392872465,1,batch_0005.json
2054248359783772571,2054322717197754568,https://x.com/i/status/2054322717197754568,1,batch_0005.json
2054248359783772571,2054323865925333199,https://x.com/i/status/2054323865925333199,1,batch_0005.json
2054248359783772571,2054324730618880034,https://x.com/i/status/2054324730618880034,1,batch_0005.json
2054248359783772571,2054523551059755100,https://x.com/i/status/2054523551059755100,1,batch_0005.json
2054248359783772571,2055029122259390707,https://x.com/i/status/2055029122259390707,1,batch_0005.json
2054248594559901886,2054211360850870756,https://x.com/i/status/2054211360850870756,1,batch_0005.json
2054248594559901886,2054237436327219294,https://x.com/i/status/2054237436327219294,1,batch_0005.json
2054248594559901886,2054237592808194283,https://x.com/i/status/2054237592808194283,1,batch_0005.json
2054248594559901886,2054237688543199272,https://x.com/i/status/2054237688543199272,1,batch_0005.json
2054248594559901886,2054238560945881427,https://x.com/i/status/2054238560945881427,1,batch_0005.json
2054248594559901886,2054239453510586731,https://x.com/i/status/2054239453510586731,1,batch_0005.json
2054248594559901886,2054241974220210311,https://x.com/i/status/2054241974220210311,1,batch_0005.json
2054248594559901886,2054243338241429778,https://x.com/i/status/2054243338241429778,1,batch_0005.json
2054248594559901886,2054245728197734659,https://x.com/i/status/2054245728197734659,1,batch_0005.json
2054248594559901886,2054246862488572380,https://x.com/i/status/2054246862488572380,1,batch_0005.json
2054248594559901886,2054247665597071802,https://x.com/i/status/2054247665597071802,1,batch_0005.json
2054248594559901886,2054273897684459755,https://x.com/i/status/2054273897684459755,1,batch_0005.json
2054248594559901886,2054301736022483435,https://x.com/i/status/2054301736022483435,1,batch_0005.json
2054248594559901886,2054301886354722846,https://x.com/i/status/2054301886354722846,1,batch_0005.json
2054248594559901886,2054302137065124060,https://x.com/i/status/2054302137065124060,1,batch_0005.json
2054248594559901886,2054302286336217521,https://x.com/i/status/2054302286336217521,1,batch_0005.json
2054248594559901886,2054302292459810905,https://x.com/i/status/2054302292459810905,1,batch_0005.json
2054248594559901886,2054302370939437309,https://x.com/i/status/2054302370939437309,1,batch_0005.json
2054248594559901886,2054302456314552354,https://x.com/i/status/2054302456314552354,1,batch_0005.json
2054248594559901886,2054302682681049226,https://x.com/i/status/2054302682681049226,1,batch_0005.json
2054248594559901886,2054302709931545047,https://x.com/i/status/2054302709931545047,1,batch_0005.json
2054248594559901886,2054302798603255970,https://x.com/i/status/2054302798603255970,1,batch_0005.json
2054248594559901886,2054302820703101344,https://x.com/i/status/2054302820703101344,1,batch_0005.json
2054248594559901886,2054302982435406219,https://x.com/i/status/2054302982435406219,1,batch_0005.json
2054248594559901886,2054303002786201819,https://x.com/i/status/2054303002786201819,1,batch_0005.json
2054248594559901886,2054303285461360779,https://x.com/i/status/2054303285461360779,1,batch_0005.json
2054248594559901886,2054303453820678631,https://x.com/i/status/2054303453820678631,1,batch_0005.json
2054248594559901886,2054303842842353914,https://x.com/i/status/2054303842842353914,1,batch_0005.json
2054248594559901886,2054303903143870973,https://x.com/i/status/2054303903143870973,1,batch_0005.json
2054248594559901886,2054304390467481644,https://x.com/i/status/2054304390467481644,1,batch_0005.json
2054248594559901886,2054305759177953304,https://x.com/i/status/2054305759177953304,1,batch_0005.json
2054248594559901886,2054305963612479545,https://x.com/i/status/2054305963612479545,1,batch_0005.json
2054248594559901886,2054307138806116568,https://x.com/i/status/2054307138806116568,1,batch_0005.json
2054248594559901886,2054308709157707992,https://x.com/i/status/2054308709157707992,1,batch_0005.json
2054248594559901886,2054308971423453271,https://x.com/i/status/2054308971423453271,1,batch_0005.json
2054248594559901886,2054309415302443233,https://x.com/i/status/2054309415302443233,1,batch_0005.json
2054248594559901886,2054313174648631806,https://x.com/i/status/2054313174648631806,1,batch_0005.json
2054248594559901886,2054313430060830730,https://x.com/i/status/2054313430060830730,1,batch_0005.json
2054248594559901886,2054314765602734189,https://x.com/i/status/2054314765602734189,1,batch_0005.json
2054248594559901886,2054315207460085820,https://x.com/i/status/2054315207460085820,1,batch_0005.json
2054248594559901886,2054319118849904908,https://x.com/i/status/2054319118849904908,1,batch_0005.json
2054248594559901886,2054319159543042217,https://x.com/i/status/2054319159543042217,1,batch_0005.json
2054248594559901886,2054321667392872465,https://x.com/i/status/2054321667392872465,1,batch_0005.json
2054248594559901886,2054322717197754568,https://x.com/i/status/2054322717197754568,1,batch_0005.json
2054248594559901886,2054323865925333199,https://x.com/i/status/2054323865925333199,1,batch_0005.json
2054248594559901886,2054324730618880034,https://x.com/i/status/2054324730618880034,1,batch_0005.json
2054248594559901886,2054523551059755100,https://x.com/i/status/2054523551059755100,1,batch_0005.json
2054248594559901886,2055029122259390707,https://x.com/i/status/2055029122259390707,1,batch_0005.json
2054248731810116028,2054211360850870756,https://x.com/i/status/2054211360850870756,1,batch_0005.json
2054248731810116028,2054237436327219294,https://x.com/i/status/2054237436327219294,1,batch_0005.json
2054248731810116028,2054237592808194283,https://x.com/i/status/2054237592808194283,1,batch_0005.json
2054248731810116028,2054237688543199272,https://x.com/i/status/2054237688543199272,1,batch_0005.json
2054248731810116028,2054238560945881427,https://x.com/i/status/2054238560945881427,1,batch_0005.json
2054248731810116028,2054239453510586731,https://x.com/i/status/2054239453510586731,1,batch_0005.json
2054248731810116028,2054241974220210311,https://x.com/i/status/2054241974220210311,1,batch_0005.json
2054248731810116028,2054243338241429778,https://x.com/i/status/2054243338241429778,1,batch_0005.json
2054248731810116028,2054245728197734659,https://x.com/i/status/2054245728197734659,1,batch_0005.json
2054248731810116028,2054246862488572380,https://x.com/i/status/2054246862488572380,1,batch_0005.json
2054248731810116028,2054247665597071802,https://x.com/i/status/2054247665597071802,1,batch_0005.json
2054248731810116028,2054273897684459755,https://x.com/i/status/2054273897684459755,1,batch_0005.json
2054248731810116028,2054297080886100342,https://x.com/i/status/2054297080886100342,1,batch_0005.json
2054248731810116028,2054301736022483435,https://x.com/i/status/2054301736022483435,1,batch_0005.json
2054248731810116028,2054301886354722846,https://x.com/i/status/2054301886354722846,1,batch_0005.json
2054248731810116028,2054302137065124060,https://x.com/i/status/2054302137065124060,1,batch_0005.json
2054248731810116028,2054302286336217521,https://x.com/i/status/2054302286336217521,1,batch_0005.json
2054248731810116028,2054302292459810905,https://x.com/i/status/2054302292459810905,1,batch_0005.json
2054248731810116028,2054302370939437309,https://x.com/i/status/2054302370939437309,1,batch_0005.json
2054248731810116028,2054302456314552354,https://x.com/i/status/2054302456314552354,1,batch_0005.json
2054248731810116028,2054302682681049226,https://x.com/i/status/2054302682681049226,1,batch_0005.json
2054248731810116028,2054302709931545047,https://x.com/i/status/2054302709931545047,1,batch_0005.json
2054248731810116028,2054302798603255970,https://x.com/i/status/2054302798603255970,1,batch_0005.json
2054248731810116028,2054302820703101344,https://x.com/i/status/2054302820703101344,1,batch_0005.json
2054248731810116028,2054302982435406219,https://x.com/i/status/2054302982435406219,1,batch_0005.json
2054248731810116028,2054303002786201819,https://x.com/i/status/2054303002786201819,1,batch_0005.json
2054248731810116028,2054303285461360779,https://x.com/i/status/2054303285461360779,1,batch_0005.json
2054248731810116028,2054303453820678631,https://x.com/i/status/2054303453820678631,1,batch_0005.json
2054248731810116028,2054303842842353914,https://x.com/i/status/2054303842842353914,1,batch_0005.json
2054248731810116028,2054303903143870973,https://x.com/i/status/2054303903143870973,1,batch_0005.json
2054248731810116028,2054304390467481644,https://x.com/i/status/2054304390467481644,1,batch_0005.json
2054248731810116028,2054305759177953304,https://x.com/i/status/2054305759177953304,1,batch_0005.json
2054248731810116028,2054305963612479545,https://x.com/i/status/2054305963612479545,1,batch_0005.json
2054248731810116028,2054307138806116568,https://x.com/i/status/2054307138806116568,1,batch_0005.json
2054248731810116028,2054308709157707992,https://x.com/i/status/2054308709157707992,1,batch_0005.json
2054248731810116028,2054308971423453271,https://x.com/i/status/2054308971423453271,1,batch_0005.json
2054248731810116028,2054309415302443233,https://x.com/i/status/2054309415302443233,1,batch_0005.json
2054248731810116028,2054313174648631806,https://x.com/i/status/2054313174648631806,1,batch_0005.json
2054248731810116028,2054313430060830730,https://x.com/i/status/2054313430060830730,1,batch_0005.json
2054248731810116028,2054314765602734189,https://x.com/i/status/2054314765602734189,1,batch_0005.json
2054248731810116028,2054315207460085820,https://x.com/i/status/2054315207460085820,1,batch_0005.json
2054248731810116028,2054316681833394515,https://x.com/i/status/2054316681833394515,1,batch_0005.json
2054248731810116028,2054319118849904908,https://x.com/i/status/2054319118849904908,1,batch_0005.json
2054248731810116028,2054319159543042217,https://x.com/i/status/2054319159543042217,1,batch_0005.json
2054248731810116028,2054321035160228052,https://x.com/i/status/2054321035160228052,1,batch_0005.json
2054248731810116028,2054321667392872465,https://x.com/i/status/2054321667392872465,1,batch_0005.json
2054248731810116028,2054322717197754568,https://x.com/i/status/2054322717197754568,1,batch_0005.json
2054248731810116028,2054323865925333199,https://x.com/i/status/2054323865925333199,1,batch_0005.json
2054248731810116028,2054324730618880034,https://x.com/i/status/2054324730618880034,1,batch_0005.json
2054248731810116028,2054523551059755100,https://x.com/i/status/2054523551059755100,1,batch_0005.json
2054248731810116028,2055029122259390707,https://x.com/i/status/2055029122259390707,1,batch_0005.json
2054519182620844532,2054315593919017372,https://x.com/i/status/2054315593919017372,1,batch_0005.json
2054698732319338961,2054690679889035716,https://x.com/i/status/2054690679889035716,1,batch_0005.json
2054698732319338961,2054690820502978639,https://x.com/i/status/2054690820502978639,1,batch_0005.json
2054698732319338961,2054693405653934409,https://x.com/i/status/2054693405653934409,1,batch_0005.json
2054698732319338961,2054694088012603634,https://x.com/i/status/2054694088012603634,1,batch_0005.json
2054698732319338961,2054694865821147148,https://x.com/i/status/2054694865821147148,1,batch_0005.json
2054698732319338961,2054695494236926234,https://x.com/i/status/2054695494236926234,1,batch_0005.json
2054698732319338961,2054696645900541981,https://x.com/i/status/2054696645900541981,1,batch_0005.json
2054698732319338961,2054696716742299980,https://x.com/i/status/2054696716742299980,1,batch_0005.json
2054698732319338961,2054696727081374159,https://x.com/i/status/2054696727081374159,1,batch_0005.json
2054698732319338961,2054696854135185629,https://x.com/i/status/2054696854135185629,1,batch_0005.json
2054698732319338961,2054696861580087769,https://x.com/i/status/2054696861580087769,1,batch_0005.json
2054698732319338961,2054697034964189645,https://x.com/i/status/2054697034964189645,1,batch_0005.json
2054698732319338961,2054697058355823043,https://x.com/i/status/2054697058355823043,1,batch_0005.json
2054698732319338961,2054698356761407742,https://x.com/i/status/2054698356761407742,1,batch_0005.json
2054698732319338961,2054700684092620980,https://x.com/i/status/2054700684092620980,1,batch_0005.json
2054698732319338961,2054700911205691863,https://x.com/i/status/2054700911205691863,1,batch_0005.json
2054698732319338961,2054700952553222509,https://x.com/i/status/2054700952553222509,1,batch_0005.json
2054698732319338961,2054700984350265347,https://x.com/i/status/2054700984350265347,1,batch_0005.json
2054698732319338961,2054701133503857089,https://x.com/i/status/2054701133503857089,1,batch_0005.json
2054698732319338961,2054701289523532187,https://x.com/i/status/2054701289523532187,1,batch_0005.json
2054698732319338961,2054701486483931402,https://x.com/i/status/2054701486483931402,1,batch_0005.json
2054698732319338961,2054701519610565036,https://x.com/i/status/2054701519610565036,1,batch_0005.json
2054698732319338961,2054701544600134032,https://x.com/i/status/2054701544600134032,1,batch_0005.json
2054698732319338961,2054701825878581698,https://x.com/i/status/2054701825878581698,1,batch_0005.json
2054698732319338961,2054701841284255924,https://x.com/i/status/2054701841284255924,1,batch_0005.json
2054698732319338961,2054701857549815894,https://x.com/i/status/2054701857549815894,1,batch_0005.json
2054698732319338961,2054701885861314731,https://x.com/i/status/2054701885861314731,1,batch_0005.json
2054698732319338961,2054702007940792562,https://x.com/i/status/2054702007940792562,1,batch_0005.json
2054698732319338961,2054702067097215096,https://x.com/i/status/2054702067097215096,1,batch_0005.json
2054698732319338961,2054702458123829715,https://x.com/i/status/2054702458123829715,1,batch_0005.json
2054698732319338961,2054702847338373420,https://x.com/i/status/2054702847338373420,1,batch_0005.json
2054698732319338961,2054703064649449895,https://x.com/i/status/2054703064649449895,1,batch_0005.json
2054698732319338961,2054703199869698464,https://x.com/i/status/2054703199869698464,1,batch_0005.json
2054698732319338961,2054703291800383774,https://x.com/i/status/2054703291800383774,1,batch_0005.json
2054698732319338961,2054703370166768092,https://x.com/i/status/2054703370166768092,1,batch_0005.json
2054698732319338961,2054703570847453478,https://x.com/i/status/2054703570847453478,1,batch_0005.json
2054698732319338961,2054703891329982501,https://x.com/i/status/2054703891329982501,1,batch_0005.json
2054698732319338961,2054704246797324471,https://x.com/i/status/2054704246797324471,1,batch_0005.json
2054698732319338961,2054704702135132324,https://x.com/i/status/2054704702135132324,1,batch_0005.json
2054698732319338961,2054704740915716200,https://x.com/i/status/2054704740915716200,1,batch_0005.json
2054698732319338961,2054707021752991753,https://x.com/i/status/2054707021752991753,1,batch_0005.json
2054698732319338961,2054709654274351109,https://x.com/i/status/2054709654274351109,1,batch_0005.json
2054698732319338961,2054713010678063307,https://x.com/i/status/2054713010678063307,1,batch_0005.json
2054698732319338961,2054714983464759796,https://x.com/i/status/2054714983464759796,1,batch_0005.json
2054698732319338961,2054720081246978417,https://x.com/i/status/2054720081246978417,1,batch_0005.json
2054698732319338961,2054721029306462683,https://x.com/i/status/2054721029306462683,1,batch_0005.json
2054698732319338961,2054721739943297220,https://x.com/i/status/2054721739943297220,1,batch_0005.json
2054698732319338961,2054724618594779144,https://x.com/i/status/2054724618594779144,1,batch_0005.json
2054698732319338961,2054729193112387861,https://x.com/i/status/2054729193112387861,1,batch_0005.json
2054698732319338961,2054734945042551083,https://x.com/i/status/2054734945042551083,1,batch_0005.json
2054698732319338961,2054739301271847072,https://x.com/i/status/2054739301271847072,1,batch_0005.json
2054698732319338961,2054739356628218341,https://x.com/i/status/2054739356628218341,1,batch_0005.json
2054698732319338961,2054740013724688392,https://x.com/i/status/2054740013724688392,1,batch_0005.json
2054698732319338961,2054743210765713825,https://x.com/i/status/2054743210765713825,1,batch_0005.json
2054698732319338961,2054785639594229962,https://x.com/i/status/2054785639594229962,1,batch_0005.json
2054698732319338961,2054788684843524516,https://x.com/i/status/2054788684843524516,1,batch_0005.json
2054698732319338961,2054789664402206756,https://x.com/i/status/2054789664402206756,1,batch_0005.json
2054698732319338961,2054790981350748463,https://x.com/i/status/2054790981350748463,1,batch_0005.json
2054698732319338961,2054791408972611616,https://x.com/i/status/2054791408972611616,1,batch_0005.json
2054698732319338961,2054795465300779215,https://x.com/i/status/2054795465300779215,1,batch_0005.json
2054698732319338961,2054810119456657897,https://x.com/i/status/2054810119456657897,1,batch_0005.json
2054698732319338961,2054823560699351404,https://x.com/i/status/2054823560699351404,1,batch_0005.json
2054698732319338961,2054825410022572302,https://x.com/i/status/2054825410022572302,1,batch_0005.json
2054698732319338961,2054831159800967635,https://x.com/i/status/2054831159800967635,1,batch_0005.json
2054698732319338961,2054833361714086017,https://x.com/i/status/2054833361714086017,1,batch_0005.json
2054698732319338961,2054838269074972763,https://x.com/i/status/2054838269074972763,1,batch_0005.json
2054698732319338961,2054841596869259450,https://x.com/i/status/2054841596869259450,1,batch_0005.json
2054698732319338961,2054861703804793204,https://x.com/i/status/2054861703804793204,1,batch_0005.json
2054698732319338961,2054862077953470860,https://x.com/i/status/2054862077953470860,1,batch_0005.json
2054698732319338961,2054867070530011255,https://x.com/i/status/2054867070530011255,1,batch_0005.json
2054698732319338961,2054871362531991686,https://x.com/i/status/2054871362531991686,1,batch_0005.json
2054698732319338961,2054873418768548057,https://x.com/i/status/2054873418768548057,1,batch_0005.json
2054698732319338961,2054875593473220930,https://x.com/i/status/2054875593473220930,1,batch_0005.json
2054698732319338961,2054876476709765468,https://x.com/i/status/2054876476709765468,1,batch_0005.json
2054698732319338961,2054879318879113584,https://x.com/i/status/2054879318879113584,1,batch_0005.json
2054698732319338961,2054881151068578181,https://x.com/i/status/2054881151068578181,1,batch_0005.json
2054698732319338961,2054898650967351410,https://x.com/i/status/2054898650967351410,1,batch_0005.json
2054698732319338961,2054912001927790934,https://x.com/i/status/2054912001927790934,1,batch_0005.json
2054698732319338961,2054921040233378296,https://x.com/i/status/2054921040233378296,1,batch_0005.json
2054698732319338961,2054934845860557174,https://x.com/i/status/2054934845860557174,1,batch_0005.json
2054698732319338961,2054936394758238685,https://x.com/i/status/2054936394758238685,1,batch_0005.json
2054698732319338961,2054947917689938374,https://x.com/i/status/2054947917689938374,1,batch_0005.json
2054698732319338961,2054955162691596546,https://x.com/i/status/2054955162691596546,1,batch_0005.json
2054698732319338961,2054956087183355969,https://x.com/i/status/2054956087183355969,1,batch_0005.json
2054698732319338961,2054960827824763036,https://x.com/i/status/2054960827824763036,1,batch_0005.json
2054698732319338961,2054968426741858798,https://x.com/i/status/2054968426741858798,1,batch_0005.json
2054698732319338961,2054969337413259408,https://x.com/i/status/2054969337413259408,1,batch_0005.json
2054698732319338961,2054970688377659634,https://x.com/i/status/2054970688377659634,1,batch_0005.json
2054698732319338961,2054971882349224442,https://x.com/i/status/2054971882349224442,1,batch_0005.json
2054698732319338961,2054972162251850001,https://x.com/i/status/2054972162251850001,1,batch_0005.json
2054698732319338961,2054977119042556008,https://x.com/i/status/2054977119042556008,1,batch_0005.json
2054698732319338961,2054977667053576219,https://x.com/i/status/2054977667053576219,1,batch_0005.json
2054698732319338961,2054981537355968830,https://x.com/i/status/2054981537355968830,1,batch_0005.json
2054698732319338961,2054982651749048724,https://x.com/i/status/2054982651749048724,1,batch_0005.json
2054698732319338961,2054987749287985260,https://x.com/i/status/2054987749287985260,1,batch_0005.json
2054698732319338961,2054995737574883570,https://x.com/i/status/2054995737574883570,1,batch_0005.json
2054698732319338961,2055003077069996243,https://x.com/i/status/2055003077069996243,1,batch_0005.json
2054698732319338961,2055005766910648674,https://x.com/i/status/2055005766910648674,1,batch_0005.json
2054698732319338961,2055007856726831554,https://x.com/i/status/2055007856726831554,1,batch_0005.json
2054698732319338961,2055010883324014606,https://x.com/i/status/2055010883324014606,1,batch_0005.json
2054698732319338961,2055011048835399780,https://x.com/i/status/2055011048835399780,1,batch_0005.json
2054698732319338961,2055011053814071437,https://x.com/i/status/2055011053814071437,1,batch_0005.json
2054698732319338961,2055016997964874204,https://x.com/i/status/2055016997964874204,1,batch_0005.json
2054698732319338961,2055025645856420056,https://x.com/i/status/2055025645856420056,1,batch_0005.json
2054698732319338961,2055026788200292786,https://x.com/i/status/2055026788200292786,1,batch_0005.json
2054698732319338961,2055030837754614197,https://x.com/i/status/2055030837754614197,1,batch_0005.json
2054698732319338961,2055039792514052499,https://x.com/i/status/2055039792514052499,1,batch_0005.json
2054698732319338961,2055041104165171245,https://x.com/i/status/2055041104165171245,1,batch_0005.json
2054698732319338961,2055042066296758657,https://x.com/i/status/2055042066296758657,1,batch_0005.json
2054698732319338961,2055046156787601584,https://x.com/i/status/2055046156787601584,1,batch_0005.json
2054698732319338961,2055048225397383450,https://x.com/i/status/2055048225397383450,1,batch_0005.json
2054698732319338961,2055074411670384697,https://x.com/i/status/2055074411670384697,1,batch_0005.json
2054698732319338961,2055078304412037371,https://x.com/i/status/2055078304412037371,1,batch_0005.json
2054698732319338961,2055128878188794015,https://x.com/i/status/2055128878188794015,1,batch_0005.json
2054698732319338961,2055269845860569259,https://x.com/i/status/2055269845860569259,1,batch_0005.json
2054698732319338961,2055287072118747206,https://x.com/i/status/2055287072118747206,1,batch_0005.json
2054698732319338961,2055290602955190505,https://x.com/i/status/2055290602955190505,1,batch_0005.json
2054698732319338961,2055331795210481884,https://x.com/i/status/2055331795210481884,1,batch_0005.json
2054698732319338961,2055667997914607697,https://x.com/i/status/2055667997914607697,1,batch_0005.json
2054698732319338961,2055672808101814691,https://x.com/i/status/2055672808101814691,1,batch_0005.json
2054698732319338961,2055737547863507121,https://x.com/i/status/2055737547863507121,1,batch_0005.json
2054698732319338961,2055737947068998084,https://x.com/i/status/2055737947068998084,1,batch_0005.json
2054698732319338961,2055738551975776593,https://x.com/i/status/2055738551975776593,1,batch_0005.json
2054698732319338961,2055739589566902753,https://x.com/i/status/2055739589566902753,1,batch_0005.json
2054698732319338961,2055740693088231916,https://x.com/i/status/2055740693088231916,1,batch_0005.json
2054698732319338961,2055741868932059315,https://x.com/i/status/2055741868932059315,1,batch_0005.json
2054698732319338961,2055742148759175474,https://x.com/i/status/2055742148759175474,1,batch_0005.json
2054698732319338961,2055742909626905063,https://x.com/i/status/2055742909626905063,1,batch_0005.json
2054698732319338961,2055743049746047388,https://x.com/i/status/2055743049746047388,1,batch_0005.json
2054698732319338961,2055743355506532531,https://x.com/i/status/2055743355506532531,1,batch_0005.json
2054698732319338961,2055743929778106805,https://x.com/i/status/2055743929778106805,1,batch_0005.json
2054698732319338961,2055743953241079981,https://x.com/i/status/2055743953241079981,1,batch_0005.json
2054698732319338961,2055744221332590978,https://x.com/i/status/2055744221332590978,1,batch_0005.json
2054698732319338961,2055744262554218899,https://x.com/i/status/2055744262554218899,1,batch_0005.json
2054698732319338961,2055744631619416367,https://x.com/i/status/2055744631619416367,1,batch_0005.json
2054698732319338961,2055744883051110612,https://x.com/i/status/2055744883051110612,1,batch_0005.json
2054698732319338961,2055745087888388284,https://x.com/i/status/2055745087888388284,1,batch_0005.json
2054698732319338961,2055745129844007282,https://x.com/i/status/2055745129844007282,1,batch_0005.json
2054698732319338961,2055746152016842909,https://x.com/i/status/2055746152016842909,1,batch_0005.json
2054698732319338961,2055747513861206454,https://x.com/i/status/2055747513861206454,1,batch_0005.json
2054698732319338961,2055748585015124215,https://x.com/i/status/2055748585015124215,1,batch_0005.json
2054698732319338961,2055751102390239570,https://x.com/i/status/2055751102390239570,1,batch_0005.json
2054698732319338961,2055751480808747333,https://x.com/i/status/2055751480808747333,1,batch_0005.json
2054698732319338961,2055753114192413082,https://x.com/i/status/2055753114192413082,1,batch_0005.json
2054698732319338961,2055754859823988815,https://x.com/i/status/2055754859823988815,1,batch_0005.json
2054698732319338961,2055769856331370908,https://x.com/i/status/2055769856331370908,1,batch_0005.json
2054698732319338961,2055774861864148997,https://x.com/i/status/2055774861864148997,1,batch_0005.json
2054698732319338961,2055776377194917898,https://x.com/i/status/2055776377194917898,1,batch_0005.json
2054698732319338961,2055821447159828910,https://x.com/i/status/2055821447159828910,1,batch_0005.json
2054698732319338961,2055870421291909342,https://x.com/i/status/2055870421291909342,1,batch_0005.json
2054698732319338961,2055874853115171125,https://x.com/i/status/2055874853115171125,1,batch_0005.json
2054698732319338961,2055876442995524008,https://x.com/i/status/2055876442995524008,1,batch_0005.json
2054698732319338961,2055986052850978934,https://x.com/i/status/2055986052850978934,1,batch_0005.json
2054698732319338961,2055999629796196593,https://x.com/i/status/2055999629796196593,1,batch_0005.json
2054698732319338961,2056067591999770914,https://x.com/i/status/2056067591999770914,1,batch_0005.json
2054698732319338961,2056920121277305242,https://x.com/i/status/2056920121277305242,1,batch_0005.json
2054698732319338961,2057135463173960036,https://x.com/i/status/2057135463173960036,1,batch_0005.json
2054698732319338961,2057587034366128269,https://x.com/i/status/2057587034366128269,1,batch_0005.json
2054698732319338961,2057666932724122066,https://x.com/i/status/2057666932724122066,1,batch_0005.json
2054756675563778201,2048824503199740188,https://x.com/i/status/2048824503199740188,1,batch_0005.json
2054756675563778201,2048865315170197736,https://x.com/i/status/2048865315170197736,1,batch_0005.json
2054756675563778201,2050988801644728376,https://x.com/i/status/2050988801644728376,1,batch_0005.json
2054756675563778201,2051743843586826356,https://x.com/i/status/2051743843586826356,1,batch_0005.json
2054760569295474715,2054288974198239459,https://x.com/i/status/2054288974198239459,1,batch_0005.json
2054760569295474715,2054289678015078510,https://x.com/i/status/2054289678015078510,1,batch_0005.json
2054760569295474715,2054306162493808986,https://x.com/i/status/2054306162493808986,1,batch_0005.json
2054847673862148168,2054226653153493316,https://x.com/i/status/2054226653153493316,1,batch_0005.json
2054847673862148168,2054648425732550840,https://x.com/i/status/2054648425732550840,1,batch_0005.json
2054847673862148168,2054706895869378619,https://x.com/i/status/2054706895869378619,1,batch_0005.json
2054847673862148168,2054930348232802481,https://x.com/i/status/2054930348232802481,1,batch_0005.json
2054847673862148168,2055325032025399416,https://x.com/i/status/2055325032025399416,1,batch_0005.json
2054847673862148168,2055882339410956367,https://x.com/i/status/2055882339410956367,1,batch_0005.json
2054847673862148168,2057973183542694102,https://x.com/i/status/2057973183542694102,1,batch_0005.json
2055089601904025970,2054885196923625856,https://x.com/i/status/2054885196923625856,1,batch_0005.json
2055089601904025970,2054885281489104990,https://x.com/i/status/2054885281489104990,1,batch_0005.json
2055089601904025970,2054903415633756233,https://x.com/i/status/2054903415633756233,1,batch_0005.json
2055089601904025970,2054926926926520342,https://x.com/i/status/2054926926926520342,1,batch_0005.json
2055089601904025970,2054999632149647544,https://x.com/i/status/2054999632149647544,1,batch_0005.json
2055089601904025970,2055043487964311772,https://x.com/i/status/2055043487964311772,1,batch_0005.json
2055090063533388207,2054883386972360747,https://x.com/i/status/2054883386972360747,1,batch_0005.json
2055090063533388207,2054965207206953282,https://x.com/i/status/2054965207206953282,1,batch_0005.json
2055332839646810368,2054891190470816094,https://x.com/i/status/2054891190470816094,1,batch_0005.json
2055384007765057898,2055288504142172503,https://x.com/i/status/2055288504142172503,1,batch_0005.json
2055384007765057898,2055289319531671605,https://x.com/i/status/2055289319531671605,1,batch_0005.json
2055384007765057898,2055290160468680850,https://x.com/i/status/2055290160468680850,1,batch_0005.json
2055384007765057898,2055291406323744867,https://x.com/i/status/2055291406323744867,1,batch_0005.json
2055384007765057898,2055292793472352493,https://x.com/i/status/2055292793472352493,1,batch_0005.json
2055384007765057898,2055296215164588343,https://x.com/i/status/2055296215164588343,1,batch_0005.json
2055384007765057898,2055297027202748878,https://x.com/i/status/2055297027202748878,1,batch_0005.json
2055384007765057898,2055298237167223122,https://x.com/i/status/2055298237167223122,1,batch_0005.json
2055384007765057898,2055298641271705721,https://x.com/i/status/2055298641271705721,1,batch_0005.json
2055384007765057898,2055299734059802910,https://x.com/i/status/2055299734059802910,1,batch_0005.json
2055384007765057898,2055300553299673419,https://x.com/i/status/2055300553299673419,1,batch_0005.json
2055384007765057898,2055300874872746357,https://x.com/i/status/2055300874872746357,1,batch_0005.json
2055384007765057898,2055303054149210253,https://x.com/i/status/2055303054149210253,1,batch_0005.json
2055384007765057898,2055303927625638004,https://x.com/i/status/2055303927625638004,1,batch_0005.json
2055384007765057898,2055304520964436317,https://x.com/i/status/2055304520964436317,1,batch_0005.json
2055384007765057898,2055305675979321755,https://x.com/i/status/2055305675979321755,1,batch_0005.json
2055384007765057898,2055306520183603405,https://x.com/i/status/2055306520183603405,1,batch_0005.json
2055384007765057898,2055310559176728804,https://x.com/i/status/2055310559176728804,1,batch_0005.json
2055384007765057898,2055312571553415630,https://x.com/i/status/2055312571553415630,1,batch_0005.json
2055384007765057898,2055312587571491178,https://x.com/i/status/2055312587571491178,1,batch_0005.json
2055384007765057898,2055313200745214454,https://x.com/i/status/2055313200745214454,1,batch_0005.json
2055384007765057898,2055315152023560325,https://x.com/i/status/2055315152023560325,1,batch_0005.json
2055384007765057898,2055315165613097057,https://x.com/i/status/2055315165613097057,1,batch_0005.json
2055384007765057898,2055315331824877755,https://x.com/i/status/2055315331824877755,1,batch_0005.json
2055384007765057898,2055316294480589307,https://x.com/i/status/2055316294480589307,1,batch_0005.json
2055384007765057898,2055325352344399939,https://x.com/i/status/2055325352344399939,1,batch_0005.json
2055384007765057898,2055325382677496031,https://x.com/i/status/2055325382677496031,1,batch_0005.json
2055384007765057898,2055325415514730729,https://x.com/i/status/2055325415514730729,1,batch_0005.json
2055384007765057898,2055327613388812547,https://x.com/i/status/2055327613388812547,1,batch_0005.json
2055384007765057898,2055329235456205119,https://x.com/i/status/2055329235456205119,1,batch_0005.json
2055384007765057898,2055329489916432502,https://x.com/i/status/2055329489916432502,1,batch_0005.json
2055384007765057898,2055330158303670706,https://x.com/i/status/2055330158303670706,1,batch_0005.json
2055384007765057898,2055338460248957210,https://x.com/i/status/2055338460248957210,1,batch_0005.json
2055384007765057898,2055354219742257533,https://x.com/i/status/2055354219742257533,1,batch_0005.json
2055384007765057898,2055456503260233793,https://x.com/i/status/2055456503260233793,1,batch_0005.json
2055384007765057898,2055472915487826399,https://x.com/i/status/2055472915487826399,1,batch_0005.json
2055384007765057898,2055477467188494747,https://x.com/i/status/2055477467188494747,1,batch_0005.json
2055384007765057898,2055604624237772972,https://x.com/i/status/2055604624237772972,1,batch_0005.json
2055384007765057898,2055613142743257299,https://x.com/i/status/2055613142743257299,1,batch_0005.json
2055384007765057898,2055954893769154615,https://x.com/i/status/2055954893769154615,1,batch_0005.json
2055635431731986663,2055563294111363193,https://x.com/i/status/2055563294111363193,1,batch_0005.json
2055635431731986663,2055566443312222260,https://x.com/i/status/2055566443312222260,1,batch_0005.json
2055635431731986663,2055569664713900442,https://x.com/i/status/2055569664713900442,1,batch_0005.json
2055635431731986663,2055571044996374820,https://x.com/i/status/2055571044996374820,1,batch_0005.json
2055635431731986663,2055571755385618593,https://x.com/i/status/2055571755385618593,1,batch_0005.json
2055635431731986663,2055583957509443654,https://x.com/i/status/2055583957509443654,1,batch_0005.json
2055635431731986663,2055584472125354109,https://x.com/i/status/2055584472125354109,1,batch_0005.json
2055635431731986663,2055586152824844677,https://x.com/i/status/2055586152824844677,1,batch_0005.json
2055635431731986663,2055587105779171780,https://x.com/i/status/2055587105779171780,1,batch_0005.json
2055635431731986663,2055587121461674293,https://x.com/i/status/2055587121461674293,1,batch_0005.json
2055635431731986663,2055587282149650511,https://x.com/i/status/2055587282149650511,1,batch_0005.json
2055635431731986663,2055590405668851947,https://x.com/i/status/2055590405668851947,1,batch_0005.json
2055635431731986663,2055591306806567386,https://x.com/i/status/2055591306806567386,1,batch_0005.json
2055635431731986663,2055593851658678704,https://x.com/i/status/2055593851658678704,1,batch_0005.json
2055635431731986663,2055600163784138791,https://x.com/i/status/2055600163784138791,1,batch_0005.json
2055635431731986663,2055602616025907288,https://x.com/i/status/2055602616025907288,1,batch_0005.json
2055635431731986663,2055603022726639974,https://x.com/i/status/2055603022726639974,1,batch_0005.json
2055635431731986663,2055604583225765990,https://x.com/i/status/2055604583225765990,1,batch_0005.json
2055635431731986663,2055604684375630204,https://x.com/i/status/2055604684375630204,1,batch_0005.json
2055635431731986663,2055609281186062780,https://x.com/i/status/2055609281186062780,1,batch_0005.json
2055635431731986663,2055609828068704410,https://x.com/i/status/2055609828068704410,1,batch_0005.json
2055635431731986663,2055609937523343428,https://x.com/i/status/2055609937523343428,1,batch_0005.json
2055635431731986663,2055610628048322884,https://x.com/i/status/2055610628048322884,1,batch_0005.json
2055635431731986663,2055611049890439437,https://x.com/i/status/2055611049890439437,1,batch_0005.json
2055635431731986663,2055613534319370338,https://x.com/i/status/2055613534319370338,1,batch_0005.json
2055635431731986663,2055613892777160874,https://x.com/i/status/2055613892777160874,1,batch_0005.json
2055635431731986663,2055614383762415985,https://x.com/i/status/2055614383762415985,1,batch_0005.json
2055635431731986663,2055618896195977492,https://x.com/i/status/2055618896195977492,1,batch_0005.json
2055635431731986663,2055620143359701337,https://x.com/i/status/2055620143359701337,1,batch_0005.json
2055635431731986663,2055620548999135452,https://x.com/i/status/2055620548999135452,1,batch_0005.json
2055635431731986663,2055620916449599988,https://x.com/i/status/2055620916449599988,1,batch_0005.json
2055635431731986663,2055622161297997891,https://x.com/i/status/2055622161297997891,1,batch_0005.json
2055635431731986663,2055628737425690864,https://x.com/i/status/2055628737425690864,1,batch_0005.json
2055635431731986663,2055633099308810591,https://x.com/i/status/2055633099308810591,1,batch_0005.json
2055635431731986663,2055635245764853877,https://x.com/i/status/2055635245764853877,1,batch_0005.json
2055635431731986663,2055637086049317167,https://x.com/i/status/2055637086049317167,1,batch_0005.json
2055635431731986663,2055641504962453913,https://x.com/i/status/2055641504962453913,1,batch_0005.json
2055635431731986663,2055645282814009832,https://x.com/i/status/2055645282814009832,1,batch_0005.json
2055635431731986663,2055645965546066017,https://x.com/i/status/2055645965546066017,1,batch_0005.json
2055635431731986663,2055655946232160487,https://x.com/i/status/2055655946232160487,1,batch_0005.json
2055635431731986663,2055677549670281711,https://x.com/i/status/2055677549670281711,1,batch_0005.json
2055635431731986663,2055686615276655078,https://x.com/i/status/2055686615276655078,1,batch_0005.json
2055635431731986663,2055686703096959130,https://x.com/i/status/2055686703096959130,1,batch_0005.json
2055635431731986663,2055686755609629047,https://x.com/i/status/2055686755609629047,1,batch_0005.json
2055635431731986663,2055687238256603568,https://x.com/i/status/2055687238256603568,1,batch_0005.json
2055635431731986663,2055687747621314853,https://x.com/i/status/2055687747621314853,1,batch_0005.json
2055635431731986663,2055687941549092990,https://x.com/i/status/2055687941549092990,1,batch_0005.json
2055635431731986663,2055691424150982948,https://x.com/i/status/2055691424150982948,1,batch_0005.json
2055635431731986663,2055695683173192121,https://x.com/i/status/2055695683173192121,1,batch_0005.json
2055635431731986663,2055698002698736023,https://x.com/i/status/2055698002698736023,1,batch_0005.json
2055635431731986663,2055698440085024943,https://x.com/i/status/2055698440085024943,1,batch_0005.json
2055635431731986663,2055698599057506809,https://x.com/i/status/2055698599057506809,1,batch_0005.json
2055635431731986663,2055698665591713887,https://x.com/i/status/2055698665591713887,1,batch_0005.json
2055635431731986663,2055706788163465433,https://x.com/i/status/2055706788163465433,1,batch_0005.json
2055635431731986663,2055735878320881890,https://x.com/i/status/2055735878320881890,1,batch_0005.json
2055635431731986663,2055736430341562556,https://x.com/i/status/2055736430341562556,1,batch_0005.json
2055635431731986663,2055736533601120324,https://x.com/i/status/2055736533601120324,1,batch_0005.json
2055635431731986663,2055736883003412713,https://x.com/i/status/2055736883003412713,1,batch_0005.json
2055635431731986663,2055736953031492074,https://x.com/i/status/2055736953031492074,1,batch_0005.json
2055635431731986663,2055741048584901070,https://x.com/i/status/2055741048584901070,1,batch_0005.json
2055635431731986663,2055746272699539738,https://x.com/i/status/2055746272699539738,1,batch_0005.json
2055635431731986663,2055906081403023608,https://x.com/i/status/2055906081403023608,1,batch_0005.json
2055635431731986663,2055976784902897883,https://x.com/i/status/2055976784902897883,1,batch_0005.json
2055635431731986663,2056855912329933304,https://x.com/i/status/2056855912329933304,1,batch_0005.json
2055635431731986663,2058245387744387378,https://x.com/i/status/2058245387744387378,1,batch_0005.json
2055831576781414694,2055650583013380340,https://x.com/i/status/2055650583013380340,1,batch_0005.json
2055992950450987335,2055840677783650601,https://x.com/i/status/2055840677783650601,1,batch_0006.json
2055992950450987335,2055941746173825439,https://x.com/i/status/2055941746173825439,1,batch_0006.json
2055992950450987335,2055941857259982944,https://x.com/i/status/2055941857259982944,1,batch_0006.json
2055992950450987335,2055955048706773256,https://x.com/i/status/2055955048706773256,1,batch_0006.json
2055992950450987335,2055961819869589632,https://x.com/i/status/2055961819869589632,1,batch_0006.json
2055992950450987335,2055962213467177347,https://x.com/i/status/2055962213467177347,1,batch_0006.json
2055992950450987335,2055985693571403899,https://x.com/i/status/2055985693571403899,1,batch_0006.json
2055992950450987335,2055986992446361970,https://x.com/i/status/2055986992446361970,1,batch_0006.json
2055992950450987335,2056011625069412432,https://x.com/i/status/2056011625069412432,1,batch_0006.json
2055992950450987335,2056069297810673954,https://x.com/i/status/2056069297810673954,1,batch_0006.json
2055992950450987335,2056087551186805114,https://x.com/i/status/2056087551186805114,1,batch_0006.json
2055992950450987335,2056509190093300149,https://x.com/i/status/2056509190093300149,1,batch_0006.json
2055992950450987335,2057497353137844410,https://x.com/i/status/2057497353137844410,1,batch_0006.json
2055992950450987335,2057515435575181388,https://x.com/i/status/2057515435575181388,1,batch_0006.json
2055992950450987335,2060372909223301625,https://x.com/i/status/2060372909223301625,1,batch_0006.json
2056062613142884441,2056049678006051324,https://x.com/i/status/2056049678006051324,1,batch_0006.json
2056063466536849756,2056053301154574376,https://x.com/i/status/2056053301154574376,1,batch_0006.json
2056063466536849756,2056059116762607854,https://x.com/i/status/2056059116762607854,1,batch_0006.json
2056063466536849756,2056067216290857259,https://x.com/i/status/2056067216290857259,1,batch_0006.json
2056063466536849756,2056077396416282671,https://x.com/i/status/2056077396416282671,1,batch_0006.json
2056063466536849756,2056097063473963369,https://x.com/i/status/2056097063473963369,1,batch_0006.json
2056063466536849756,2056098343739167112,https://x.com/i/status/2056098343739167112,1,batch_0006.json
2056063466536849756,2056114252994269526,https://x.com/i/status/2056114252994269526,1,batch_0006.json
2056063466536849756,2056223180478394704,https://x.com/i/status/2056223180478394704,1,batch_0006.json
2056063466536849756,2056428332854501625,https://x.com/i/status/2056428332854501625,1,batch_0006.json
2056063466536849756,2058612115947032669,https://x.com/i/status/2058612115947032669,1,batch_0006.json
2056158057118208193,2056067381764456930,https://x.com/i/status/2056067381764456930,1,batch_0006.json
2056158057118208193,2056074831838531828,https://x.com/i/status/2056074831838531828,1,batch_0006.json
2056158057118208193,2056079581308768341,https://x.com/i/status/2056079581308768341,1,batch_0006.json
2056158057118208193,2056106024965218673,https://x.com/i/status/2056106024965218673,1,batch_0006.json
2056158057118208193,2056114190234866053,https://x.com/i/status/2056114190234866053,1,batch_0006.json
2056158057118208193,2056161662219276494,https://x.com/i/status/2056161662219276494,1,batch_0006.json
2056158057118208193,2056677937479397872,https://x.com/i/status/2056677937479397872,1,batch_0006.json
2056368873146839357,2048827949567086899,https://x.com/i/status/2048827949567086899,1,batch_0006.json
2056368873146839357,2049880311568507083,https://x.com/i/status/2049880311568507083,1,batch_0006.json
2056368873146839357,2050217443985928680,https://x.com/i/status/2050217443985928680,1,batch_0006.json
2056368873146839357,2050276277110837491,https://x.com/i/status/2050276277110837491,1,batch_0006.json
2056368873146839357,2050315046463688801,https://x.com/i/status/2050315046463688801,1,batch_0006.json
2056368873146839357,2050574841497927826,https://x.com/i/status/2050574841497927826,1,batch_0006.json
2056368873146839357,2050833193859711331,https://x.com/i/status/2050833193859711331,1,batch_0006.json
2056368873146839357,2050842766108950889,https://x.com/i/status/2050842766108950889,1,batch_0006.json
2056368873146839357,2051120693056536825,https://x.com/i/status/2051120693056536825,1,batch_0006.json
2056368873146839357,2051452313454202997,https://x.com/i/status/2051452313454202997,1,batch_0006.json
2056368873146839357,2051637578151936395,https://x.com/i/status/2051637578151936395,1,batch_0006.json
2056368873146839357,2051644325449158975,https://x.com/i/status/2051644325449158975,1,batch_0006.json
2056368873146839357,2051645162657325330,https://x.com/i/status/2051645162657325330,1,batch_0006.json
2056368873146839357,2051693475536781342,https://x.com/i/status/2051693475536781342,1,batch_0006.json
2056368873146839357,2051864107402604966,https://x.com/i/status/2051864107402604966,1,batch_0006.json
2056368873146839357,2051904881363914934,https://x.com/i/status/2051904881363914934,1,batch_0006.json
2056368873146839357,2052089319490224467,https://x.com/i/status/2052089319490224467,1,batch_0006.json
2056368873146839357,2052135447522889837,https://x.com/i/status/2052135447522889837,1,batch_0006.json
2056368873146839357,2052202606982766829,https://x.com/i/status/2052202606982766829,1,batch_0006.json
2056368873146839357,2052237126272479649,https://x.com/i/status/2052237126272479649,1,batch_0006.json
2056368873146839357,2052319992331247672,https://x.com/i/status/2052319992331247672,1,batch_0006.json
2056368873146839357,2053287202805686460,https://x.com/i/status/2053287202805686460,1,batch_0006.json
2056368873146839357,2053476479036497945,https://x.com/i/status/2053476479036497945,1,batch_0006.json
2056368873146839357,2053539800393855038,https://x.com/i/status/2053539800393855038,1,batch_0006.json
2056368873146839357,2053711336937320451,https://x.com/i/status/2053711336937320451,1,batch_0006.json
2056368873146839357,2053809067479421080,https://x.com/i/status/2053809067479421080,1,batch_0006.json
2056368873146839357,2053880051461242890,https://x.com/i/status/2053880051461242890,1,batch_0006.json
2056368873146839357,2053910331831771159,https://x.com/i/status/2053910331831771159,1,batch_0006.json
2056368873146839357,2053948223153152037,https://x.com/i/status/2053948223153152037,1,batch_0006.json
2056368873146839357,2053955807016796422,https://x.com/i/status/2053955807016796422,1,batch_0006.json
2056368873146839357,2054015324467400723,https://x.com/i/status/2054015324467400723,1,batch_0006.json
2056368873146839357,2054023577758740522,https://x.com/i/status/2054023577758740522,1,batch_0006.json
2056368873146839357,2054045828340404588,https://x.com/i/status/2054045828340404588,1,batch_0006.json
2056368873146839357,2054056303123898615,https://x.com/i/status/2054056303123898615,1,batch_0006.json
2056368873146839357,2054059382821028064,https://x.com/i/status/2054059382821028064,1,batch_0006.json
2056368873146839357,2054082429602906544,https://x.com/i/status/2054082429602906544,1,batch_0006.json
2056368873146839357,2054132184735191139,https://x.com/i/status/2054132184735191139,1,batch_0006.json
2056368873146839357,2054821042254999621,https://x.com/i/status/2054821042254999621,1,batch_0006.json
2056406814271451318,2054529164074786849,https://x.com/i/status/2054529164074786849,1,batch_0006.json
2056406814271451318,2054578946650554395,https://x.com/i/status/2054578946650554395,1,batch_0006.json
2056406814271451318,2054581721283117249,https://x.com/i/status/2054581721283117249,1,batch_0006.json
2056406814271451318,2054599053577449983,https://x.com/i/status/2054599053577449983,1,batch_0006.json
2056406814271451318,2054606406708265336,https://x.com/i/status/2054606406708265336,1,batch_0006.json
2056406814271451318,2054611248860561785,https://x.com/i/status/2054611248860561785,1,batch_0006.json
2056406814271451318,2054614782573948958,https://x.com/i/status/2054614782573948958,1,batch_0006.json
2056406814271451318,2054616546236862753,https://x.com/i/status/2054616546236862753,1,batch_0006.json
2056406814271451318,2054619902196224226,https://x.com/i/status/2054619902196224226,1,batch_0006.json
2056406814271451318,2054621580169298279,https://x.com/i/status/2054621580169298279,1,batch_0006.json
2056406814271451318,2054624033640264164,https://x.com/i/status/2054624033640264164,1,batch_0006.json
2056406814271451318,2054626934504505735,https://x.com/i/status/2054626934504505735,1,batch_0006.json
2056406814271451318,2054627906450547074,https://x.com/i/status/2054627906450547074,1,batch_0006.json
2056406814271451318,2054632570243969145,https://x.com/i/status/2054632570243969145,1,batch_0006.json
2056406814271451318,2054636983012507698,https://x.com/i/status/2054636983012507698,1,batch_0006.json
2056406814271451318,2054638905622708306,https://x.com/i/status/2054638905622708306,1,batch_0006.json
2056406814271451318,2054639293084151991,https://x.com/i/status/2054639293084151991,1,batch_0006.json
2056406814271451318,2054650735250264254,https://x.com/i/status/2054650735250264254,1,batch_0006.json
2056406814271451318,2054652641964167647,https://x.com/i/status/2054652641964167647,1,batch_0006.json
2056406814271451318,2054653755488936356,https://x.com/i/status/2054653755488936356,1,batch_0006.json
2056406814271451318,2054655006293323809,https://x.com/i/status/2054655006293323809,1,batch_0006.json
2056406814271451318,2054656873912054196,https://x.com/i/status/2054656873912054196,1,batch_0006.json
2056406814271451318,2054658982279520649,https://x.com/i/status/2054658982279520649,1,batch_0006.json
2056406814271451318,2054660205590290513,https://x.com/i/status/2054660205590290513,1,batch_0006.json
2056406814271451318,2054662233548787859,https://x.com/i/status/2054662233548787859,1,batch_0006.json
2056406814271451318,2054668107449352252,https://x.com/i/status/2054668107449352252,1,batch_0006.json
2056406814271451318,2054668270897070462,https://x.com/i/status/2054668270897070462,1,batch_0006.json
2056406814271451318,2054668654046826839,https://x.com/i/status/2054668654046826839,1,batch_0006.json
2056406814271451318,2054670945818648947,https://x.com/i/status/2054670945818648947,1,batch_0006.json
2056406814271451318,2054671191894315173,https://x.com/i/status/2054671191894315173,1,batch_0006.json
2056406814271451318,2054672095767056716,https://x.com/i/status/2054672095767056716,1,batch_0006.json
2056406814271451318,2054703575474078033,https://x.com/i/status/2054703575474078033,1,batch_0006.json
2056406814271451318,2054716728462946464,https://x.com/i/status/2054716728462946464,1,batch_0006.json
2056406814271451318,2054726898253508947,https://x.com/i/status/2054726898253508947,1,batch_0006.json
2056406814271451318,2054731494535692604,https://x.com/i/status/2054731494535692604,1,batch_0006.json
2056406814271451318,2054775552289173573,https://x.com/i/status/2054775552289173573,1,batch_0006.json
2056406814271451318,2054778896034222325,https://x.com/i/status/2054778896034222325,1,batch_0006.json
2056406814271451318,2054783179274494032,https://x.com/i/status/2054783179274494032,1,batch_0006.json
2056406814271451318,2054795423060312311,https://x.com/i/status/2054795423060312311,1,batch_0006.json
2056406814271451318,2054795792117035463,https://x.com/i/status/2054795792117035463,1,batch_0006.json
2056406814271451318,2054800625959899201,https://x.com/i/status/2054800625959899201,1,batch_0006.json
2056406814271451318,2054801589970391493,https://x.com/i/status/2054801589970391493,1,batch_0006.json
2056406814271451318,2054803971244720483,https://x.com/i/status/2054803971244720483,1,batch_0006.json
2056406814271451318,2054807624844025931,https://x.com/i/status/2054807624844025931,1,batch_0006.json
2056406814271451318,2054848405755625859,https://x.com/i/status/2054848405755625859,1,batch_0006.json
2056406814271451318,2054854511072559273,https://x.com/i/status/2054854511072559273,1,batch_0006.json
2056406814271451318,2054856497260105788,https://x.com/i/status/2054856497260105788,1,batch_0006.json
2056406814271451318,2054856997510459714,https://x.com/i/status/2054856997510459714,1,batch_0006.json
2056406814271451318,2054860760870785127,https://x.com/i/status/2054860760870785127,1,batch_0006.json
2056406814271451318,2054864218827174121,https://x.com/i/status/2054864218827174121,1,batch_0006.json
2056406814271451318,2054864542568423633,https://x.com/i/status/2054864542568423633,1,batch_0006.json
2056406814271451318,2054869477599088738,https://x.com/i/status/2054869477599088738,1,batch_0006.json
2056406814271451318,2054882212386865183,https://x.com/i/status/2054882212386865183,1,batch_0006.json
2056406814271451318,2054891234175381983,https://x.com/i/status/2054891234175381983,1,batch_0006.json
2056406814271451318,2054896108019593713,https://x.com/i/status/2054896108019593713,1,batch_0006.json
2056406814271451318,2054896643388977522,https://x.com/i/status/2054896643388977522,1,batch_0006.json
2056406814271451318,2054897092233973928,https://x.com/i/status/2054897092233973928,1,batch_0006.json
2056406814271451318,2054901392775758236,https://x.com/i/status/2054901392775758236,1,batch_0006.json
2056406814271451318,2054901994771657158,https://x.com/i/status/2054901994771657158,1,batch_0006.json
2056406814271451318,2054902173809746131,https://x.com/i/status/2054902173809746131,1,batch_0006.json
2056406814271451318,2054919826250797326,https://x.com/i/status/2054919826250797326,1,batch_0006.json
2056406814271451318,2054923394903109815,https://x.com/i/status/2054923394903109815,1,batch_0006.json
2056406814271451318,2054924468162543818,https://x.com/i/status/2054924468162543818,1,batch_0006.json
2056406814271451318,2054936416191136072,https://x.com/i/status/2054936416191136072,1,batch_0006.json
2056406814271451318,2054949452083851267,https://x.com/i/status/2054949452083851267,1,batch_0006.json
2056406814271451318,2054949700378255704,https://x.com/i/status/2054949700378255704,1,batch_0006.json
2056406814271451318,2054951669905932764,https://x.com/i/status/2054951669905932764,1,batch_0006.json
2056406814271451318,2054952816448311768,https://x.com/i/status/2054952816448311768,1,batch_0006.json
2056406814271451318,2054953837606150364,https://x.com/i/status/2054953837606150364,1,batch_0006.json
2056406814271451318,2054958974890328085,https://x.com/i/status/2054958974890328085,1,batch_0006.json
2056406814271451318,2054966737989230902,https://x.com/i/status/2054966737989230902,1,batch_0006.json
2056406814271451318,2054969354479874520,https://x.com/i/status/2054969354479874520,1,batch_0006.json
2056406814271451318,2054971350809260522,https://x.com/i/status/2054971350809260522,1,batch_0006.json
2056406814271451318,2054975086004727887,https://x.com/i/status/2054975086004727887,1,batch_0006.json
2056406814271451318,2054975903604597135,https://x.com/i/status/2054975903604597135,1,batch_0006.json
2056406814271451318,2054985766971769182,https://x.com/i/status/2054985766971769182,1,batch_0006.json
2056406814271451318,2054990687083348251,https://x.com/i/status/2054990687083348251,1,batch_0006.json
2056406814271451318,2054993959781642255,https://x.com/i/status/2054993959781642255,1,batch_0006.json
2056406814271451318,2055004361026326917,https://x.com/i/status/2055004361026326917,1,batch_0006.json
2056406814271451318,2055007705111421373,https://x.com/i/status/2055007705111421373,1,batch_0006.json
2056406814271451318,2055015034900635910,https://x.com/i/status/2055015034900635910,1,batch_0006.json
2056406814271451318,2055018161552933069,https://x.com/i/status/2055018161552933069,1,batch_0006.json
2056406814271451318,2055018825863819702,https://x.com/i/status/2055018825863819702,1,batch_0006.json
2056406814271451318,2055029821634400739,https://x.com/i/status/2055029821634400739,1,batch_0006.json
2056406814271451318,2055036331395366938,https://x.com/i/status/2055036331395366938,1,batch_0006.json
2056406814271451318,2055055695326720455,https://x.com/i/status/2055055695326720455,1,batch_0006.json
2056406814271451318,2055060542876713340,https://x.com/i/status/2055060542876713340,1,batch_0006.json
2056406814271451318,2055065332239454520,https://x.com/i/status/2055065332239454520,1,batch_0006.json
2056406814271451318,2055105255554285684,https://x.com/i/status/2055105255554285684,1,batch_0006.json
2056406814271451318,2055106777847656949,https://x.com/i/status/2055106777847656949,1,batch_0006.json
2056406814271451318,2055127847216226764,https://x.com/i/status/2055127847216226764,1,batch_0006.json
2056406814271451318,2055128741622448215,https://x.com/i/status/2055128741622448215,1,batch_0006.json
2056406814271451318,2055152368560562554,https://x.com/i/status/2055152368560562554,1,batch_0006.json
2056406814271451318,2055154511602143441,https://x.com/i/status/2055154511602143441,1,batch_0006.json
2056406814271451318,2055181287250366700,https://x.com/i/status/2055181287250366700,1,batch_0006.json
2056406814271451318,2055214463674900785,https://x.com/i/status/2055214463674900785,1,batch_0006.json
2056406814271451318,2055271737181302846,https://x.com/i/status/2055271737181302846,1,batch_0006.json
2056406814271451318,2055318419604463683,https://x.com/i/status/2055318419604463683,1,batch_0006.json
2056406814271451318,2055348188911902870,https://x.com/i/status/2055348188911902870,1,batch_0006.json
2056406814271451318,2055350682928988571,https://x.com/i/status/2055350682928988571,1,batch_0006.json
2056406814271451318,2055351836618436995,https://x.com/i/status/2055351836618436995,1,batch_0006.json
2056406814271451318,2055365885871747121,https://x.com/i/status/2055365885871747121,1,batch_0006.json
2056406814271451318,2055386138672615757,https://x.com/i/status/2055386138672615757,1,batch_0006.json
2056406814271451318,2055668193629245944,https://x.com/i/status/2055668193629245944,1,batch_0006.json
2056406814271451318,2055703922392662311,https://x.com/i/status/2055703922392662311,1,batch_0006.json
2056406814271451318,2055808887895318594,https://x.com/i/status/2055808887895318594,1,batch_0006.json
2056406814271451318,2055843421151957095,https://x.com/i/status/2055843421151957095,1,batch_0006.json
2056406814271451318,2055846386629849601,https://x.com/i/status/2055846386629849601,1,batch_0006.json
2056406814271451318,2055877535649398864,https://x.com/i/status/2055877535649398864,1,batch_0006.json
2056406814271451318,2055982375528481263,https://x.com/i/status/2055982375528481263,1,batch_0006.json
2056406814271451318,2056030748029669478,https://x.com/i/status/2056030748029669478,1,batch_0006.json
2056406814271451318,2056045465720791197,https://x.com/i/status/2056045465720791197,1,batch_0006.json
2056406814271451318,2056060784917012861,https://x.com/i/status/2056060784917012861,1,batch_0006.json
2056406814271451318,2056070746212884674,https://x.com/i/status/2056070746212884674,1,batch_0006.json
2056406814271451318,2056075806808367191,https://x.com/i/status/2056075806808367191,1,batch_0006.json
2056406814271451318,2056079269235732752,https://x.com/i/status/2056079269235732752,1,batch_0006.json
2056406814271451318,2056081813840306513,https://x.com/i/status/2056081813840306513,1,batch_0006.json
2056406814271451318,2056083710349389907,https://x.com/i/status/2056083710349389907,1,batch_0006.json
2056406814271451318,2056090075071398031,https://x.com/i/status/2056090075071398031,1,batch_0006.json
2056406814271451318,2056091293391212882,https://x.com/i/status/2056091293391212882,1,batch_0006.json
2056406814271451318,2056092990137917462,https://x.com/i/status/2056092990137917462,1,batch_0006.json
2056406814271451318,2056096769843327421,https://x.com/i/status/2056096769843327421,1,batch_0006.json
2056406814271451318,2056100199903195266,https://x.com/i/status/2056100199903195266,1,batch_0006.json
2056406814271451318,2056111827474338290,https://x.com/i/status/2056111827474338290,1,batch_0006.json
2056406814271451318,2056116762815398372,https://x.com/i/status/2056116762815398372,1,batch_0006.json
2056406814271451318,2056119801907663052,https://x.com/i/status/2056119801907663052,1,batch_0006.json
2056406814271451318,2056120323863372259,https://x.com/i/status/2056120323863372259,1,batch_0006.json
2056406814271451318,2056124613029957959,https://x.com/i/status/2056124613029957959,1,batch_0006.json
2056406814271451318,2056130237788745854,https://x.com/i/status/2056130237788745854,1,batch_0006.json
2056406814271451318,2056142091105751120,https://x.com/i/status/2056142091105751120,1,batch_0006.json
2056406814271451318,2056147520120930562,https://x.com/i/status/2056147520120930562,1,batch_0006.json
2056406814271451318,2056149412292751491,https://x.com/i/status/2056149412292751491,1,batch_0006.json
2056406814271451318,2056150268912472194,https://x.com/i/status/2056150268912472194,1,batch_0006.json
2056406814271451318,2056151782187847835,https://x.com/i/status/2056151782187847835,1,batch_0006.json
2056406814271451318,2056156612943888872,https://x.com/i/status/2056156612943888872,1,batch_0006.json
2056406814271451318,2056160307265901018,https://x.com/i/status/2056160307265901018,1,batch_0006.json
2056406814271451318,2056166547912376675,https://x.com/i/status/2056166547912376675,1,batch_0006.json
2056406814271451318,2056183380430266506,https://x.com/i/status/2056183380430266506,1,batch_0006.json
2056406814271451318,2056189806925808113,https://x.com/i/status/2056189806925808113,1,batch_0006.json
2056406814271451318,2056205841989324999,https://x.com/i/status/2056205841989324999,1,batch_0006.json
2056406814271451318,2056210627056545818,https://x.com/i/status/2056210627056545818,1,batch_0006.json
2056406814271451318,2056222255550460378,https://x.com/i/status/2056222255550460378,1,batch_0006.json
2056406814271451318,2056222630663848165,https://x.com/i/status/2056222630663848165,1,batch_0006.json
2056406814271451318,2056228715575795961,https://x.com/i/status/2056228715575795961,1,batch_0006.json
2056406814271451318,2056230435823272358,https://x.com/i/status/2056230435823272358,1,batch_0006.json
2056406814271451318,2056232554957619523,https://x.com/i/status/2056232554957619523,1,batch_0006.json
2056406814271451318,2056241249351295182,https://x.com/i/status/2056241249351295182,1,batch_0006.json
2056406814271451318,2056266304021999974,https://x.com/i/status/2056266304021999974,1,batch_0006.json
2056406814271451318,2056310955928334709,https://x.com/i/status/2056310955928334709,1,batch_0006.json
2056406814271451318,2056343923665101235,https://x.com/i/status/2056343923665101235,1,batch_0006.json
2056406814271451318,2056381369706479707,https://x.com/i/status/2056381369706479707,1,batch_0006.json
2056406814271451318,2056689083997356375,https://x.com/i/status/2056689083997356375,1,batch_0006.json
2056406814271451318,2056806930237009958,https://x.com/i/status/2056806930237009958,1,batch_0006.json
2056406814271451318,2057181009272295533,https://x.com/i/status/2057181009272295533,1,batch_0006.json
2056406814271451318,2057450793066729699,https://x.com/i/status/2057450793066729699,1,batch_0006.json
2056406814271451318,2057532908160553107,https://x.com/i/status/2057532908160553107,1,batch_0006.json
2056406814271451318,2058050485513228646,https://x.com/i/status/2058050485513228646,1,batch_0006.json
2056406814271451318,2058263701220954464,https://x.com/i/status/2058263701220954464,1,batch_0006.json
2056406814271451318,2059001112938582227,https://x.com/i/status/2059001112938582227,1,batch_0006.json
2056406814271451318,2059609871268319591,https://x.com/i/status/2059609871268319591,1,batch_0006.json
2056406814271451318,2059609911823085783,https://x.com/i/status/2059609911823085783,1,batch_0006.json
2056406814271451318,2059609921017004247,https://x.com/i/status/2059609921017004247,1,batch_0006.json
2056406814271451318,2060290131660062777,https://x.com/i/status/2060290131660062777,1,batch_0006.json
2056406814271451318,2060340570707406968,https://x.com/i/status/2060340570707406968,1,batch_0006.json
2056406814271451318,2060594572032704833,https://x.com/i/status/2060594572032704833,1,batch_0006.json
2056406814271451318,2060935591093510547,https://x.com/i/status/2060935591093510547,1,batch_0006.json
2056432199180927388,2056310827246854468,https://x.com/i/status/2056310827246854468,1,batch_0006.json
2056432199180927388,2056312038935171325,https://x.com/i/status/2056312038935171325,1,batch_0006.json
2056432199180927388,2056313867626594386,https://x.com/i/status/2056313867626594386,1,batch_0006.json
2056432199180927388,2056317800449216542,https://x.com/i/status/2056317800449216542,1,batch_0006.json
2056432199180927388,2056321435912511786,https://x.com/i/status/2056321435912511786,1,batch_0006.json
2056432199180927388,2056323097435721917,https://x.com/i/status/2056323097435721917,1,batch_0006.json
2056432199180927388,2056324891557675480,https://x.com/i/status/2056324891557675480,1,batch_0006.json
2056432199180927388,2056360739254739311,https://x.com/i/status/2056360739254739311,1,batch_0006.json
2056432199180927388,2056390089991671941,https://x.com/i/status/2056390089991671941,1,batch_0006.json
2056432199180927388,2056423649872130318,https://x.com/i/status/2056423649872130318,1,batch_0006.json
2056432569835540893,2056308729868410919,https://x.com/i/status/2056308729868410919,1,batch_0006.json
2056432569835540893,2056309047838564523,https://x.com/i/status/2056309047838564523,1,batch_0006.json
2056432569835540893,2056311532623982630,https://x.com/i/status/2056311532623982630,1,batch_0006.json
2056432569835540893,2056311969578172897,https://x.com/i/status/2056311969578172897,1,batch_0006.json
2056432569835540893,2056322326287798527,https://x.com/i/status/2056322326287798527,1,batch_0006.json
2056432569835540893,2056323981091786991,https://x.com/i/status/2056323981091786991,1,batch_0006.json
2056432569835540893,2056418897792737522,https://x.com/i/status/2056418897792737522,1,batch_0006.json
2056432569835540893,2056420824039518623,https://x.com/i/status/2056420824039518623,1,batch_0006.json
2056432569835540893,2056429656228708572,https://x.com/i/status/2056429656228708572,1,batch_0006.json
2056432569835540893,2056442392790651196,https://x.com/i/status/2056442392790651196,1,batch_0006.json
2056432569835540893,2056446825385648406,https://x.com/i/status/2056446825385648406,1,batch_0006.json
2056434524024651834,2056308904787640658,https://x.com/i/status/2056308904787640658,1,batch_0006.json
2056434524024651834,2056313240464830583,https://x.com/i/status/2056313240464830583,1,batch_0006.json
2056434524024651834,2056323348682985505,https://x.com/i/status/2056323348682985505,1,batch_0006.json
2056434524024651834,2056323689726062616,https://x.com/i/status/2056323689726062616,1,batch_0006.json
2056434524024651834,2056326158996668495,https://x.com/i/status/2056326158996668495,1,batch_0006.json
2056434524024651834,2056340102448570625,https://x.com/i/status/2056340102448570625,1,batch_0006.json
2056434524024651834,2056343105951961147,https://x.com/i/status/2056343105951961147,1,batch_0006.json
2056434524024651834,2056423721645072669,https://x.com/i/status/2056423721645072669,1,batch_0006.json
2056434524024651834,2056427545772319193,https://x.com/i/status/2056427545772319193,1,batch_0006.json
2056434524024651834,2056454649541009599,https://x.com/i/status/2056454649541009599,1,batch_0006.json
2056434524024651834,2056484946567737702,https://x.com/i/status/2056484946567737702,1,batch_0006.json
2056434524024651834,2056549958036173119,https://x.com/i/status/2056549958036173119,1,batch_0006.json
2056434524024651834,2056627428269621404,https://x.com/i/status/2056627428269621404,1,batch_0006.json
2056461424654762355,2049891617482432890,https://x.com/i/status/2049891617482432890,1,batch_0006.json
2056461424654762355,2049908492043985012,https://x.com/i/status/2049908492043985012,1,batch_0006.json
2056461424654762355,2050990798460854288,https://x.com/i/status/2050990798460854288,1,batch_0006.json
2056461424654762355,2051354068757405744,https://x.com/i/status/2051354068757405744,1,batch_0006.json
2056461424654762355,2056396362061672777,https://x.com/i/status/2056396362061672777,1,batch_0006.json
2056461424654762355,2056405604693062023,https://x.com/i/status/2056405604693062023,1,batch_0006.json
2056461424654762355,2056407840093528451,https://x.com/i/status/2056407840093528451,1,batch_0006.json
2056461424654762355,2056418045808058767,https://x.com/i/status/2056418045808058767,1,batch_0006.json
2056461424654762355,2056421959450460598,https://x.com/i/status/2056421959450460598,1,batch_0006.json
2056461424654762355,2056425625057939722,https://x.com/i/status/2056425625057939722,1,batch_0006.json
2056461424654762355,2056426603891315138,https://x.com/i/status/2056426603891315138,1,batch_0006.json
2056461424654762355,2056430663260131608,https://x.com/i/status/2056430663260131608,1,batch_0006.json
2056461424654762355,2056436474036240867,https://x.com/i/status/2056436474036240867,1,batch_0006.json
2056461424654762355,2056438238051512810,https://x.com/i/status/2056438238051512810,1,batch_0006.json
2056461424654762355,2056438988144263646,https://x.com/i/status/2056438988144263646,1,batch_0006.json
2056461424654762355,2056444311240339648,https://x.com/i/status/2056444311240339648,1,batch_0006.json
2056461424654762355,2056446715649986873,https://x.com/i/status/2056446715649986873,1,batch_0006.json
2056461424654762355,2056449116847133043,https://x.com/i/status/2056449116847133043,1,batch_0006.json
2056461424654762355,2056449632490631610,https://x.com/i/status/2056449632490631610,1,batch_0006.json
2056461424654762355,2056455601136210076,https://x.com/i/status/2056455601136210076,1,batch_0006.json
2056766178912067994,2056080095518114204,https://x.com/i/status/2056080095518114204,1,batch_0006.json
2056766178912067994,2056350660724133982,https://x.com/i/status/2056350660724133982,1,batch_0006.json
2056766178912067994,2056482837847515466,https://x.com/i/status/2056482837847515466,1,batch_0006.json
2056766178912067994,2060378995045089561,https://x.com/i/status/2060378995045089561,1,batch_0006.json
2056766178912067994,2060770548611764734,https://x.com/i/status/2060770548611764734,1,batch_0006.json
2056766178912067994,2060807113962565676,https://x.com/i/status/2060807113962565676,1,batch_0006.json
2056812783015002457,2056669306151158025,https://x.com/i/status/2056669306151158025,1,batch_0006.json
2056812783015002457,2056678320654205275,https://x.com/i/status/2056678320654205275,1,batch_0006.json
2056812783015002457,2056688713749377089,https://x.com/i/status/2056688713749377089,1,batch_0006.json
2056812783015002457,2056689896027210045,https://x.com/i/status/2056689896027210045,1,batch_0006.json
2056812783015002457,2056690949275955353,https://x.com/i/status/2056690949275955353,1,batch_0006.json
2056812783015002457,2056692367307022373,https://x.com/i/status/2056692367307022373,1,batch_0006.json
2056812783015002457,2056700726806536313,https://x.com/i/status/2056700726806536313,1,batch_0006.json
2056812783015002457,2056701986959970652,https://x.com/i/status/2056701986959970652,1,batch_0006.json
2056812783015002457,2056703501699280992,https://x.com/i/status/2056703501699280992,1,batch_0006.json
2056812783015002457,2056706846723866936,https://x.com/i/status/2056706846723866936,1,batch_0006.json
2056812783015002457,2056707363378274635,https://x.com/i/status/2056707363378274635,1,batch_0006.json
2056812783015002457,2056708170911715541,https://x.com/i/status/2056708170911715541,1,batch_0006.json
2056812783015002457,2056708379246985643,https://x.com/i/status/2056708379246985643,1,batch_0006.json
2056812783015002457,2056711010203943076,https://x.com/i/status/2056711010203943076,1,batch_0006.json
2056812783015002457,2056711966626881670,https://x.com/i/status/2056711966626881670,1,batch_0006.json
2056812783015002457,2056713220870623655,https://x.com/i/status/2056713220870623655,1,batch_0006.json
2056812783015002457,2056716603438268541,https://x.com/i/status/2056716603438268541,1,batch_0006.json
2056812783015002457,2056717405728936334,https://x.com/i/status/2056717405728936334,1,batch_0006.json
2056812783015002457,2056719985368584595,https://x.com/i/status/2056719985368584595,1,batch_0006.json
2056812783015002457,2056720882135896362,https://x.com/i/status/2056720882135896362,1,batch_0006.json
2056812783015002457,2056721293328961548,https://x.com/i/status/2056721293328961548,1,batch_0006.json
2056812783015002457,2056721705209393219,https://x.com/i/status/2056721705209393219,1,batch_0006.json
2056812783015002457,2056723852198084980,https://x.com/i/status/2056723852198084980,1,batch_0006.json
2056812783015002457,2056729267845689429,https://x.com/i/status/2056729267845689429,1,batch_0006.json
2056812783015002457,2056731894939566306,https://x.com/i/status/2056731894939566306,1,batch_0006.json
2056812783015002457,2056735097320087645,https://x.com/i/status/2056735097320087645,1,batch_0006.json
2056812783015002457,2056735923925327901,https://x.com/i/status/2056735923925327901,1,batch_0006.json
2056812783015002457,2056737176415785346,https://x.com/i/status/2056737176415785346,1,batch_0006.json
2056812783015002457,2056739848539537702,https://x.com/i/status/2056739848539537702,1,batch_0006.json
2056812783015002457,2056740432239903139,https://x.com/i/status/2056740432239903139,1,batch_0006.json
2056812783015002457,2056741253329342476,https://x.com/i/status/2056741253329342476,1,batch_0006.json
2056812783015002457,2056743760114143427,https://x.com/i/status/2056743760114143427,1,batch_0006.json
2056812783015002457,2056745358160740777,https://x.com/i/status/2056745358160740777,1,batch_0006.json
2056812783015002457,2056745916548436354,https://x.com/i/status/2056745916548436354,1,batch_0006.json
2056812783015002457,2056748261105455339,https://x.com/i/status/2056748261105455339,1,batch_0006.json
2056812783015002457,2056748887591772627,https://x.com/i/status/2056748887591772627,1,batch_0006.json
2056812783015002457,2056749558596501784,https://x.com/i/status/2056749558596501784,1,batch_0006.json
2056812783015002457,2056750149657891012,https://x.com/i/status/2056750149657891012,1,batch_0006.json
2056812783015002457,2056756506842825031,https://x.com/i/status/2056756506842825031,1,batch_0006.json
2056812783015002457,2056760279896072670,https://x.com/i/status/2056760279896072670,1,batch_0006.json
2056812783015002457,2056760472225943992,https://x.com/i/status/2056760472225943992,1,batch_0006.json
2056812783015002457,2056761706387509505,https://x.com/i/status/2056761706387509505,1,batch_0006.json
2056812783015002457,2056762069903368327,https://x.com/i/status/2056762069903368327,1,batch_0006.json
2056812783015002457,2056763669296329204,https://x.com/i/status/2056763669296329204,1,batch_0006.json
2056812783015002457,2056763916655468832,https://x.com/i/status/2056763916655468832,1,batch_0006.json
2056812783015002457,2056765500718186884,https://x.com/i/status/2056765500718186884,1,batch_0006.json
2056812783015002457,2056767870517104648,https://x.com/i/status/2056767870517104648,1,batch_0006.json
2056812783015002457,2056768835852636283,https://x.com/i/status/2056768835852636283,1,batch_0006.json
2056812783015002457,2056771893655691339,https://x.com/i/status/2056771893655691339,1,batch_0006.json
2056812783015002457,2056775896711700734,https://x.com/i/status/2056775896711700734,1,batch_0006.json
2056812783015002457,2056777107389169854,https://x.com/i/status/2056777107389169854,1,batch_0006.json
2056812783015002457,2056777474604708255,https://x.com/i/status/2056777474604708255,1,batch_0006.json
2056812783015002457,2056777891585630626,https://x.com/i/status/2056777891585630626,1,batch_0006.json
2056812783015002457,2056778254397080005,https://x.com/i/status/2056778254397080005,1,batch_0006.json
2056812783015002457,2056779745430241496,https://x.com/i/status/2056779745430241496,1,batch_0006.json
2056812783015002457,2056781143131754897,https://x.com/i/status/2056781143131754897,1,batch_0006.json
2056812783015002457,2056782569975201917,https://x.com/i/status/2056782569975201917,1,batch_0006.json
2056812783015002457,2056785115787694431,https://x.com/i/status/2056785115787694431,1,batch_0006.json
2056812783015002457,2056786071468286429,https://x.com/i/status/2056786071468286429,1,batch_0006.json
2056812783015002457,2056786170269307144,https://x.com/i/status/2056786170269307144,1,batch_0006.json
2056812783015002457,2056787060191633811,https://x.com/i/status/2056787060191633811,1,batch_0006.json
2056812783015002457,2056788251264917599,https://x.com/i/status/2056788251264917599,1,batch_0006.json
2056812783015002457,2056793867924447472,https://x.com/i/status/2056793867924447472,1,batch_0006.json
2056812783015002457,2056795649731973533,https://x.com/i/status/2056795649731973533,1,batch_0006.json
2056812783015002457,2056796110941716980,https://x.com/i/status/2056796110941716980,1,batch_0006.json
2056812783015002457,2056801126456889564,https://x.com/i/status/2056801126456889564,1,batch_0006.json
2056812783015002457,2056801562920464556,https://x.com/i/status/2056801562920464556,1,batch_0006.json
2056812783015002457,2056802696053641282,https://x.com/i/status/2056802696053641282,1,batch_0006.json
2056812783015002457,2056802940002721941,https://x.com/i/status/2056802940002721941,1,batch_0006.json
2056812783015002457,2056803099663065452,https://x.com/i/status/2056803099663065452,1,batch_0006.json
2056812783015002457,2056803511149498627,https://x.com/i/status/2056803511149498627,1,batch_0006.json
2056812783015002457,2056807916930220328,https://x.com/i/status/2056807916930220328,1,batch_0006.json
2056812783015002457,2056808204554699021,https://x.com/i/status/2056808204554699021,1,batch_0006.json
2056812783015002457,2056808564694417710,https://x.com/i/status/2056808564694417710,1,batch_0006.json
2056812783015002457,2056808598689210518,https://x.com/i/status/2056808598689210518,1,batch_0006.json
2056812783015002457,2056808785163743644,https://x.com/i/status/2056808785163743644,1,batch_0006.json
2056812783015002457,2056808804759544266,https://x.com/i/status/2056808804759544266,1,batch_0006.json
2056812783015002457,2056810614823981320,https://x.com/i/status/2056810614823981320,1,batch_0006.json
2056812783015002457,2056812109468438989,https://x.com/i/status/2056812109468438989,1,batch_0006.json
2056812783015002457,2056812758499242307,https://x.com/i/status/2056812758499242307,1,batch_0006.json
2056812783015002457,2056813587067453747,https://x.com/i/status/2056813587067453747,1,batch_0006.json
2056812783015002457,2056814114136093035,https://x.com/i/status/2056814114136093035,1,batch_0006.json
2056812783015002457,2056815722794271146,https://x.com/i/status/2056815722794271146,1,batch_0006.json
2056812783015002457,2056819242327007308,https://x.com/i/status/2056819242327007308,1,batch_0006.json
2056812783015002457,2056820052146491508,https://x.com/i/status/2056820052146491508,1,batch_0006.json
2056812783015002457,2056821531834302643,https://x.com/i/status/2056821531834302643,1,batch_0006.json
2056812783015002457,2056822041613857181,https://x.com/i/status/2056822041613857181,1,batch_0006.json
2056812783015002457,2056825386495836241,https://x.com/i/status/2056825386495836241,1,batch_0006.json
2056812783015002457,2056825771683958934,https://x.com/i/status/2056825771683958934,1,batch_0006.json
2056812783015002457,2056826394831643091,https://x.com/i/status/2056826394831643091,1,batch_0006.json
2056812783015002457,2056828970264334379,https://x.com/i/status/2056828970264334379,1,batch_0006.json
2056812783015002457,2056829703227412897,https://x.com/i/status/2056829703227412897,1,batch_0006.json
2056812783015002457,2056834501209157671,https://x.com/i/status/2056834501209157671,1,batch_0006.json
2056812783015002457,2056837279876792831,https://x.com/i/status/2056837279876792831,1,batch_0006.json
2056812783015002457,2056840255660056675,https://x.com/i/status/2056840255660056675,1,batch_0006.json
2056812783015002457,2056843218784764378,https://x.com/i/status/2056843218784764378,1,batch_0006.json
2056812783015002457,2056843985922990178,https://x.com/i/status/2056843985922990178,1,batch_0006.json
2056812783015002457,2056844154617958635,https://x.com/i/status/2056844154617958635,1,batch_0006.json
2056812783015002457,2056846421169459398,https://x.com/i/status/2056846421169459398,1,batch_0006.json
2056812783015002457,2056847976874533304,https://x.com/i/status/2056847976874533304,1,batch_0006.json
2056812783015002457,2056848793350381638,https://x.com/i/status/2056848793350381638,1,batch_0006.json
2056812783015002457,2056851893511655844,https://x.com/i/status/2056851893511655844,1,batch_0006.json
2056812783015002457,2056852894733729816,https://x.com/i/status/2056852894733729816,1,batch_0006.json
2056812783015002457,2056860683363393667,https://x.com/i/status/2056860683363393667,1,batch_0006.json
2056812783015002457,2056864900996006221,https://x.com/i/status/2056864900996006221,1,batch_0006.json
2056812783015002457,2056892589207650488,https://x.com/i/status/2056892589207650488,1,batch_0006.json
2056812783015002457,2056893332291239965,https://x.com/i/status/2056893332291239965,1,batch_0006.json
2056812783015002457,2056903167837630756,https://x.com/i/status/2056903167837630756,1,batch_0006.json
2056812783015002457,2056932755720880557,https://x.com/i/status/2056932755720880557,1,batch_0006.json
2056812783015002457,2056956565425459514,https://x.com/i/status/2056956565425459514,1,batch_0006.json
2056812783015002457,2056964215483551812,https://x.com/i/status/2056964215483551812,1,batch_0006.json
2056812783015002457,2056964260970865043,https://x.com/i/status/2056964260970865043,1,batch_0006.json
2056812783015002457,2056969626102444050,https://x.com/i/status/2056969626102444050,1,batch_0006.json
2056812783015002457,2056977282967974221,https://x.com/i/status/2056977282967974221,1,batch_0006.json
2056812783015002457,2056977514128458060,https://x.com/i/status/2056977514128458060,1,batch_0006.json
2056812783015002457,2057016802119471209,https://x.com/i/status/2057016802119471209,1,batch_0006.json
2056812783015002457,2057020024624140436,https://x.com/i/status/2057020024624140436,1,batch_0006.json
2056812783015002457,2057040644296573287,https://x.com/i/status/2057040644296573287,1,batch_0006.json
2056812783015002457,2057047893236752513,https://x.com/i/status/2057047893236752513,1,batch_0006.json
2056812783015002457,2057048805439148358,https://x.com/i/status/2057048805439148358,1,batch_0006.json
2056812783015002457,2057048913824153986,https://x.com/i/status/2057048913824153986,1,batch_0006.json
2056812783015002457,2057063267680330144,https://x.com/i/status/2057063267680330144,1,batch_0006.json
2056812783015002457,2057107381775925572,https://x.com/i/status/2057107381775925572,1,batch_0006.json
2056812783015002457,2057110290206949754,https://x.com/i/status/2057110290206949754,1,batch_0006.json
2056812783015002457,2057145435282604044,https://x.com/i/status/2057145435282604044,1,batch_0006.json
2056812783015002457,2057167481245200864,https://x.com/i/status/2057167481245200864,1,batch_0006.json
2056812783015002457,2057182822742581627,https://x.com/i/status/2057182822742581627,1,batch_0006.json
2056812783015002457,2057195917686538534,https://x.com/i/status/2057195917686538534,1,batch_0006.json
2056812783015002457,2057198108732535169,https://x.com/i/status/2057198108732535169,1,batch_0006.json
2056812783015002457,2057340971252101299,https://x.com/i/status/2057340971252101299,1,batch_0006.json
2056812783015002457,2057373050627068136,https://x.com/i/status/2057373050627068136,1,batch_0006.json
2056812783015002457,2057395508302274800,https://x.com/i/status/2057395508302274800,1,batch_0006.json
2056812783015002457,2057430010797957627,https://x.com/i/status/2057430010797957627,1,batch_0006.json
2056812783015002457,2057460449491243206,https://x.com/i/status/2057460449491243206,1,batch_0006.json
2056812783015002457,2057462755288912151,https://x.com/i/status/2057462755288912151,1,batch_0006.json
2056812783015002457,2057475997004366086,https://x.com/i/status/2057475997004366086,1,batch_0006.json
2056812783015002457,2057533717170487514,https://x.com/i/status/2057533717170487514,1,batch_0006.json
2056812783015002457,2057710081722970128,https://x.com/i/status/2057710081722970128,1,batch_0006.json
2056812783015002457,2057746276385517908,https://x.com/i/status/2057746276385517908,1,batch_0006.json
2056812783015002457,2057747683679310183,https://x.com/i/status/2057747683679310183,1,batch_0006.json
2056812783015002457,2057749328333029481,https://x.com/i/status/2057749328333029481,1,batch_0006.json
2056812783015002457,2057814137909268577,https://x.com/i/status/2057814137909268577,1,batch_0006.json
2056812783015002457,2057883309825220753,https://x.com/i/status/2057883309825220753,1,batch_0006.json
2056812783015002457,2057903276490735970,https://x.com/i/status/2057903276490735970,1,batch_0006.json
2056812783015002457,2058087565958275446,https://x.com/i/status/2058087565958275446,1,batch_0006.json
2056812783015002457,2058094162646364378,https://x.com/i/status/2058094162646364378,1,batch_0006.json
2056812783015002457,2058121584745775170,https://x.com/i/status/2058121584745775170,1,batch_0006.json
2056812783015002457,2058134518217777409,https://x.com/i/status/2058134518217777409,1,batch_0006.json
2056812783015002457,2058148669321257209,https://x.com/i/status/2058148669321257209,1,batch_0006.json
2056812783015002457,2058279574698393715,https://x.com/i/status/2058279574698393715,1,batch_0006.json
2056812783015002457,2058512737584513442,https://x.com/i/status/2058512737584513442,1,batch_0006.json
2056812783015002457,2058528856848400850,https://x.com/i/status/2058528856848400850,1,batch_0006.json
2056812783015002457,2058549731895242928,https://x.com/i/status/2058549731895242928,1,batch_0006.json
2056812783015002457,2058575985314824204,https://x.com/i/status/2058575985314824204,1,batch_0006.json
2056812783015002457,2058650533011808685,https://x.com/i/status/2058650533011808685,1,batch_0006.json
2056812783015002457,2058795125430456811,https://x.com/i/status/2058795125430456811,1,batch_0006.json
2056812783015002457,2058854089187000411,https://x.com/i/status/2058854089187000411,1,batch_0006.json
2056812783015002457,2058938076244676796,https://x.com/i/status/2058938076244676796,1,batch_0006.json
2056812783015002457,2059238550957072433,https://x.com/i/status/2059238550957072433,1,batch_0006.json
2056812783015002457,2059588914948526485,https://x.com/i/status/2059588914948526485,1,batch_0006.json
2056812783015002457,2059913132768678098,https://x.com/i/status/2059913132768678098,1,batch_0006.json
2056812783015002457,2060252100777357703,https://x.com/i/status/2060252100777357703,1,batch_0006.json
2056812783015002457,2061825163289829577,https://x.com/i/status/2061825163289829577,1,batch_0006.json
2056826138354434542,2056805773846409387,https://x.com/i/status/2056805773846409387,1,batch_0006.json
2056826138354434542,2056807462280302807,https://x.com/i/status/2056807462280302807,1,batch_0006.json
2056826138354434542,2056811463512097106,https://x.com/i/status/2056811463512097106,1,batch_0006.json
2056826138354434542,2056813334003958091,https://x.com/i/status/2056813334003958091,1,batch_0006.json
2056826138354434542,2056813498462535859,https://x.com/i/status/2056813498462535859,1,batch_0006.json
2056826138354434542,2056814935946961281,https://x.com/i/status/2056814935946961281,1,batch_0006.json
2056826138354434542,2056815306643845626,https://x.com/i/status/2056815306643845626,1,batch_0006.json
2056826138354434542,2056817448230310037,https://x.com/i/status/2056817448230310037,1,batch_0006.json
2056826138354434542,2056819989403840715,https://x.com/i/status/2056819989403840715,1,batch_0006.json
2056826138354434542,2056821416914231527,https://x.com/i/status/2056821416914231527,1,batch_0006.json
2056826138354434542,2056822212288532854,https://x.com/i/status/2056822212288532854,1,batch_0006.json
2056826299449049581,2056819276867068053,https://x.com/i/status/2056819276867068053,1,batch_0006.json
2056826299449049581,2056824545449828579,https://x.com/i/status/2056824545449828579,1,batch_0006.json
2056826405724311929,2056801221176873113,https://x.com/i/status/2056801221176873113,1,batch_0006.json
2056826405724311929,2056803004448186848,https://x.com/i/status/2056803004448186848,1,batch_0006.json
2056826405724311929,2056819044171366409,https://x.com/i/status/2056819044171366409,1,batch_0006.json
2056938760546230628,2056706451691688258,https://x.com/i/status/2056706451691688258,1,batch_0006.json
2057488048124809705,2054643053021835431,https://x.com/i/status/2054643053021835431,1,batch_0006.json
2057488048124809705,2054847800714654080,https://x.com/i/status/2054847800714654080,1,batch_0006.json
2057488048124809705,2054926238037217642,https://x.com/i/status/2054926238037217642,1,batch_0006.json
2057488048124809705,2055956808154349781,https://x.com/i/status/2055956808154349781,1,batch_0006.json
2057488048124809705,2055978110613377376,https://x.com/i/status/2055978110613377376,1,batch_0006.json
2057488048124809705,2055980458295406951,https://x.com/i/status/2055980458295406951,1,batch_0006.json
2057488048124809705,2056294089012695455,https://x.com/i/status/2056294089012695455,1,batch_0006.json
2057488048124809705,2056666088931237930,https://x.com/i/status/2056666088931237930,1,batch_0006.json
2057488048124809705,2057206768565195040,https://x.com/i/status/2057206768565195040,1,batch_0006.json
2057517876903346525,2057490398428201226,https://x.com/i/status/2057490398428201226,1,batch_0006.json
2057517876903346525,2057490668902117751,https://x.com/i/status/2057490668902117751,1,batch_0006.json
2057517876903346525,2057492481852231790,https://x.com/i/status/2057492481852231790,1,batch_0006.json
2057517876903346525,2057498082728620291,https://x.com/i/status/2057498082728620291,1,batch_0006.json
2057517876903346525,2057499488927809715,https://x.com/i/status/2057499488927809715,1,batch_0006.json
2057517876903346525,2057499982232453575,https://x.com/i/status/2057499982232453575,1,batch_0006.json
2057518233507217828,2053413537263812609,https://x.com/i/status/2053413537263812609,1,batch_0006.json
2057518233507217828,2053428358856298961,https://x.com/i/status/2053428358856298961,1,batch_0006.json
2057518233507217828,2057490398428201226,https://x.com/i/status/2057490398428201226,1,batch_0006.json
2057518233507217828,2057490668902117751,https://x.com/i/status/2057490668902117751,1,batch_0006.json
2057518233507217828,2057492481852231790,https://x.com/i/status/2057492481852231790,1,batch_0006.json
2057518233507217828,2057498082728620291,https://x.com/i/status/2057498082728620291,1,batch_0006.json
2057518233507217828,2057499488927809715,https://x.com/i/status/2057499488927809715,1,batch_0006.json
2057518233507217828,2057499982232453575,https://x.com/i/status/2057499982232453575,1,batch_0006.json
2057518233507217828,2057509137278263329,https://x.com/i/status/2057509137278263329,1,batch_0006.json
2058294587399995411,2057885936914993426,https://x.com/i/status/2057885936914993426,1,batch_0006.json
2058294587399995411,2057889863634948379,https://x.com/i/status/2057889863634948379,1,batch_0006.json
2058294587399995411,2057891698152243661,https://x.com/i/status/2057891698152243661,1,batch_0006.json
2058294587399995411,2057893193463541885,https://x.com/i/status/2057893193463541885,1,batch_0006.json
2058294587399995411,2057896095943098703,https://x.com/i/status/2057896095943098703,1,batch_0006.json
2058294587399995411,2057905346824306998,https://x.com/i/status/2057905346824306998,1,batch_0006.json
2058294587399995411,2057934472478073038,https://x.com/i/status/2057934472478073038,1,batch_0006.json
2058294587399995411,2057947471855153461,https://x.com/i/status/2057947471855153461,1,batch_0006.json
2058294587399995411,2057951971043156236,https://x.com/i/status/2057951971043156236,1,batch_0006.json
2058294587399995411,2057953684374347912,https://x.com/i/status/2057953684374347912,1,batch_0006.json
2058294587399995411,2058115737063993732,https://x.com/i/status/2058115737063993732,1,batch_0006.json
2058294587399995411,2058199477203194313,https://x.com/i/status/2058199477203194313,1,batch_0006.json
2058294587399995411,2058202430496473191,https://x.com/i/status/2058202430496473191,1,batch_0006.json
2058294587399995411,2058202474368868440,https://x.com/i/status/2058202474368868440,1,batch_0006.json
2058294587399995411,2058205825747898629,https://x.com/i/status/2058205825747898629,1,batch_0006.json
2058294587399995411,2058206307715322289,https://x.com/i/status/2058206307715322289,1,batch_0006.json
2058294587399995411,2058206509155090883,https://x.com/i/status/2058206509155090883,1,batch_0006.json
2058294587399995411,2058219814611829013,https://x.com/i/status/2058219814611829013,1,batch_0006.json
2058294587399995411,2058231043488915916,https://x.com/i/status/2058231043488915916,1,batch_0006.json
2058294587399995411,2058232196171722827,https://x.com/i/status/2058232196171722827,1,batch_0006.json
2058294587399995411,2058237925138047241,https://x.com/i/status/2058237925138047241,1,batch_0006.json
2058294587399995411,2058239748037030313,https://x.com/i/status/2058239748037030313,1,batch_0006.json
2058294587399995411,2058242039657963706,https://x.com/i/status/2058242039657963706,1,batch_0006.json
2058294587399995411,2058242756577759376,https://x.com/i/status/2058242756577759376,1,batch_0006.json
2058294587399995411,2058245557643087944,https://x.com/i/status/2058245557643087944,1,batch_0006.json
2058294587399995411,2058247924359008550,https://x.com/i/status/2058247924359008550,1,batch_0006.json
2058294587399995411,2058248609829646361,https://x.com/i/status/2058248609829646361,1,batch_0006.json
2058294587399995411,2058270176219459904,https://x.com/i/status/2058270176219459904,1,batch_0006.json
2058294587399995411,2058324101454757957,https://x.com/i/status/2058324101454757957,1,batch_0006.json
2058294587399995411,2058331555253080546,https://x.com/i/status/2058331555253080546,1,batch_0006.json
2058294587399995411,2058369980387709392,https://x.com/i/status/2058369980387709392,1,batch_0006.json
2058294587399995411,2059353536249344366,https://x.com/i/status/2059353536249344366,1,batch_0006.json
2058294587399995411,2059355794685239373,https://x.com/i/status/2059355794685239373,1,batch_0006.json
2058294587399995411,2059359343636861009,https://x.com/i/status/2059359343636861009,1,batch_0006.json
2058294587399995411,2059366150597664818,https://x.com/i/status/2059366150597664818,1,batch_0006.json
2058294587399995411,2059369877006110954,https://x.com/i/status/2059369877006110954,1,batch_0006.json
2058294587399995411,2059386977330282608,https://x.com/i/status/2059386977330282608,1,batch_0006.json
2058852750645919921,2058421232933212351,https://x.com/i/status/2058421232933212351,1,batch_0006.json
2058852750645919921,2058474319626617103,https://x.com/i/status/2058474319626617103,1,batch_0006.json
2058852750645919921,2058474512396792100,https://x.com/i/status/2058474512396792100,1,batch_0006.json
2058852750645919921,2058492141211431248,https://x.com/i/status/2058492141211431248,1,batch_0006.json
2058852750645919921,2058492579394539733,https://x.com/i/status/2058492579394539733,1,batch_0006.json
2058852750645919921,2058497948699541686,https://x.com/i/status/2058497948699541686,1,batch_0006.json
2058852750645919921,2058500708857741489,https://x.com/i/status/2058500708857741489,1,batch_0006.json
2058852750645919921,2058502132383310085,https://x.com/i/status/2058502132383310085,1,batch_0006.json
2058852750645919921,2058507403105128771,https://x.com/i/status/2058507403105128771,1,batch_0006.json
2058852750645919921,2058507938260459618,https://x.com/i/status/2058507938260459618,1,batch_0006.json
2058852750645919921,2058508284383162396,https://x.com/i/status/2058508284383162396,1,batch_0006.json
2058852750645919921,2058508444852720021,https://x.com/i/status/2058508444852720021,1,batch_0006.json
2058852750645919921,2058509615940223389,https://x.com/i/status/2058509615940223389,1,batch_0006.json
2058852750645919921,2058509727315689622,https://x.com/i/status/2058509727315689622,1,batch_0006.json
2058852750645919921,2058511209696284785,https://x.com/i/status/2058511209696284785,1,batch_0006.json
2058852750645919921,2058512127401267609,https://x.com/i/status/2058512127401267609,1,batch_0006.json
2058852750645919921,2058512997669048335,https://x.com/i/status/2058512997669048335,1,batch_0006.json
2058852750645919921,2058513598654353627,https://x.com/i/status/2058513598654353627,1,batch_0006.json
2058852750645919921,2058514009494610094,https://x.com/i/status/2058514009494610094,1,batch_0006.json
2058852750645919921,2058514524140179487,https://x.com/i/status/2058514524140179487,1,batch_0006.json
2058852750645919921,2058515593406648455,https://x.com/i/status/2058515593406648455,1,batch_0006.json
2058852750645919921,2058515884159676715,https://x.com/i/status/2058515884159676715,1,batch_0006.json
2058852750645919921,2058515998584574319,https://x.com/i/status/2058515998584574319,1,batch_0006.json
2058852750645919921,2058516136023773509,https://x.com/i/status/2058516136023773509,1,batch_0006.json
2058852750645919921,2058517041359749478,https://x.com/i/status/2058517041359749478,1,batch_0006.json
2058852750645919921,2058517223082222062,https://x.com/i/status/2058517223082222062,1,batch_0006.json
2058852750645919921,2058517779230187793,https://x.com/i/status/2058517779230187793,1,batch_0006.json
2058852750645919921,2058518319997534404,https://x.com/i/status/2058518319997534404,1,batch_0006.json
2058852750645919921,2058518658155213081,https://x.com/i/status/2058518658155213081,1,batch_0006.json
2058852750645919921,2058518908844298288,https://x.com/i/status/2058518908844298288,1,batch_0006.json
2058852750645919921,2058519392653131813,https://x.com/i/status/2058519392653131813,1,batch_0006.json
2058852750645919921,2058520524746080417,https://x.com/i/status/2058520524746080417,1,batch_0006.json
2058852750645919921,2058520795949793393,https://x.com/i/status/2058520795949793393,1,batch_0006.json
2058852750645919921,2058521410553668029,https://x.com/i/status/2058521410553668029,1,batch_0006.json
2058852750645919921,2058521428006514709,https://x.com/i/status/2058521428006514709,1,batch_0006.json
2058852750645919921,2058522192833339852,https://x.com/i/status/2058522192833339852,1,batch_0006.json
2058852750645919921,2058523053357715900,https://x.com/i/status/2058523053357715900,1,batch_0006.json
2058852750645919921,2058524219408109612,https://x.com/i/status/2058524219408109612,1,batch_0006.json
2058852750645919921,2058524917943976065,https://x.com/i/status/2058524917943976065,1,batch_0006.json
2058852750645919921,2058527838714970414,https://x.com/i/status/2058527838714970414,1,batch_0006.json
2058852750645919921,2058528207352012869,https://x.com/i/status/2058528207352012869,1,batch_0006.json
2058852750645919921,2058528459593339171,https://x.com/i/status/2058528459593339171,1,batch_0006.json
2058852750645919921,2058530073582420219,https://x.com/i/status/2058530073582420219,1,batch_0006.json
2058852750645919921,2058530607890637062,https://x.com/i/status/2058530607890637062,1,batch_0006.json
2058852750645919921,2058530938766668173,https://x.com/i/status/2058530938766668173,1,batch_0006.json
2058852750645919921,2058531465671974960,https://x.com/i/status/2058531465671974960,1,batch_0006.json
2058852750645919921,2058532897934676293,https://x.com/i/status/2058532897934676293,1,batch_0006.json
2058852750645919921,2058533357651112188,https://x.com/i/status/2058533357651112188,1,batch_0006.json
2058852750645919921,2058533476706791691,https://x.com/i/status/2058533476706791691,1,batch_0006.json
2058852750645919921,2058534487143706769,https://x.com/i/status/2058534487143706769,1,batch_0006.json
2058852750645919921,2058535487397142683,https://x.com/i/status/2058535487397142683,1,batch_0006.json
2058852750645919921,2058536271559958744,https://x.com/i/status/2058536271559958744,1,batch_0006.json
2058852750645919921,2058536674993279486,https://x.com/i/status/2058536674993279486,1,batch_0006.json
2058852750645919921,2058537694515339353,https://x.com/i/status/2058537694515339353,1,batch_0006.json
2058852750645919921,2058538361040605446,https://x.com/i/status/2058538361040605446,1,batch_0006.json
2058852750645919921,2058538415474262314,https://x.com/i/status/2058538415474262314,1,batch_0006.json
2058852750645919921,2058540841535254634,https://x.com/i/status/2058540841535254634,1,batch_0006.json
2058852750645919921,2058540876301844807,https://x.com/i/status/2058540876301844807,1,batch_0006.json
2058852750645919921,2058541911720227224,https://x.com/i/status/2058541911720227224,1,batch_0006.json
2058852750645919921,2058542234866262516,https://x.com/i/status/2058542234866262516,1,batch_0006.json
2058852750645919921,2058545928185753758,https://x.com/i/status/2058545928185753758,1,batch_0006.json
2058852750645919921,2058546893974827501,https://x.com/i/status/2058546893974827501,1,batch_0006.json
2058852750645919921,2058548258046181546,https://x.com/i/status/2058548258046181546,1,batch_0006.json
2058852750645919921,2058548307270517054,https://x.com/i/status/2058548307270517054,1,batch_0006.json
2058852750645919921,2058549149726019699,https://x.com/i/status/2058549149726019699,1,batch_0006.json
2058852750645919921,2058549361622303098,https://x.com/i/status/2058549361622303098,1,batch_0006.json
2058852750645919921,2058549575464767728,https://x.com/i/status/2058549575464767728,1,batch_0006.json
2058852750645919921,2058550390954561616,https://x.com/i/status/2058550390954561616,1,batch_0006.json
2058852750645919921,2058550912163991877,https://x.com/i/status/2058550912163991877,1,batch_0006.json
2058852750645919921,2058552832064647531,https://x.com/i/status/2058552832064647531,1,batch_0006.json
2058852750645919921,2058553050089030039,https://x.com/i/status/2058553050089030039,1,batch_0006.json
2058852750645919921,2058554511644356639,https://x.com/i/status/2058554511644356639,1,batch_0006.json
2058852750645919921,2058555722242179437,https://x.com/i/status/2058555722242179437,1,batch_0006.json
2058852750645919921,2058556652421321195,https://x.com/i/status/2058556652421321195,1,batch_0006.json
2058852750645919921,2058558197477134337,https://x.com/i/status/2058558197477134337,1,batch_0006.json
2058852750645919921,2058559348641562971,https://x.com/i/status/2058559348641562971,1,batch_0006.json
2058852750645919921,2058559902973620667,https://x.com/i/status/2058559902973620667,1,batch_0006.json
2058852750645919921,2058560275901538675,https://x.com/i/status/2058560275901538675,1,batch_0006.json
2058852750645919921,2058560541950402951,https://x.com/i/status/2058560541950402951,1,batch_0006.json
2058852750645919921,2058561394904309969,https://x.com/i/status/2058561394904309969,1,batch_0006.json
2058852750645919921,2058561918940352614,https://x.com/i/status/2058561918940352614,1,batch_0006.json
2058852750645919921,2058561935272996878,https://x.com/i/status/2058561935272996878,1,batch_0006.json
2058852750645919921,2058562465349222848,https://x.com/i/status/2058562465349222848,1,batch_0006.json
2058852750645919921,2058563023137067288,https://x.com/i/status/2058563023137067288,1,batch_0006.json
2058852750645919921,2058563127843901674,https://x.com/i/status/2058563127843901674,1,batch_0006.json
2058852750645919921,2058563386300891513,https://x.com/i/status/2058563386300891513,1,batch_0006.json
2058852750645919921,2058563398342955060,https://x.com/i/status/2058563398342955060,1,batch_0006.json
2058852750645919921,2058564354706907496,https://x.com/i/status/2058564354706907496,1,batch_0006.json
2058852750645919921,2058565191898485234,https://x.com/i/status/2058565191898485234,1,batch_0006.json
2058852750645919921,2058566458649506007,https://x.com/i/status/2058566458649506007,1,batch_0006.json
2058852750645919921,2058567433565179933,https://x.com/i/status/2058567433565179933,1,batch_0006.json
2058852750645919921,2058568329170694627,https://x.com/i/status/2058568329170694627,1,batch_0006.json
2058852750645919921,2058568502588346369,https://x.com/i/status/2058568502588346369,1,batch_0006.json
2058852750645919921,2058568994907439168,https://x.com/i/status/2058568994907439168,1,batch_0006.json
2058852750645919921,2058569137647980573,https://x.com/i/status/2058569137647980573,1,batch_0006.json
2058852750645919921,2058572335288840655,https://x.com/i/status/2058572335288840655,1,batch_0006.json
2058852750645919921,2058574343643226229,https://x.com/i/status/2058574343643226229,1,batch_0006.json
2058852750645919921,2058579832934482331,https://x.com/i/status/2058579832934482331,1,batch_0006.json
2058852750645919921,2058580012064735521,https://x.com/i/status/2058580012064735521,1,batch_0006.json
2058852750645919921,2058581465345188058,https://x.com/i/status/2058581465345188058,1,batch_0006.json
2058852750645919921,2058582228183969886,https://x.com/i/status/2058582228183969886,1,batch_0006.json
2058852750645919921,2058582306516820467,https://x.com/i/status/2058582306516820467,1,batch_0006.json
2058852750645919921,2058583319571214656,https://x.com/i/status/2058583319571214656,1,batch_0006.json
2058852750645919921,2058584493015855350,https://x.com/i/status/2058584493015855350,1,batch_0006.json
2058852750645919921,2058589682133315703,https://x.com/i/status/2058589682133315703,1,batch_0006.json
2058852750645919921,2058589757383270773,https://x.com/i/status/2058589757383270773,1,batch_0006.json
2058852750645919921,2058590624694087790,https://x.com/i/status/2058590624694087790,1,batch_0006.json
2058852750645919921,2058591263276847269,https://x.com/i/status/2058591263276847269,1,batch_0006.json
2058852750645919921,2058593580373991742,https://x.com/i/status/2058593580373991742,1,batch_0006.json
2058852750645919921,2058596766136533483,https://x.com/i/status/2058596766136533483,1,batch_0006.json
2058852750645919921,2058597195268362652,https://x.com/i/status/2058597195268362652,1,batch_0006.json
2058852750645919921,2058597237714829492,https://x.com/i/status/2058597237714829492,1,batch_0006.json
2058852750645919921,2058598765561262261,https://x.com/i/status/2058598765561262261,1,batch_0006.json
2058852750645919921,2058599985034199231,https://x.com/i/status/2058599985034199231,1,batch_0006.json
2058852750645919921,2058600597482307639,https://x.com/i/status/2058600597482307639,1,batch_0006.json
2058852750645919921,2058604068767936968,https://x.com/i/status/2058604068767936968,1,batch_0006.json
2058852750645919921,2058605720233292072,https://x.com/i/status/2058605720233292072,1,batch_0006.json
2058852750645919921,2058611648949084559,https://x.com/i/status/2058611648949084559,1,batch_0006.json
2058852750645919921,2058612187946451162,https://x.com/i/status/2058612187946451162,1,batch_0006.json
2058852750645919921,2058612452493820285,https://x.com/i/status/2058612452493820285,1,batch_0006.json
2058852750645919921,2058612925347098626,https://x.com/i/status/2058612925347098626,1,batch_0006.json
2058852750645919921,2058618654330101956,https://x.com/i/status/2058618654330101956,1,batch_0006.json
2058852750645919921,2058620318252409224,https://x.com/i/status/2058620318252409224,1,batch_0006.json
2058852750645919921,2058620372564500714,https://x.com/i/status/2058620372564500714,1,batch_0006.json
2058852750645919921,2058621657401471010,https://x.com/i/status/2058621657401471010,1,batch_0006.json
2058852750645919921,2058622342457446510,https://x.com/i/status/2058622342457446510,1,batch_0006.json
2058852750645919921,2058623676635840726,https://x.com/i/status/2058623676635840726,1,batch_0006.json
2058852750645919921,2058631504582811829,https://x.com/i/status/2058631504582811829,1,batch_0006.json
2058852750645919921,2058633145646276800,https://x.com/i/status/2058633145646276800,1,batch_0006.json
2058852750645919921,2058634976698970485,https://x.com/i/status/2058634976698970485,1,batch_0006.json
2058852750645919921,2058636457598681526,https://x.com/i/status/2058636457598681526,1,batch_0006.json
2058852750645919921,2058643564125716926,https://x.com/i/status/2058643564125716926,1,batch_0006.json
2058852750645919921,2058645549910196577,https://x.com/i/status/2058645549910196577,1,batch_0006.json
2058852750645919921,2058646535294927060,https://x.com/i/status/2058646535294927060,1,batch_0006.json
2058852750645919921,2058657452082544867,https://x.com/i/status/2058657452082544867,1,batch_0006.json
2058852750645919921,2058660228783047026,https://x.com/i/status/2058660228783047026,1,batch_0006.json
2058852750645919921,2058661717605802125,https://x.com/i/status/2058661717605802125,1,batch_0006.json
2058852750645919921,2058662314618818894,https://x.com/i/status/2058662314618818894,1,batch_0006.json
2058852750645919921,2058666665194189242,https://x.com/i/status/2058666665194189242,1,batch_0006.json
2058852750645919921,2058673933528769009,https://x.com/i/status/2058673933528769009,1,batch_0006.json
2058852750645919921,2058680532763074751,https://x.com/i/status/2058680532763074751,1,batch_0006.json
2058852750645919921,2058683840139608405,https://x.com/i/status/2058683840139608405,1,batch_0006.json
2058852750645919921,2058686641837859181,https://x.com/i/status/2058686641837859181,1,batch_0006.json
2058852750645919921,2058695584274379248,https://x.com/i/status/2058695584274379248,1,batch_0006.json
2058852750645919921,2058707917625344019,https://x.com/i/status/2058707917625344019,1,batch_0006.json
2058852750645919921,2058708276296978767,https://x.com/i/status/2058708276296978767,1,batch_0006.json
2058852750645919921,2058709739060576685,https://x.com/i/status/2058709739060576685,1,batch_0006.json
2058852750645919921,2058709750351638649,https://x.com/i/status/2058709750351638649,1,batch_0006.json
2058852750645919921,2058715549107102100,https://x.com/i/status/2058715549107102100,1,batch_0006.json
2058852750645919921,2058716663093027017,https://x.com/i/status/2058716663093027017,1,batch_0006.json
2058852750645919921,2058717959674282373,https://x.com/i/status/2058717959674282373,1,batch_0006.json
2058852750645919921,2058721028537270316,https://x.com/i/status/2058721028537270316,1,batch_0006.json
2058852750645919921,2058724350770204842,https://x.com/i/status/2058724350770204842,1,batch_0006.json
2058852750645919921,2058727210048160225,https://x.com/i/status/2058727210048160225,1,batch_0006.json
2058852750645919921,2058738061194698854,https://x.com/i/status/2058738061194698854,1,batch_0006.json
2058852750645919921,2058743030283186186,https://x.com/i/status/2058743030283186186,1,batch_0006.json
2058852750645919921,2058754941053784442,https://x.com/i/status/2058754941053784442,1,batch_0006.json
2058852750645919921,2058772001402277962,https://x.com/i/status/2058772001402277962,1,batch_0006.json
2058852750645919921,2058773313141530829,https://x.com/i/status/2058773313141530829,1,batch_0006.json
2058852750645919921,2058773766344528086,https://x.com/i/status/2058773766344528086,1,batch_0006.json
2058852750645919921,2058776281643192429,https://x.com/i/status/2058776281643192429,1,batch_0006.json
2058852750645919921,2058778539923771415,https://x.com/i/status/2058778539923771415,1,batch_0006.json
2058852750645919921,2058783620844704231,https://x.com/i/status/2058783620844704231,1,batch_0006.json
2058852750645919921,2058790781960262113,https://x.com/i/status/2058790781960262113,1,batch_0006.json
2058852750645919921,2058794252524523670,https://x.com/i/status/2058794252524523670,1,batch_0006.json
2058852750645919921,2058807737748738156,https://x.com/i/status/2058807737748738156,1,batch_0006.json
2058852750645919921,2058809846896402804,https://x.com/i/status/2058809846896402804,1,batch_0006.json
2058852750645919921,2058810922886480337,https://x.com/i/status/2058810922886480337,1,batch_0006.json
2058852750645919921,2058813313765548386,https://x.com/i/status/2058813313765548386,1,batch_0006.json
2058852750645919921,2058814012280713303,https://x.com/i/status/2058814012280713303,1,batch_0006.json
2058852750645919921,2058814164538147016,https://x.com/i/status/2058814164538147016,1,batch_0006.json
2058852750645919921,2058814180967190889,https://x.com/i/status/2058814180967190889,1,batch_0006.json
2058852750645919921,2058823136494100818,https://x.com/i/status/2058823136494100818,1,batch_0006.json
2058852750645919921,2058862168297066719,https://x.com/i/status/2058862168297066719,1,batch_0006.json
2058852750645919921,2058889464421011665,https://x.com/i/status/2058889464421011665,1,batch_0006.json
2058852750645919921,2058897284545290715,https://x.com/i/status/2058897284545290715,1,batch_0006.json
2058852750645919921,2058900659332608278,https://x.com/i/status/2058900659332608278,1,batch_0006.json
2058852750645919921,2058913526391898593,https://x.com/i/status/2058913526391898593,1,batch_0006.json
2058852750645919921,2058924263306903570,https://x.com/i/status/2058924263306903570,1,batch_0006.json
2058852750645919921,2058972904281219465,https://x.com/i/status/2058972904281219465,1,batch_0006.json
2058852750645919921,2058978105729933680,https://x.com/i/status/2058978105729933680,1,batch_0006.json
2058852750645919921,2058985426132619413,https://x.com/i/status/2058985426132619413,1,batch_0006.json
2058852750645919921,2058985832003084293,https://x.com/i/status/2058985832003084293,1,batch_0006.json
2058852750645919921,2058994007540179342,https://x.com/i/status/2058994007540179342,1,batch_0006.json
2058852750645919921,2059009089712107747,https://x.com/i/status/2059009089712107747,1,batch_0006.json
2058852750645919921,2059017048483582028,https://x.com/i/status/2059017048483582028,1,batch_0006.json
2058852750645919921,2059022276385718603,https://x.com/i/status/2059022276385718603,1,batch_0006.json
2058852750645919921,2059031619491520979,https://x.com/i/status/2059031619491520979,1,batch_0006.json
2058852750645919921,2059179180739154081,https://x.com/i/status/2059179180739154081,1,batch_0006.json
2058852750645919921,2059186346812420319,https://x.com/i/status/2059186346812420319,1,batch_0006.json
2058852750645919921,2059293513125069184,https://x.com/i/status/2059293513125069184,1,batch_0006.json
2058852750645919921,2059336949035409678,https://x.com/i/status/2059336949035409678,1,batch_0006.json
2058852750645919921,2059371159565865406,https://x.com/i/status/2059371159565865406,1,batch_0006.json
2058852750645919921,2059537567612092441,https://x.com/i/status/2059537567612092441,1,batch_0006.json
2058852750645919921,2059610354351534269,https://x.com/i/status/2059610354351534269,1,batch_0006.json
2058852750645919921,2059722005708968423,https://x.com/i/status/2059722005708968423,1,batch_0006.json
2058852750645919921,2059808568874782742,https://x.com/i/status/2059808568874782742,1,batch_0006.json
2058852750645919921,2060613476515500183,https://x.com/i/status/2060613476515500183,1,batch_0006.json
2058852750645919921,2060617694232134006,https://x.com/i/status/2060617694232134006,1,batch_0006.json
2058852750645919921,2060631329675382798,https://x.com/i/status/2060631329675382798,1,batch_0006.json
2058852750645919921,2060634424249573662,https://x.com/i/status/2060634424249573662,1,batch_0006.json
2058852750645919921,2060641836222300258,https://x.com/i/status/2060641836222300258,1,batch_0006.json
2058852750645919921,2061551993504555051,https://x.com/i/status/2061551993504555051,1,batch_0006.json
2058852750645919921,2061719569811886131,https://x.com/i/status/2061719569811886131,1,batch_0006.json
2058852750645919921,2061720095878222279,https://x.com/i/status/2061720095878222279,1,batch_0006.json
2058852750645919921,2062131760377286729,https://x.com/i/status/2062131760377286729,1,batch_0006.json
2058852750645919921,2062143510606655519,https://x.com/i/status/2062143510606655519,1,batch_0006.json
2058852750645919921,2062426417925619966,https://x.com/i/status/2062426417925619966,1,batch_0006.json
2058852750645919921,2062598072073666681,https://x.com/i/status/2062598072073666681,1,batch_0006.json
2058852750645919921,2063073972497854886,https://x.com/i/status/2063073972497854886,1,batch_0006.json
2058852750645919921,2063277419046355028,https://x.com/i/status/2063277419046355028,1,batch_0006.json
2058852750645919921,2064048733864755237,https://x.com/i/status/2064048733864755237,1,batch_0006.json
2058852750645919921,2064663454179619273,https://x.com/i/status/2064663454179619273,1,batch_0006.json
2058852750645919921,2064672664506020274,https://x.com/i/status/2064672664506020274,1,batch_0006.json
2058852750645919921,2065162324072161450,https://x.com/i/status/2065162324072161450,1,batch_0006.json
2058852750645919921,2067988997284958226,https://x.com/i/status/2067988997284958226,1,batch_0006.json
2058852750645919921,2068012357708636663,https://x.com/i/status/2068012357708636663,1,batch_0006.json
2058852750645919921,2068050192822145154,https://x.com/i/status/2068050192822145154,1,batch_0006.json
2058852750645919921,2068241223161094531,https://x.com/i/status/2068241223161094531,1,batch_0006.json
2058852750645919921,2068292644548005939,https://x.com/i/status/2068292644548005939,1,batch_0006.json
2058852750645919921,2068324941536145468,https://x.com/i/status/2068324941536145468,1,batch_0006.json
2058852750645919921,2069035171198775434,https://x.com/i/status/2069035171198775434,1,batch_0006.json
2058852750645919921,2069305176184496262,https://x.com/i/status/2069305176184496262,1,batch_0006.json
2058852750645919921,2071152442285175166,https://x.com/i/status/2071152442285175166,1,batch_0006.json
2058852750645919921,2071155996408299979,https://x.com/i/status/2071155996408299979,1,batch_0006.json
2058852750645919921,2079609148313161870,https://x.com/i/status/2079609148313161870,1,batch_0006.json
2058852750645919921,2090722069419880580,https://x.com/i/status/2090722069419880580,1,batch_0006.json
2058932124049093039,2058895116488605966,https://x.com/i/status/2058895116488605966,1,batch_0006.json
2059151093318226167,2058570277663945021,https://x.com/i/status/2058570277663945021,1,batch_0006.json
2059151093318226167,2058604686794727880,https://x.com/i/status/2058604686794727880,1,batch_0006.json
2059151093318226167,2058607221462761726,https://x.com/i/status/2058607221462761726,1,batch_0006.json
2059151093318226167,2058607941796716551,https://x.com/i/status/2058607941796716551,1,batch_0006.json
2059151093318226167,2058610173166473271,https://x.com/i/status/2058610173166473271,1,batch_0006.json
2059151093318226167,2058616014204477496,https://x.com/i/status/2058616014204477496,1,batch_0006.json
2059151093318226167,2058619114231398866,https://x.com/i/status/2058619114231398866,1,batch_0006.json
2059151093318226167,2058619194032185407,https://x.com/i/status/2058619194032185407,1,batch_0006.json
2059151093318226167,2058631332855423188,https://x.com/i/status/2058631332855423188,1,batch_0006.json
2059151093318226167,2058643342854963247,https://x.com/i/status/2058643342854963247,1,batch_0006.json
2059151093318226167,2058648364867101160,https://x.com/i/status/2058648364867101160,1,batch_0006.json
2059151093318226167,2058648434836443587,https://x.com/i/status/2058648434836443587,1,batch_0006.json
2059151093318226167,2058671209168953653,https://x.com/i/status/2058671209168953653,1,batch_0006.json
2059151093318226167,2058909369404649737,https://x.com/i/status/2058909369404649737,1,batch_0006.json
2059151093318226167,2058927964801118312,https://x.com/i/status/2058927964801118312,1,batch_0006.json
2059151093318226167,2058928534131810747,https://x.com/i/status/2058928534131810747,1,batch_0006.json
2059151093318226167,2058932936359989561,https://x.com/i/status/2058932936359989561,1,batch_0006.json
2059151093318226167,2058946541029642645,https://x.com/i/status/2058946541029642645,1,batch_0006.json
2059151093318226167,2058963898716278875,https://x.com/i/status/2058963898716278875,1,batch_0006.json
2059151093318226167,2058973170489545196,https://x.com/i/status/2058973170489545196,1,batch_0006.json
2059151093318226167,2058976539966939276,https://x.com/i/status/2058976539966939276,1,batch_0006.json
2059151093318226167,2058982592183939400,https://x.com/i/status/2058982592183939400,1,batch_0006.json
2059151093318226167,2059004489562992951,https://x.com/i/status/2059004489562992951,1,batch_0006.json
2059151093318226167,2059039162615894398,https://x.com/i/status/2059039162615894398,1,batch_0006.json
2059151093318226167,2059077122950320209,https://x.com/i/status/2059077122950320209,1,batch_0006.json
2059151093318226167,2059082013072556531,https://x.com/i/status/2059082013072556531,1,batch_0006.json
2059151093318226167,2059085223569096869,https://x.com/i/status/2059085223569096869,1,batch_0006.json
2059151093318226167,2059198680050069516,https://x.com/i/status/2059198680050069516,1,batch_0006.json
2059212707761467690,2058891152749691237,https://x.com/i/status/2058891152749691237,1,batch_0006.json
2059212707761467690,2058960577746358634,https://x.com/i/status/2058960577746358634,1,batch_0006.json
2059212707761467690,2058968497640935931,https://x.com/i/status/2058968497640935931,1,batch_0006.json
2059212707761467690,2058969737892429927,https://x.com/i/status/2058969737892429927,1,batch_0006.json
2059212707761467690,2058971360089821552,https://x.com/i/status/2058971360089821552,1,batch_0006.json
2059212707761467690,2058979933095956515,https://x.com/i/status/2058979933095956515,1,batch_0006.json
2059212707761467690,2058990869337006377,https://x.com/i/status/2058990869337006377,1,batch_0006.json
2059212707761467690,2058992630420341024,https://x.com/i/status/2058992630420341024,1,batch_0006.json
2059212707761467690,2058994354963001549,https://x.com/i/status/2058994354963001549,1,batch_0006.json
2059212707761467690,2059007970537550283,https://x.com/i/status/2059007970537550283,1,batch_0006.json
2059212707761467690,2059040418290094080,https://x.com/i/status/2059040418290094080,1,batch_0006.json
2059372128122835415,2059250975014044007,https://x.com/i/status/2059250975014044007,1,batch_0006.json
2059372128122835415,2059255598084988970,https://x.com/i/status/2059255598084988970,1,batch_0006.json
2059372128122835415,2059268403789963435,https://x.com/i/status/2059268403789963435,1,batch_0006.json
2059372128122835415,2059268603883512267,https://x.com/i/status/2059268603883512267,1,batch_0006.json
2059372128122835415,2059274587414659247,https://x.com/i/status/2059274587414659247,1,batch_0006.json
2059372128122835415,2059275793176346942,https://x.com/i/status/2059275793176346942,1,batch_0006.json
2059372128122835415,2059278564445286554,https://x.com/i/status/2059278564445286554,1,batch_0006.json
2059372128122835415,2059278604429565976,https://x.com/i/status/2059278604429565976,1,batch_0006.json
2059372128122835415,2059284778449547410,https://x.com/i/status/2059284778449547410,1,batch_0006.json
2059372128122835415,2059289536908366016,https://x.com/i/status/2059289536908366016,1,batch_0006.json
2059372128122835415,2059290713700151369,https://x.com/i/status/2059290713700151369,1,batch_0006.json
2059372128122835415,2059292676529561661,https://x.com/i/status/2059292676529561661,1,batch_0006.json
2059372128122835415,2059292981635547501,https://x.com/i/status/2059292981635547501,1,batch_0006.json
2059372128122835415,2059293818617213352,https://x.com/i/status/2059293818617213352,1,batch_0006.json
2059372128122835415,2059294726159761634,https://x.com/i/status/2059294726159761634,1,batch_0006.json
2059372128122835415,2059295593629979045,https://x.com/i/status/2059295593629979045,1,batch_0006.json
2059372128122835415,2059296072963350709,https://x.com/i/status/2059296072963350709,1,batch_0006.json
2059372128122835415,2059297875197100479,https://x.com/i/status/2059297875197100479,1,batch_0006.json
2059372128122835415,2059299056032333876,https://x.com/i/status/2059299056032333876,1,batch_0006.json
2059372128122835415,2059303033821901219,https://x.com/i/status/2059303033821901219,1,batch_0006.json
2059372128122835415,2059303198494507479,https://x.com/i/status/2059303198494507479,1,batch_0006.json
2059372128122835415,2059305177962910110,https://x.com/i/status/2059305177962910110,1,batch_0006.json
2059372128122835415,2059305889685737684,https://x.com/i/status/2059305889685737684,1,batch_0006.json
2059372128122835415,2059307911709356538,https://x.com/i/status/2059307911709356538,1,batch_0006.json
2059372128122835415,2059308192266322092,https://x.com/i/status/2059308192266322092,1,batch_0006.json
2059372128122835415,2059309929383530514,https://x.com/i/status/2059309929383530514,1,batch_0006.json
2059372128122835415,2059312006721614085,https://x.com/i/status/2059312006721614085,1,batch_0006.json
2059372128122835415,2059314037951775206,https://x.com/i/status/2059314037951775206,1,batch_0006.json
2059372128122835415,2059314571345641878,https://x.com/i/status/2059314571345641878,1,batch_0006.json
2059372128122835415,2059315182023713140,https://x.com/i/status/2059315182023713140,1,batch_0006.json
2059372128122835415,2059315893776027726,https://x.com/i/status/2059315893776027726,1,batch_0006.json
2059372128122835415,2059321291010621862,https://x.com/i/status/2059321291010621862,1,batch_0006.json
2059372128122835415,2059321813373788653,https://x.com/i/status/2059321813373788653,1,batch_0006.json
2059372128122835415,2059325583553675639,https://x.com/i/status/2059325583553675639,1,batch_0006.json
2059372128122835415,2059328085028131088,https://x.com/i/status/2059328085028131088,1,batch_0006.json
2059372128122835415,2059335366759546986,https://x.com/i/status/2059335366759546986,1,batch_0006.json
2059372128122835415,2059335874395898309,https://x.com/i/status/2059335874395898309,1,batch_0006.json
2059372128122835415,2059338877370822957,https://x.com/i/status/2059338877370822957,1,batch_0006.json
2059372128122835415,2059344261393338464,https://x.com/i/status/2059344261393338464,1,batch_0006.json
2059372128122835415,2059371548511760760,https://x.com/i/status/2059371548511760760,1,batch_0006.json
2059372128122835415,2059380196495466791,https://x.com/i/status/2059380196495466791,1,batch_0006.json
2059372128122835415,2059383005819597294,https://x.com/i/status/2059383005819597294,1,batch_0006.json
2059372128122835415,2059398357827600659,https://x.com/i/status/2059398357827600659,1,batch_0006.json
2059372128122835415,2059424109512073507,https://x.com/i/status/2059424109512073507,1,batch_0006.json
2059372128122835415,2059500279469428745,https://x.com/i/status/2059500279469428745,1,batch_0006.json
2059372128122835415,2059536805519609869,https://x.com/i/status/2059536805519609869,1,batch_0006.json
2059372128122835415,2059570678727053443,https://x.com/i/status/2059570678727053443,1,batch_0006.json
2059372128122835415,2059588796471984248,https://x.com/i/status/2059588796471984248,1,batch_0006.json
2059372128122835415,2059640512848539970,https://x.com/i/status/2059640512848539970,1,batch_0006.json
2059372128122835415,2059697049575071882,https://x.com/i/status/2059697049575071882,1,batch_0006.json
2059537161033056696,2059265094618353908,https://x.com/i/status/2059265094618353908,1,batch_0007.json
2059537161033056696,2059286950838702387,https://x.com/i/status/2059286950838702387,1,batch_0007.json
2059537161033056696,2059289431580741649,https://x.com/i/status/2059289431580741649,1,batch_0007.json
2059537161033056696,2059291770890895539,https://x.com/i/status/2059291770890895539,1,batch_0007.json
2059537161033056696,2059291794823594229,https://x.com/i/status/2059291794823594229,1,batch_0007.json
2059537161033056696,2059292227411509596,https://x.com/i/status/2059292227411509596,1,batch_0007.json
2059537161033056696,2059292437554614449,https://x.com/i/status/2059292437554614449,1,batch_0007.json
2059537161033056696,2059292693805625375,https://x.com/i/status/2059292693805625375,1,batch_0007.json
2059537161033056696,2059292802396062092,https://x.com/i/status/2059292802396062092,1,batch_0007.json
2059537161033056696,2059292840769859808,https://x.com/i/status/2059292840769859808,1,batch_0007.json
2059537161033056696,2059293028599341106,https://x.com/i/status/2059293028599341106,1,batch_0007.json
2059537161033056696,2059293309756158377,https://x.com/i/status/2059293309756158377,1,batch_0007.json
2059537161033056696,2059293380883132690,https://x.com/i/status/2059293380883132690,1,batch_0007.json
2059537161033056696,2059293454488740146,https://x.com/i/status/2059293454488740146,1,batch_0007.json
2059537161033056696,2059293654670528726,https://x.com/i/status/2059293654670528726,1,batch_0007.json
2059537161033056696,2059293806436987212,https://x.com/i/status/2059293806436987212,1,batch_0007.json
2059537161033056696,2059294006538797455,https://x.com/i/status/2059294006538797455,1,batch_0007.json
2059537161033056696,2059294187187482729,https://x.com/i/status/2059294187187482729,1,batch_0007.json
2059537161033056696,2059294638150746424,https://x.com/i/status/2059294638150746424,1,batch_0007.json
2059537161033056696,2059294756438426015,https://x.com/i/status/2059294756438426015,1,batch_0007.json
2059537161033056696,2059294855239512292,https://x.com/i/status/2059294855239512292,1,batch_0007.json
2059537161033056696,2059294856627859776,https://x.com/i/status/2059294856627859776,1,batch_0007.json
2059537161033056696,2059295193375838372,https://x.com/i/status/2059295193375838372,1,batch_0007.json
2059537161033056696,2059295473542815918,https://x.com/i/status/2059295473542815918,1,batch_0007.json
2059537161033056696,2059295549338108416,https://x.com/i/status/2059295549338108416,1,batch_0007.json
2059537161033056696,2059296335766163469,https://x.com/i/status/2059296335766163469,1,batch_0007.json
2059537161033056696,2059296561809743872,https://x.com/i/status/2059296561809743872,1,batch_0007.json
2059537161033056696,2059296683217887442,https://x.com/i/status/2059296683217887442,1,batch_0007.json
2059537161033056696,2059297117055730113,https://x.com/i/status/2059297117055730113,1,batch_0007.json
2059537161033056696,2059297134810128722,https://x.com/i/status/2059297134810128722,1,batch_0007.json
2059537161033056696,2059298126234603857,https://x.com/i/status/2059298126234603857,1,batch_0007.json
2059537161033056696,2059298491470340320,https://x.com/i/status/2059298491470340320,1,batch_0007.json
2059537161033056696,2059298808740126959,https://x.com/i/status/2059298808740126959,1,batch_0007.json
2059537161033056696,2059298991087493385,https://x.com/i/status/2059298991087493385,1,batch_0007.json
2059537161033056696,2059299330729681341,https://x.com/i/status/2059299330729681341,1,batch_0007.json
2059537161033056696,2059299452121121118,https://x.com/i/status/2059299452121121118,1,batch_0007.json
2059537161033056696,2059299461931663720,https://x.com/i/status/2059299461931663720,1,batch_0007.json
2059537161033056696,2059299484530594064,https://x.com/i/status/2059299484530594064,1,batch_0007.json
2059537161033056696,2059299550762787008,https://x.com/i/status/2059299550762787008,1,batch_0007.json
2059537161033056696,2059299618295296366,https://x.com/i/status/2059299618295296366,1,batch_0007.json
2059537161033056696,2059300266088771992,https://x.com/i/status/2059300266088771992,1,batch_0007.json
2059537161033056696,2059300335072551035,https://x.com/i/status/2059300335072551035,1,batch_0007.json
2059537161033056696,2059300393163645372,https://x.com/i/status/2059300393163645372,1,batch_0007.json
2059537161033056696,2059300393629163944,https://x.com/i/status/2059300393629163944,1,batch_0007.json
2059537161033056696,2059300483500802529,https://x.com/i/status/2059300483500802529,1,batch_0007.json
2059537161033056696,2059300536717832266,https://x.com/i/status/2059300536717832266,1,batch_0007.json
2059537161033056696,2059300961571512375,https://x.com/i/status/2059300961571512375,1,batch_0007.json
2059537161033056696,2059301072712396946,https://x.com/i/status/2059301072712396946,1,batch_0007.json
2059537161033056696,2059301459607658877,https://x.com/i/status/2059301459607658877,1,batch_0007.json
2059537161033056696,2059301661001015465,https://x.com/i/status/2059301661001015465,1,batch_0007.json
2059537161033056696,2059301676444422334,https://x.com/i/status/2059301676444422334,1,batch_0007.json
2059537161033056696,2059302421428367439,https://x.com/i/status/2059302421428367439,1,batch_0007.json
2059537161033056696,2059302692015481228,https://x.com/i/status/2059302692015481228,1,batch_0007.json
2059537161033056696,2059302757408931891,https://x.com/i/status/2059302757408931891,1,batch_0007.json
2059537161033056696,2059302876464267269,https://x.com/i/status/2059302876464267269,1,batch_0007.json
2059537161033056696,2059302930868494622,https://x.com/i/status/2059302930868494622,1,batch_0007.json
2059537161033056696,2059303276865032298,https://x.com/i/status/2059303276865032298,1,batch_0007.json
2059537161033056696,2059303888142872971,https://x.com/i/status/2059303888142872971,1,batch_0007.json
2059537161033056696,2059304129713823876,https://x.com/i/status/2059304129713823876,1,batch_0007.json
2059537161033056696,2059304155848581271,https://x.com/i/status/2059304155848581271,1,batch_0007.json
2059537161033056696,2059304372656296017,https://x.com/i/status/2059304372656296017,1,batch_0007.json
2059537161033056696,2059304900236812632,https://x.com/i/status/2059304900236812632,1,batch_0007.json
2059537161033056696,2059305486172692910,https://x.com/i/status/2059305486172692910,1,batch_0007.json
2059537161033056696,2059306124893888744,https://x.com/i/status/2059306124893888744,1,batch_0007.json
2059537161033056696,2059306189834612975,https://x.com/i/status/2059306189834612975,1,batch_0007.json
2059537161033056696,2059306798180372750,https://x.com/i/status/2059306798180372750,1,batch_0007.json
2059537161033056696,2059307153958089064,https://x.com/i/status/2059307153958089064,1,batch_0007.json
2059537161033056696,2059307761259745395,https://x.com/i/status/2059307761259745395,1,batch_0007.json
2059537161033056696,2059307790410150384,https://x.com/i/status/2059307790410150384,1,batch_0007.json
2059537161033056696,2059307865328722121,https://x.com/i/status/2059307865328722121,1,batch_0007.json
2059537161033056696,2059307985994694768,https://x.com/i/status/2059307985994694768,1,batch_0007.json
2059537161033056696,2059308127661515036,https://x.com/i/status/2059308127661515036,1,batch_0007.json
2059537161033056696,2059308147521531905,https://x.com/i/status/2059308147521531905,1,batch_0007.json
2059537161033056696,2059308410005315648,https://x.com/i/status/2059308410005315648,1,batch_0007.json
2059537161033056696,2059308432348336458,https://x.com/i/status/2059308432348336458,1,batch_0007.json
2059537161033056696,2059308743217549819,https://x.com/i/status/2059308743217549819,1,batch_0007.json
2059537161033056696,2059308906720170161,https://x.com/i/status/2059308906720170161,1,batch_0007.json
2059537161033056696,2059309168318713973,https://x.com/i/status/2059309168318713973,1,batch_0007.json
2059537161033056696,2059309234878079103,https://x.com/i/status/2059309234878079103,1,batch_0007.json
2059537161033056696,2059309735514419643,https://x.com/i/status/2059309735514419643,1,batch_0007.json
2059537161033056696,2059309754858574202,https://x.com/i/status/2059309754858574202,1,batch_0007.json
2059537161033056696,2059310029052727674,https://x.com/i/status/2059310029052727674,1,batch_0007.json
2059537161033056696,2059310090994192451,https://x.com/i/status/2059310090994192451,1,batch_0007.json
2059537161033056696,2059310867502485519,https://x.com/i/status/2059310867502485519,1,batch_0007.json
2059537161033056696,2059311540847644968,https://x.com/i/status/2059311540847644968,1,batch_0007.json
2059537161033056696,2059311549022458232,https://x.com/i/status/2059311549022458232,1,batch_0007.json
2059537161033056696,2059311561299370329,https://x.com/i/status/2059311561299370329,1,batch_0007.json
2059537161033056696,2059312708135092650,https://x.com/i/status/2059312708135092650,1,batch_0007.json
2059537161033056696,2059312739311333805,https://x.com/i/status/2059312739311333805,1,batch_0007.json
2059537161033056696,2059312908224573732,https://x.com/i/status/2059312908224573732,1,batch_0007.json
2059537161033056696,2059313263230189590,https://x.com/i/status/2059313263230189590,1,batch_0007.json
2059537161033056696,2059313299750113550,https://x.com/i/status/2059313299750113550,1,batch_0007.json
2059537161033056696,2059313695143113047,https://x.com/i/status/2059313695143113047,1,batch_0007.json
2059537161033056696,2059313760074944993,https://x.com/i/status/2059313760074944993,1,batch_0007.json
2059537161033056696,2059313806958829587,https://x.com/i/status/2059313806958829587,1,batch_0007.json
2059537161033056696,2059314045149417835,https://x.com/i/status/2059314045149417835,1,batch_0007.json
2059537161033056696,2059314152854688044,https://x.com/i/status/2059314152854688044,1,batch_0007.json
2059537161033056696,2059314513430663654,https://x.com/i/status/2059314513430663654,1,batch_0007.json
2059537161033056696,2059314795333972094,https://x.com/i/status/2059314795333972094,1,batch_0007.json
2059537161033056696,2059315113501307247,https://x.com/i/status/2059315113501307247,1,batch_0007.json
2059537161033056696,2059315200306635087,https://x.com/i/status/2059315200306635087,1,batch_0007.json
2059537161033056696,2059315404464623689,https://x.com/i/status/2059315404464623689,1,batch_0007.json
2059537161033056696,2059315560345743451,https://x.com/i/status/2059315560345743451,1,batch_0007.json
2059537161033056696,2059316364850913458,https://x.com/i/status/2059316364850913458,1,batch_0007.json
2059537161033056696,2059316502583488761,https://x.com/i/status/2059316502583488761,1,batch_0007.json
2059537161033056696,2059316739054485625,https://x.com/i/status/2059316739054485625,1,batch_0007.json
2059537161033056696,2059316993811951857,https://x.com/i/status/2059316993811951857,1,batch_0007.json
2059537161033056696,2059316999226794207,https://x.com/i/status/2059316999226794207,1,batch_0007.json
2059537161033056696,2059317193028903056,https://x.com/i/status/2059317193028903056,1,batch_0007.json
2059537161033056696,2059317422327554491,https://x.com/i/status/2059317422327554491,1,batch_0007.json
2059537161033056696,2059317574027079864,https://x.com/i/status/2059317574027079864,1,batch_0007.json
2059537161033056696,2059317729446728121,https://x.com/i/status/2059317729446728121,1,batch_0007.json
2059537161033056696,2059317858988163102,https://x.com/i/status/2059317858988163102,1,batch_0007.json
2059537161033056696,2059317964734623747,https://x.com/i/status/2059317964734623747,1,batch_0007.json
2059537161033056696,2059318105688408082,https://x.com/i/status/2059318105688408082,1,batch_0007.json
2059537161033056696,2059318139024781333,https://x.com/i/status/2059318139024781333,1,batch_0007.json
2059537161033056696,2059318571952734638,https://x.com/i/status/2059318571952734638,1,batch_0007.json
2059537161033056696,2059319275421044826,https://x.com/i/status/2059319275421044826,1,batch_0007.json
2059537161033056696,2059319768805687782,https://x.com/i/status/2059319768805687782,1,batch_0007.json
2059537161033056696,2059320304808120390,https://x.com/i/status/2059320304808120390,1,batch_0007.json
2059537161033056696,2059320473888965046,https://x.com/i/status/2059320473888965046,1,batch_0007.json
2059537161033056696,2059320813791117499,https://x.com/i/status/2059320813791117499,1,batch_0007.json
2059537161033056696,2059321097061802492,https://x.com/i/status/2059321097061802492,1,batch_0007.json
2059537161033056696,2059321142653907125,https://x.com/i/status/2059321142653907125,1,batch_0007.json
2059537161033056696,2059321535718891809,https://x.com/i/status/2059321535718891809,1,batch_0007.json
2059537161033056696,2059321554480070820,https://x.com/i/status/2059321554480070820,1,batch_0007.json
2059537161033056696,2059321800308199575,https://x.com/i/status/2059321800308199575,1,batch_0007.json
2059537161033056696,2059322075584606579,https://x.com/i/status/2059322075584606579,1,batch_0007.json
2059537161033056696,2059322256703070624,https://x.com/i/status/2059322256703070624,1,batch_0007.json
2059537161033056696,2059322317969207402,https://x.com/i/status/2059322317969207402,1,batch_0007.json
2059537161033056696,2059322618168103012,https://x.com/i/status/2059322618168103012,1,batch_0007.json
2059537161033056696,2059323686382125181,https://x.com/i/status/2059323686382125181,1,batch_0007.json
2059537161033056696,2059324077848797607,https://x.com/i/status/2059324077848797607,1,batch_0007.json
2059537161033056696,2059324165732139509,https://x.com/i/status/2059324165732139509,1,batch_0007.json
2059537161033056696,2059324178877100034,https://x.com/i/status/2059324178877100034,1,batch_0007.json
2059537161033056696,2059324457324253383,https://x.com/i/status/2059324457324253383,1,batch_0007.json
2059537161033056696,2059325327839543613,https://x.com/i/status/2059325327839543613,1,batch_0007.json
2059537161033056696,2059325334168703071,https://x.com/i/status/2059325334168703071,1,batch_0007.json
2059537161033056696,2059325432563188182,https://x.com/i/status/2059325432563188182,1,batch_0007.json
2059537161033056696,2059325465194623065,https://x.com/i/status/2059325465194623065,1,batch_0007.json
2059537161033056696,2059325535499559207,https://x.com/i/status/2059325535499559207,1,batch_0007.json
2059537161033056696,2059325769227051327,https://x.com/i/status/2059325769227051327,1,batch_0007.json
2059537161033056696,2059326564118970866,https://x.com/i/status/2059326564118970866,1,batch_0007.json
2059537161033056696,2059326897851425120,https://x.com/i/status/2059326897851425120,1,batch_0007.json
2059537161033056696,2059326973969604749,https://x.com/i/status/2059326973969604749,1,batch_0007.json
2059537161033056696,2059327881948332121,https://x.com/i/status/2059327881948332121,1,batch_0007.json
2059537161033056696,2059328204553265644,https://x.com/i/status/2059328204553265644,1,batch_0007.json
2059537161033056696,2059328255199526947,https://x.com/i/status/2059328255199526947,1,batch_0007.json
2059537161033056696,2059328301244559370,https://x.com/i/status/2059328301244559370,1,batch_0007.json
2059537161033056696,2059328890393243793,https://x.com/i/status/2059328890393243793,1,batch_0007.json
2059537161033056696,2059329145100800073,https://x.com/i/status/2059329145100800073,1,batch_0007.json
2059537161033056696,2059329326047236401,https://x.com/i/status/2059329326047236401,1,batch_0007.json
2059537161033056696,2059329368384852159,https://x.com/i/status/2059329368384852159,1,batch_0007.json
2059537161033056696,2059329557748928819,https://x.com/i/status/2059329557748928819,1,batch_0007.json
2059537161033056696,2059329788221739396,https://x.com/i/status/2059329788221739396,1,batch_0007.json
2059537161033056696,2059329819779739872,https://x.com/i/status/2059329819779739872,1,batch_0007.json
2059537161033056696,2059329902139118044,https://x.com/i/status/2059329902139118044,1,batch_0007.json
2059537161033056696,2059329973836554669,https://x.com/i/status/2059329973836554669,1,batch_0007.json
2059537161033056696,2059330217080996333,https://x.com/i/status/2059330217080996333,1,batch_0007.json
2059537161033056696,2059330601899917506,https://x.com/i/status/2059330601899917506,1,batch_0007.json
2059537161033056696,2059330998177808823,https://x.com/i/status/2059330998177808823,1,batch_0007.json
2059537161033056696,2059331206894813437,https://x.com/i/status/2059331206894813437,1,batch_0007.json
2059537161033056696,2059331626262556889,https://x.com/i/status/2059331626262556889,1,batch_0007.json
2059537161033056696,2059331953908720030,https://x.com/i/status/2059331953908720030,1,batch_0007.json
2059537161033056696,2059332443199414639,https://x.com/i/status/2059332443199414639,1,batch_0007.json
2059537161033056696,2059332494302806199,https://x.com/i/status/2059332494302806199,1,batch_0007.json
2059537161033056696,2059332497519813020,https://x.com/i/status/2059332497519813020,1,batch_0007.json
2059537161033056696,2059333356920156622,https://x.com/i/status/2059333356920156622,1,batch_0007.json
2059537161033056696,2059333522926494138,https://x.com/i/status/2059333522926494138,1,batch_0007.json
2059537161033056696,2059333567344239095,https://x.com/i/status/2059333567344239095,1,batch_0007.json
2059537161033056696,2059333717508657562,https://x.com/i/status/2059333717508657562,1,batch_0007.json
2059537161033056696,2059333795870843243,https://x.com/i/status/2059333795870843243,1,batch_0007.json
2059537161033056696,2059333834080985528,https://x.com/i/status/2059333834080985528,1,batch_0007.json
2059537161033056696,2059334022413848601,https://x.com/i/status/2059334022413848601,1,batch_0007.json
2059537161033056696,2059334309274673193,https://x.com/i/status/2059334309274673193,1,batch_0007.json
2059537161033056696,2059334550963052685,https://x.com/i/status/2059334550963052685,1,batch_0007.json
2059537161033056696,2059334592302105005,https://x.com/i/status/2059334592302105005,1,batch_0007.json
2059537161033056696,2059334803451756897,https://x.com/i/status/2059334803451756897,1,batch_0007.json
2059537161033056696,2059335003788435579,https://x.com/i/status/2059335003788435579,1,batch_0007.json
2059537161033056696,2059335041683964109,https://x.com/i/status/2059335041683964109,1,batch_0007.json
2059537161033056696,2059335571890229351,https://x.com/i/status/2059335571890229351,1,batch_0007.json
2059537161033056696,2059335771748803022,https://x.com/i/status/2059335771748803022,1,batch_0007.json
2059537161033056696,2059336349736427946,https://x.com/i/status/2059336349736427946,1,batch_0007.json
2059537161033056696,2059336443667821032,https://x.com/i/status/2059336443667821032,1,batch_0007.json
2059537161033056696,2059336804474773609,https://x.com/i/status/2059336804474773609,1,batch_0007.json
2059537161033056696,2059337538582577398,https://x.com/i/status/2059337538582577398,1,batch_0007.json
2059537161033056696,2059338756063138233,https://x.com/i/status/2059338756063138233,1,batch_0007.json
2059537161033056696,2059339372407800052,https://x.com/i/status/2059339372407800052,1,batch_0007.json
2059537161033056696,2059339901712130429,https://x.com/i/status/2059339901712130429,1,batch_0007.json
2059537161033056696,2059339928605995028,https://x.com/i/status/2059339928605995028,1,batch_0007.json
2059537161033056696,2059340138585498057,https://x.com/i/status/2059340138585498057,1,batch_0007.json
2059537161033056696,2059340157602410529,https://x.com/i/status/2059340157602410529,1,batch_0007.json
2059537161033056696,2059340232210727173,https://x.com/i/status/2059340232210727173,1,batch_0007.json
2059537161033056696,2059340342038614517,https://x.com/i/status/2059340342038614517,1,batch_0007.json
2059537161033056696,2059340391439085920,https://x.com/i/status/2059340391439085920,1,batch_0007.json
2059537161033056696,2059340832331977148,https://x.com/i/status/2059340832331977148,1,batch_0007.json
2059537161033056696,2059341526359032297,https://x.com/i/status/2059341526359032297,1,batch_0007.json
2059537161033056696,2059342036554162273,https://x.com/i/status/2059342036554162273,1,batch_0007.json
2059537161033056696,2059343435304189963,https://x.com/i/status/2059343435304189963,1,batch_0007.json
2059537161033056696,2059343983642358252,https://x.com/i/status/2059343983642358252,1,batch_0007.json
2059537161033056696,2059344901473747011,https://x.com/i/status/2059344901473747011,1,batch_0007.json
2059537161033056696,2059344942527398004,https://x.com/i/status/2059344942527398004,1,batch_0007.json
2059537161033056696,2059345401199644804,https://x.com/i/status/2059345401199644804,1,batch_0007.json
2059537161033056696,2059345504342069319,https://x.com/i/status/2059345504342069319,1,batch_0007.json
2059537161033056696,2059345820571381795,https://x.com/i/status/2059345820571381795,1,batch_0007.json
2059537161033056696,2059346315885105428,https://x.com/i/status/2059346315885105428,1,batch_0007.json
2059537161033056696,2059346684908343707,https://x.com/i/status/2059346684908343707,1,batch_0007.json
2059537161033056696,2059347696285262120,https://x.com/i/status/2059347696285262120,1,batch_0007.json
2059537161033056696,2059348616947380345,https://x.com/i/status/2059348616947380345,1,batch_0007.json
2059537161033056696,2059348964822900792,https://x.com/i/status/2059348964822900792,1,batch_0007.json
2059537161033056696,2059348981860233629,https://x.com/i/status/2059348981860233629,1,batch_0007.json
2059537161033056696,2059349436082315627,https://x.com/i/status/2059349436082315627,1,batch_0007.json
2059537161033056696,2059349840065409187,https://x.com/i/status/2059349840065409187,1,batch_0007.json
2059537161033056696,2059350509031419923,https://x.com/i/status/2059350509031419923,1,batch_0007.json
2059537161033056696,2059350564144615868,https://x.com/i/status/2059350564144615868,1,batch_0007.json
2059537161033056696,2059350849286029470,https://x.com/i/status/2059350849286029470,1,batch_0007.json
2059537161033056696,2059353544356995440,https://x.com/i/status/2059353544356995440,1,batch_0007.json
2059537161033056696,2059353561121554620,https://x.com/i/status/2059353561121554620,1,batch_0007.json
2059537161033056696,2059354140380463329,https://x.com/i/status/2059354140380463329,1,batch_0007.json
2059537161033056696,2059354171103490101,https://x.com/i/status/2059354171103490101,1,batch_0007.json
2059537161033056696,2059354263713710168,https://x.com/i/status/2059354263713710168,1,batch_0007.json
2059537161033056696,2059354428616929701,https://x.com/i/status/2059354428616929701,1,batch_0007.json
2059537161033056696,2059354860286308532,https://x.com/i/status/2059354860286308532,1,batch_0007.json
2059537161033056696,2059355152654499989,https://x.com/i/status/2059355152654499989,1,batch_0007.json
2059537161033056696,2059355850905383012,https://x.com/i/status/2059355850905383012,1,batch_0007.json
2059537161033056696,2059358176206614603,https://x.com/i/status/2059358176206614603,1,batch_0007.json
2059537161033056696,2059358322612994075,https://x.com/i/status/2059358322612994075,1,batch_0007.json
2059537161033056696,2059358921652150290,https://x.com/i/status/2059358921652150290,1,batch_0007.json
2059537161033056696,2059359369825747303,https://x.com/i/status/2059359369825747303,1,batch_0007.json
2059537161033056696,2059360150700405174,https://x.com/i/status/2059360150700405174,1,batch_0007.json
2059537161033056696,2059360246414327983,https://x.com/i/status/2059360246414327983,1,batch_0007.json
2059537161033056696,2059360497779220784,https://x.com/i/status/2059360497779220784,1,batch_0007.json
2059537161033056696,2059360978945368107,https://x.com/i/status/2059360978945368107,1,batch_0007.json
2059537161033056696,2059361198336782514,https://x.com/i/status/2059361198336782514,1,batch_0007.json
2059537161033056696,2059362831225790498,https://x.com/i/status/2059362831225790498,1,batch_0007.json
2059537161033056696,2059363023668551825,https://x.com/i/status/2059363023668551825,1,batch_0007.json
2059537161033056696,2059363365634310459,https://x.com/i/status/2059363365634310459,1,batch_0007.json
2059537161033056696,2059363845450195289,https://x.com/i/status/2059363845450195289,1,batch_0007.json
2059537161033056696,2059363966464516492,https://x.com/i/status/2059363966464516492,1,batch_0007.json
2059537161033056696,2059364012769284536,https://x.com/i/status/2059364012769284536,1,batch_0007.json
2059537161033056696,2059364214519566559,https://x.com/i/status/2059364214519566559,1,batch_0007.json
2059537161033056696,2059364370564477095,https://x.com/i/status/2059364370564477095,1,batch_0007.json
2059537161033056696,2059364412528464342,https://x.com/i/status/2059364412528464342,1,batch_0007.json
2059537161033056696,2059364413270868083,https://x.com/i/status/2059364413270868083,1,batch_0007.json
2059537161033056696,2059365320977269120,https://x.com/i/status/2059365320977269120,1,batch_0007.json
2059537161033056696,2059366771266556386,https://x.com/i/status/2059366771266556386,1,batch_0007.json
2059537161033056696,2059367379671359579,https://x.com/i/status/2059367379671359579,1,batch_0007.json
2059537161033056696,2059368359024624107,https://x.com/i/status/2059368359024624107,1,batch_0007.json
2059537161033056696,2059369016867631271,https://x.com/i/status/2059369016867631271,1,batch_0007.json
2059537161033056696,2059369068453401024,https://x.com/i/status/2059369068453401024,1,batch_0007.json
2059537161033056696,2059370344830443547,https://x.com/i/status/2059370344830443547,1,batch_0007.json
2059537161033056696,2059370790236106845,https://x.com/i/status/2059370790236106845,1,batch_0007.json
2059537161033056696,2059370869298999578,https://x.com/i/status/2059370869298999578,1,batch_0007.json
2059537161033056696,2059371372426465777,https://x.com/i/status/2059371372426465777,1,batch_0007.json
2059537161033056696,2059374639772471608,https://x.com/i/status/2059374639772471608,1,batch_0007.json
2059537161033056696,2059374983277621424,https://x.com/i/status/2059374983277621424,1,batch_0007.json
2059537161033056696,2059376036014330226,https://x.com/i/status/2059376036014330226,1,batch_0007.json
2059537161033056696,2059376605848387727,https://x.com/i/status/2059376605848387727,1,batch_0007.json
2059537161033056696,2059377283626828208,https://x.com/i/status/2059377283626828208,1,batch_0007.json
2059537161033056696,2059379653861626110,https://x.com/i/status/2059379653861626110,1,batch_0007.json
2059537161033056696,2059380828606480641,https://x.com/i/status/2059380828606480641,1,batch_0007.json
2059537161033056696,2059384650598887516,https://x.com/i/status/2059384650598887516,1,batch_0007.json
2059537161033056696,2059387299742318832,https://x.com/i/status/2059387299742318832,1,batch_0007.json
2059537161033056696,2059387860688519400,https://x.com/i/status/2059387860688519400,1,batch_0007.json
2059537161033056696,2059388889412829442,https://x.com/i/status/2059388889412829442,1,batch_0007.json
2059537161033056696,2059390818117734406,https://x.com/i/status/2059390818117734406,1,batch_0007.json
2059537161033056696,2059393641483800872,https://x.com/i/status/2059393641483800872,1,batch_0007.json
2059537161033056696,2059394837787353397,https://x.com/i/status/2059394837787353397,1,batch_0007.json
2059537161033056696,2059395618489934285,https://x.com/i/status/2059395618489934285,1,batch_0007.json
2059537161033056696,2059396405181993121,https://x.com/i/status/2059396405181993121,1,batch_0007.json
2059537161033056696,2059397551309140385,https://x.com/i/status/2059397551309140385,1,batch_0007.json
2059537161033056696,2059398691639919061,https://x.com/i/status/2059398691639919061,1,batch_0007.json
2059537161033056696,2059398699071984125,https://x.com/i/status/2059398699071984125,1,batch_0007.json
2059537161033056696,2059399544236871906,https://x.com/i/status/2059399544236871906,1,batch_0007.json
2059537161033056696,2059400090930848127,https://x.com/i/status/2059400090930848127,1,batch_0007.json
2059537161033056696,2059404626353426490,https://x.com/i/status/2059404626353426490,1,batch_0007.json
2059537161033056696,2059407580804366530,https://x.com/i/status/2059407580804366530,1,batch_0007.json
2059537161033056696,2059408695725805733,https://x.com/i/status/2059408695725805733,1,batch_0007.json
2059537161033056696,2059409986682310706,https://x.com/i/status/2059409986682310706,1,batch_0007.json
2059537161033056696,2059411251348848913,https://x.com/i/status/2059411251348848913,1,batch_0007.json
2059537161033056696,2059412554896507010,https://x.com/i/status/2059412554896507010,1,batch_0007.json
2059537161033056696,2059417907780591950,https://x.com/i/status/2059417907780591950,1,batch_0007.json
2059537161033056696,2059423146151747872,https://x.com/i/status/2059423146151747872,1,batch_0007.json
2059537161033056696,2059426457009709125,https://x.com/i/status/2059426457009709125,1,batch_0007.json
2059537161033056696,2059427315327672824,https://x.com/i/status/2059427315327672824,1,batch_0007.json
2059537161033056696,2059439163683090817,https://x.com/i/status/2059439163683090817,1,batch_0007.json
2059537161033056696,2059440516542943705,https://x.com/i/status/2059440516542943705,1,batch_0007.json
2059537161033056696,2059442585748558300,https://x.com/i/status/2059442585748558300,1,batch_0007.json
2059537161033056696,2059447751218168280,https://x.com/i/status/2059447751218168280,1,batch_0007.json
2059537161033056696,2059453452451827976,https://x.com/i/status/2059453452451827976,1,batch_0007.json
2059537161033056696,2059460283475894740,https://x.com/i/status/2059460283475894740,1,batch_0007.json
2059537161033056696,2059461909632745736,https://x.com/i/status/2059461909632745736,1,batch_0007.json
2059537161033056696,2059474116759916685,https://x.com/i/status/2059474116759916685,1,batch_0007.json
2059537161033056696,2059477239604133922,https://x.com/i/status/2059477239604133922,1,batch_0007.json
2059537161033056696,2059477888911479067,https://x.com/i/status/2059477888911479067,1,batch_0007.json
2059537161033056696,2059478019681763582,https://x.com/i/status/2059478019681763582,1,batch_0007.json
2059537161033056696,2059480761800282121,https://x.com/i/status/2059480761800282121,1,batch_0007.json
2059537161033056696,2059482429644325225,https://x.com/i/status/2059482429644325225,1,batch_0007.json
2059537161033056696,2059491456096915482,https://x.com/i/status/2059491456096915482,1,batch_0007.json
2059537161033056696,2059495583795089647,https://x.com/i/status/2059495583795089647,1,batch_0007.json
2059537161033056696,2059520233820266542,https://x.com/i/status/2059520233820266542,1,batch_0007.json
2059537161033056696,2059532206683422748,https://x.com/i/status/2059532206683422748,1,batch_0007.json
2059537161033056696,2059536805788021073,https://x.com/i/status/2059536805788021073,1,batch_0007.json
2059640687595761759,2059588788947460335,https://x.com/i/status/2059588788947460335,1,batch_0007.json
2059640687595761759,2059623945834242273,https://x.com/i/status/2059623945834242273,1,batch_0007.json
2059640687595761759,2059629089091170668,https://x.com/i/status/2059629089091170668,1,batch_0007.json
2059640687595761759,2059647635451949404,https://x.com/i/status/2059647635451949404,1,batch_0007.json
2059640687595761759,2059649298048987616,https://x.com/i/status/2059649298048987616,1,batch_0007.json
2059640687595761759,2059659982996468062,https://x.com/i/status/2059659982996468062,1,batch_0007.json
2059640687595761759,2060144664347361565,https://x.com/i/status/2060144664347361565,1,batch_0007.json
2059640687595761759,2060384892605669527,https://x.com/i/status/2060384892605669527,1,batch_0007.json
2059653544261669358,2059344509432209456,https://x.com/i/status/2059344509432209456,1,batch_0007.json
2059653544261669358,2059481891699409113,https://x.com/i/status/2059481891699409113,1,batch_0007.json
2059653544261669358,2059487109220622367,https://x.com/i/status/2059487109220622367,1,batch_0007.json
2059653544261669358,2059491691665789218,https://x.com/i/status/2059491691665789218,1,batch_0007.json
2059653544261669358,2059505389499195488,https://x.com/i/status/2059505389499195488,1,batch_0007.json
2059653544261669358,2059523950179151933,https://x.com/i/status/2059523950179151933,1,batch_0007.json
2059653544261669358,2059526194035319000,https://x.com/i/status/2059526194035319000,1,batch_0007.json
2059653544261669358,2059538453436473736,https://x.com/i/status/2059538453436473736,1,batch_0007.json
2059653544261669358,2059542185817866427,https://x.com/i/status/2059542185817866427,1,batch_0007.json
2059653544261669358,2059577962484077025,https://x.com/i/status/2059577962484077025,1,batch_0007.json
2059653544261669358,2059581365423681807,https://x.com/i/status/2059581365423681807,1,batch_0007.json
2059653544261669358,2059590559241752784,https://x.com/i/status/2059590559241752784,1,batch_0007.json
2059653544261669358,2059599197792280906,https://x.com/i/status/2059599197792280906,1,batch_0007.json
2059653544261669358,2059607469375078611,https://x.com/i/status/2059607469375078611,1,batch_0007.json
2059653544261669358,2059608734712885530,https://x.com/i/status/2059608734712885530,1,batch_0007.json
2059653544261669358,2059619116193927447,https://x.com/i/status/2059619116193927447,1,batch_0007.json
2059653544261669358,2059619133688344652,https://x.com/i/status/2059619133688344652,1,batch_0007.json
2059653544261669358,2059621711642071285,https://x.com/i/status/2059621711642071285,1,batch_0007.json
2059653544261669358,2059623656410468525,https://x.com/i/status/2059623656410468525,1,batch_0007.json
2059653544261669358,2059650035403374970,https://x.com/i/status/2059650035403374970,1,batch_0007.json
2059653544261669358,2059656715994632644,https://x.com/i/status/2059656715994632644,1,batch_0007.json
2059653544261669358,2059660783265476709,https://x.com/i/status/2059660783265476709,1,batch_0007.json
2059653544261669358,2059669426476372007,https://x.com/i/status/2059669426476372007,1,batch_0007.json
2059653544261669358,2059680127953555701,https://x.com/i/status/2059680127953555701,1,batch_0007.json
2059653544261669358,2059712761832378739,https://x.com/i/status/2059712761832378739,1,batch_0007.json
2059653544261669358,2059730358526939154,https://x.com/i/status/2059730358526939154,1,batch_0007.json
2059653544261669358,2059741009094021564,https://x.com/i/status/2059741009094021564,1,batch_0007.json
2059653544261669358,2060043874857328942,https://x.com/i/status/2060043874857328942,1,batch_0007.json
2059653544261669358,2060760305794236814,https://x.com/i/status/2060760305794236814,1,batch_0007.json
2059653544261669358,2060950444835484104,https://x.com/i/status/2060950444835484104,1,batch_0007.json
2059653544261669358,2060988735299170668,https://x.com/i/status/2060988735299170668,1,batch_0007.json
2059653544261669358,2060997111236399158,https://x.com/i/status/2060997111236399158,1,batch_0007.json
2059653544261669358,2061074047081885948,https://x.com/i/status/2061074047081885948,1,batch_0007.json
2059653544261669358,2061149486248804692,https://x.com/i/status/2061149486248804692,1,batch_0007.json
2059653544261669358,2061341998213210616,https://x.com/i/status/2061341998213210616,1,batch_0007.json
2059653544261669358,2061346802431848930,https://x.com/i/status/2061346802431848930,1,batch_0007.json
2059653544261669358,2061475279403426163,https://x.com/i/status/2061475279403426163,1,batch_0007.json
2059653544261669358,2061508787379556560,https://x.com/i/status/2061508787379556560,1,batch_0007.json
2059653544261669358,2061543255112647032,https://x.com/i/status/2061543255112647032,1,batch_0007.json
2059653544261669358,2062487603882991870,https://x.com/i/status/2062487603882991870,1,batch_0007.json
2059653544261669358,2064438167462097358,https://x.com/i/status/2064438167462097358,1,batch_0007.json
2059726964361969936,2059280530982469825,https://x.com/i/status/2059280530982469825,1,batch_0007.json
2059726964361969936,2059351198352724162,https://x.com/i/status/2059351198352724162,1,batch_0007.json
2059726964361969936,2059363989558038981,https://x.com/i/status/2059363989558038981,1,batch_0007.json
2059726964361969936,2059365021914738916,https://x.com/i/status/2059365021914738916,1,batch_0007.json
2059726964361969936,2059394753951678639,https://x.com/i/status/2059394753951678639,1,batch_0007.json
2059726964361969936,2059443446918644078,https://x.com/i/status/2059443446918644078,1,batch_0007.json
2059726964361969936,2059453115774972017,https://x.com/i/status/2059453115774972017,1,batch_0007.json
2059726964361969936,2059475403434037433,https://x.com/i/status/2059475403434037433,1,batch_0007.json
2059726964361969936,2059491978635800774,https://x.com/i/status/2059491978635800774,1,batch_0007.json
2059726964361969936,2059494146021437763,https://x.com/i/status/2059494146021437763,1,batch_0007.json
2059726964361969936,2059502030503444800,https://x.com/i/status/2059502030503444800,1,batch_0007.json
2059726964361969936,2059540165245157671,https://x.com/i/status/2059540165245157671,1,batch_0007.json
2059726964361969936,2059545780633936093,https://x.com/i/status/2059545780633936093,1,batch_0007.json
2059726964361969936,2059546232335614045,https://x.com/i/status/2059546232335614045,1,batch_0007.json
2059726964361969936,2059547857221230974,https://x.com/i/status/2059547857221230974,1,batch_0007.json
2059726964361969936,2059549932055367799,https://x.com/i/status/2059549932055367799,1,batch_0007.json
2059726964361969936,2059555281542263082,https://x.com/i/status/2059555281542263082,1,batch_0007.json
2059726964361969936,2059564366094307808,https://x.com/i/status/2059564366094307808,1,batch_0007.json
2059726964361969936,2059570958323880127,https://x.com/i/status/2059570958323880127,1,batch_0007.json
2059726964361969936,2059572603329949933,https://x.com/i/status/2059572603329949933,1,batch_0007.json
2059726964361969936,2059573969439818000,https://x.com/i/status/2059573969439818000,1,batch_0007.json
2059726964361969936,2059578166830911701,https://x.com/i/status/2059578166830911701,1,batch_0007.json
2059726964361969936,2059579504956448857,https://x.com/i/status/2059579504956448857,1,batch_0007.json
2059726964361969936,2059580095355072623,https://x.com/i/status/2059580095355072623,1,batch_0007.json
2059726964361969936,2059580476789276768,https://x.com/i/status/2059580476789276768,1,batch_0007.json
2059726964361969936,2059582479774978402,https://x.com/i/status/2059582479774978402,1,batch_0007.json
2059726964361969936,2059583705648148753,https://x.com/i/status/2059583705648148753,1,batch_0007.json
2059726964361969936,2059584453975109782,https://x.com/i/status/2059584453975109782,1,batch_0007.json
2059726964361969936,2059588477453320466,https://x.com/i/status/2059588477453320466,1,batch_0007.json
2059726964361969936,2059594077272941035,https://x.com/i/status/2059594077272941035,1,batch_0007.json
2059726964361969936,2059595544708706708,https://x.com/i/status/2059595544708706708,1,batch_0007.json
2059726964361969936,2059597998456246763,https://x.com/i/status/2059597998456246763,1,batch_0007.json
2059726964361969936,2059598964526055550,https://x.com/i/status/2059598964526055550,1,batch_0007.json
2059726964361969936,2059599997172338889,https://x.com/i/status/2059599997172338889,1,batch_0007.json
2059726964361969936,2059600714452582599,https://x.com/i/status/2059600714452582599,1,batch_0007.json
2059726964361969936,2059601628009807900,https://x.com/i/status/2059601628009807900,1,batch_0007.json
2059726964361969936,2059602733573783895,https://x.com/i/status/2059602733573783895,1,batch_0007.json
2059726964361969936,2059605626070688187,https://x.com/i/status/2059605626070688187,1,batch_0007.json
2059726964361969936,2059606210870170079,https://x.com/i/status/2059606210870170079,1,batch_0007.json
2059726964361969936,2059606454940868797,https://x.com/i/status/2059606454940868797,1,batch_0007.json
2059726964361969936,2059606772487234021,https://x.com/i/status/2059606772487234021,1,batch_0007.json
2059726964361969936,2059607601051005327,https://x.com/i/status/2059607601051005327,1,batch_0007.json
2059726964361969936,2059607775182045685,https://x.com/i/status/2059607775182045685,1,batch_0007.json
2059726964361969936,2059608946068034021,https://x.com/i/status/2059608946068034021,1,batch_0007.json
2059726964361969936,2059611243661373456,https://x.com/i/status/2059611243661373456,1,batch_0007.json
2059726964361969936,2059611402394857875,https://x.com/i/status/2059611402394857875,1,batch_0007.json
2059726964361969936,2059612839321489504,https://x.com/i/status/2059612839321489504,1,batch_0007.json
2059726964361969936,2059613369456316745,https://x.com/i/status/2059613369456316745,1,batch_0007.json
2059726964361969936,2059613951680270686,https://x.com/i/status/2059613951680270686,1,batch_0007.json
2059726964361969936,2059615307849703470,https://x.com/i/status/2059615307849703470,1,batch_0007.json
2059726964361969936,2059619098502275397,https://x.com/i/status/2059619098502275397,1,batch_0007.json
2059726964361969936,2059621591936569693,https://x.com/i/status/2059621591936569693,1,batch_0007.json
2059726964361969936,2059623806638141845,https://x.com/i/status/2059623806638141845,1,batch_0007.json
2059726964361969936,2059625853370138661,https://x.com/i/status/2059625853370138661,1,batch_0007.json
2059726964361969936,2059626441575161873,https://x.com/i/status/2059626441575161873,1,batch_0007.json
2059726964361969936,2059626760090869972,https://x.com/i/status/2059626760090869972,1,batch_0007.json
2059726964361969936,2059627240569311586,https://x.com/i/status/2059627240569311586,1,batch_0007.json
2059726964361969936,2059627716278693982,https://x.com/i/status/2059627716278693982,1,batch_0007.json
2059726964361969936,2059627911951605860,https://x.com/i/status/2059627911951605860,1,batch_0007.json
2059726964361969936,2059628295046512681,https://x.com/i/status/2059628295046512681,1,batch_0007.json
2059726964361969936,2059629043436138899,https://x.com/i/status/2059629043436138899,1,batch_0007.json
2059726964361969936,2059629071089488036,https://x.com/i/status/2059629071089488036,1,batch_0007.json
2059726964361969936,2059630866322923851,https://x.com/i/status/2059630866322923851,1,batch_0007.json
2059726964361969936,2059631076994339313,https://x.com/i/status/2059631076994339313,1,batch_0007.json
2059726964361969936,2059631181025431925,https://x.com/i/status/2059631181025431925,1,batch_0007.json
2059726964361969936,2059631632395497714,https://x.com/i/status/2059631632395497714,1,batch_0007.json
2059726964361969936,2059632222827847912,https://x.com/i/status/2059632222827847912,1,batch_0007.json
2059726964361969936,2059636986944565738,https://x.com/i/status/2059636986944565738,1,batch_0007.json
2059726964361969936,2059637394471592158,https://x.com/i/status/2059637394471592158,1,batch_0007.json
2059726964361969936,2059637918969581660,https://x.com/i/status/2059637918969581660,1,batch_0007.json
2059726964361969936,2059638237493416299,https://x.com/i/status/2059638237493416299,1,batch_0007.json
2059726964361969936,2059638499306053763,https://x.com/i/status/2059638499306053763,1,batch_0007.json
2059726964361969936,2059638595309457807,https://x.com/i/status/2059638595309457807,1,batch_0007.json
2059726964361969936,2059638874301735394,https://x.com/i/status/2059638874301735394,1,batch_0007.json
2059726964361969936,2059639793147924573,https://x.com/i/status/2059639793147924573,1,batch_0007.json
2059726964361969936,2059641782233682186,https://x.com/i/status/2059641782233682186,1,batch_0007.json
2059726964361969936,2059642403770794084,https://x.com/i/status/2059642403770794084,1,batch_0007.json
2059726964361969936,2059642768469750120,https://x.com/i/status/2059642768469750120,1,batch_0007.json
2059726964361969936,2059644580837146961,https://x.com/i/status/2059644580837146961,1,batch_0007.json
2059726964361969936,2059646143294791986,https://x.com/i/status/2059646143294791986,1,batch_0007.json
2059726964361969936,2059646471000256548,https://x.com/i/status/2059646471000256548,1,batch_0007.json
2059726964361969936,2059646712898335030,https://x.com/i/status/2059646712898335030,1,batch_0007.json
2059726964361969936,2059647645337931995,https://x.com/i/status/2059647645337931995,1,batch_0007.json
2059726964361969936,2059648380813316255,https://x.com/i/status/2059648380813316255,1,batch_0007.json
2059726964361969936,2059649221121241307,https://x.com/i/status/2059649221121241307,1,batch_0007.json
2059726964361969936,2059649602412847600,https://x.com/i/status/2059649602412847600,1,batch_0007.json
2059726964361969936,2059651583823212779,https://x.com/i/status/2059651583823212779,1,batch_0007.json
2059726964361969936,2059653715154383068,https://x.com/i/status/2059653715154383068,1,batch_0007.json
2059726964361969936,2059653758280216711,https://x.com/i/status/2059653758280216711,1,batch_0007.json
2059726964361969936,2059656421466390806,https://x.com/i/status/2059656421466390806,1,batch_0007.json
2059726964361969936,2059656514584068392,https://x.com/i/status/2059656514584068392,1,batch_0007.json
2059726964361969936,2059657109457776975,https://x.com/i/status/2059657109457776975,1,batch_0007.json
2059726964361969936,2059657569396728246,https://x.com/i/status/2059657569396728246,1,batch_0007.json
2059726964361969936,2059658616185970918,https://x.com/i/status/2059658616185970918,1,batch_0007.json
2059726964361969936,2059658789855592466,https://x.com/i/status/2059658789855592466,1,batch_0007.json
2059726964361969936,2059659796115271743,https://x.com/i/status/2059659796115271743,1,batch_0007.json
2059726964361969936,2059660175511044473,https://x.com/i/status/2059660175511044473,1,batch_0007.json
2059726964361969936,2059660755805585495,https://x.com/i/status/2059660755805585495,1,batch_0007.json
2059726964361969936,2059661556405694559,https://x.com/i/status/2059661556405694559,1,batch_0007.json
2059726964361969936,2059661915035742623,https://x.com/i/status/2059661915035742623,1,batch_0007.json
2059726964361969936,2059662261749477669,https://x.com/i/status/2059662261749477669,1,batch_0007.json
2059726964361969936,2059663092884152601,https://x.com/i/status/2059663092884152601,1,batch_0007.json
2059726964361969936,2059665956792668628,https://x.com/i/status/2059665956792668628,1,batch_0007.json
2059726964361969936,2059668070432452998,https://x.com/i/status/2059668070432452998,1,batch_0007.json
2059726964361969936,2059668344610210021,https://x.com/i/status/2059668344610210021,1,batch_0007.json
2059726964361969936,2059672666420728098,https://x.com/i/status/2059672666420728098,1,batch_0007.json
2059726964361969936,2059673323823342014,https://x.com/i/status/2059673323823342014,1,batch_0007.json
2059726964361969936,2059673730918285381,https://x.com/i/status/2059673730918285381,1,batch_0007.json
2059726964361969936,2059674684724285684,https://x.com/i/status/2059674684724285684,1,batch_0007.json
2059726964361969936,2059678870060908707,https://x.com/i/status/2059678870060908707,1,batch_0007.json
2059726964361969936,2059680871603388483,https://x.com/i/status/2059680871603388483,1,batch_0007.json
2059726964361969936,2059682024852729970,https://x.com/i/status/2059682024852729970,1,batch_0007.json
2059726964361969936,2059683942664700230,https://x.com/i/status/2059683942664700230,1,batch_0007.json
2059726964361969936,2059685348456780125,https://x.com/i/status/2059685348456780125,1,batch_0007.json
2059726964361969936,2059688104920019357,https://x.com/i/status/2059688104920019357,1,batch_0007.json
2059726964361969936,2059688495883465043,https://x.com/i/status/2059688495883465043,1,batch_0007.json
2059726964361969936,2059689792284323868,https://x.com/i/status/2059689792284323868,1,batch_0007.json
2059726964361969936,2059690008706154686,https://x.com/i/status/2059690008706154686,1,batch_0007.json
2059726964361969936,2059691514209423852,https://x.com/i/status/2059691514209423852,1,batch_0007.json
2059726964361969936,2059691964338205074,https://x.com/i/status/2059691964338205074,1,batch_0007.json
2059726964361969936,2059697784157294725,https://x.com/i/status/2059697784157294725,1,batch_0007.json
2059726964361969936,2059698265080185142,https://x.com/i/status/2059698265080185142,1,batch_0007.json
2059726964361969936,2059699546221854946,https://x.com/i/status/2059699546221854946,1,batch_0007.json
2059726964361969936,2059701151218499830,https://x.com/i/status/2059701151218499830,1,batch_0007.json
2059726964361969936,2059701174651994599,https://x.com/i/status/2059701174651994599,1,batch_0007.json
2059726964361969936,2059702539277472238,https://x.com/i/status/2059702539277472238,1,batch_0007.json
2059726964361969936,2059703456462749706,https://x.com/i/status/2059703456462749706,1,batch_0007.json
2059726964361969936,2059705208343801937,https://x.com/i/status/2059705208343801937,1,batch_0007.json
2059726964361969936,2059708275030204720,https://x.com/i/status/2059708275030204720,1,batch_0007.json
2059726964361969936,2059713225311027235,https://x.com/i/status/2059713225311027235,1,batch_0007.json
2059726964361969936,2059715116782788947,https://x.com/i/status/2059715116782788947,1,batch_0007.json
2059726964361969936,2059715750873415886,https://x.com/i/status/2059715750873415886,1,batch_0007.json
2059726964361969936,2059716366362443850,https://x.com/i/status/2059716366362443850,1,batch_0007.json
2059726964361969936,2059717484123680999,https://x.com/i/status/2059717484123680999,1,batch_0007.json
2059726964361969936,2059720344521343077,https://x.com/i/status/2059720344521343077,1,batch_0007.json
2059726964361969936,2059720526948356535,https://x.com/i/status/2059720526948356535,1,batch_0007.json
2059726964361969936,2059723013226987752,https://x.com/i/status/2059723013226987752,1,batch_0007.json
2059726964361969936,2059723564035850620,https://x.com/i/status/2059723564035850620,1,batch_0007.json
2059726964361969936,2059725568879325593,https://x.com/i/status/2059725568879325593,1,batch_0007.json
2059765166217048410,2059601464994197860,https://x.com/i/status/2059601464994197860,1,batch_0007.json
2059765166217048410,2059642702665261126,https://x.com/i/status/2059642702665261126,1,batch_0007.json
2059765166217048410,2059644640760877504,https://x.com/i/status/2059644640760877504,1,batch_0007.json
2059765166217048410,2059652081053511705,https://x.com/i/status/2059652081053511705,1,batch_0007.json
2059765166217048410,2059655775690313803,https://x.com/i/status/2059655775690313803,1,batch_0007.json
2059765166217048410,2059656192243138895,https://x.com/i/status/2059656192243138895,1,batch_0007.json
2059765166217048410,2059658355015139838,https://x.com/i/status/2059658355015139838,1,batch_0007.json
2059765166217048410,2059673162758164832,https://x.com/i/status/2059673162758164832,1,batch_0007.json
2059765166217048410,2059702766662996016,https://x.com/i/status/2059702766662996016,1,batch_0007.json
2059765166217048410,2059717770590540007,https://x.com/i/status/2059717770590540007,1,batch_0007.json
2059765166217048410,2059718204239573402,https://x.com/i/status/2059718204239573402,1,batch_0007.json
2059765166217048410,2059739320639230396,https://x.com/i/status/2059739320639230396,1,batch_0007.json
2059765166217048410,2059760657021436056,https://x.com/i/status/2059760657021436056,1,batch_0007.json
2059765166217048410,2059774821160947885,https://x.com/i/status/2059774821160947885,1,batch_0007.json
2059765166217048410,2059809017636200551,https://x.com/i/status/2059809017636200551,1,batch_0007.json
2059765166217048410,2059809349279863211,https://x.com/i/status/2059809349279863211,1,batch_0007.json
2059765166217048410,2059904677299339281,https://x.com/i/status/2059904677299339281,1,batch_0007.json
2059765166217048410,2059907353412075580,https://x.com/i/status/2059907353412075580,1,batch_0007.json
2059765166217048410,2059908583601443003,https://x.com/i/status/2059908583601443003,1,batch_0007.json
2059765166217048410,2059913202259910993,https://x.com/i/status/2059913202259910993,1,batch_0007.json
2059765166217048410,2059924737011208255,https://x.com/i/status/2059924737011208255,1,batch_0007.json
2059765166217048410,2059926168631902461,https://x.com/i/status/2059926168631902461,1,batch_0007.json
2059765166217048410,2059936987012813280,https://x.com/i/status/2059936987012813280,1,batch_0007.json
2059765166217048410,2059949257835090124,https://x.com/i/status/2059949257835090124,1,batch_0007.json
2059765166217048410,2059949375254585470,https://x.com/i/status/2059949375254585470,1,batch_0007.json
2059765166217048410,2059951923306852387,https://x.com/i/status/2059951923306852387,1,batch_0007.json
2059765166217048410,2059953676710474142,https://x.com/i/status/2059953676710474142,1,batch_0007.json
2059765166217048410,2059957463240110520,https://x.com/i/status/2059957463240110520,1,batch_0007.json
2059765166217048410,2059958676857696727,https://x.com/i/status/2059958676857696727,1,batch_0007.json
2059765166217048410,2059969979244790209,https://x.com/i/status/2059969979244790209,1,batch_0007.json
2059765166217048410,2059980963686350995,https://x.com/i/status/2059980963686350995,1,batch_0007.json
2059765166217048410,2060020803484389683,https://x.com/i/status/2060020803484389683,1,batch_0007.json
2059765166217048410,2060036075578429801,https://x.com/i/status/2060036075578429801,1,batch_0007.json
2059765166217048410,2060037794521907671,https://x.com/i/status/2060037794521907671,1,batch_0007.json
2059765166217048410,2060043703918457133,https://x.com/i/status/2060043703918457133,1,batch_0007.json
2059765166217048410,2060054007679180819,https://x.com/i/status/2060054007679180819,1,batch_0007.json
2059765166217048410,2060074598524219503,https://x.com/i/status/2060074598524219503,1,batch_0007.json
2059765166217048410,2060084398813266260,https://x.com/i/status/2060084398813266260,1,batch_0007.json
2059765166217048410,2060095185430737229,https://x.com/i/status/2060095185430737229,1,batch_0007.json
2059765166217048410,2060109230888124838,https://x.com/i/status/2060109230888124838,1,batch_0007.json
2059765166217048410,2060110372443685251,https://x.com/i/status/2060110372443685251,1,batch_0007.json
2059765166217048410,2060117335516516530,https://x.com/i/status/2060117335516516530,1,batch_0007.json
2059765166217048410,2060135305919803535,https://x.com/i/status/2060135305919803535,1,batch_0007.json
2059765166217048410,2060143581642281423,https://x.com/i/status/2060143581642281423,1,batch_0007.json
2059765166217048410,2060151438567698793,https://x.com/i/status/2060151438567698793,1,batch_0007.json
2059765166217048410,2060180139477029307,https://x.com/i/status/2060180139477029307,1,batch_0007.json
2059765166217048410,2060298150947213588,https://x.com/i/status/2060298150947213588,1,batch_0007.json
2059765166217048410,2060318764386664609,https://x.com/i/status/2060318764386664609,1,batch_0007.json
2059765166217048410,2060320868559904930,https://x.com/i/status/2060320868559904930,1,batch_0007.json
2059765166217048410,2060321771589353788,https://x.com/i/status/2060321771589353788,1,batch_0007.json
2059765166217048410,2060392633726296565,https://x.com/i/status/2060392633726296565,1,batch_0007.json
2059765166217048410,2060403105284427815,https://x.com/i/status/2060403105284427815,1,batch_0007.json
2059765166217048410,2060523788211802184,https://x.com/i/status/2060523788211802184,1,batch_0007.json
2059765166217048410,2060584153691869619,https://x.com/i/status/2060584153691869619,1,batch_0007.json
2059765166217048410,2060725027994243384,https://x.com/i/status/2060725027994243384,1,batch_0007.json
2059765166217048410,2060798609092931593,https://x.com/i/status/2060798609092931593,1,batch_0007.json
2059765166217048410,2061156282086633965,https://x.com/i/status/2061156282086633965,1,batch_0007.json
2059765166217048410,2061813827398758686,https://x.com/i/status/2061813827398758686,1,batch_0007.json
2059765166217048410,2062462367619764374,https://x.com/i/status/2062462367619764374,1,batch_0007.json
2059765166217048410,2062802501121049085,https://x.com/i/status/2062802501121049085,1,batch_0007.json
2059765166217048410,2062814211789426951,https://x.com/i/status/2062814211789426951,1,batch_0007.json
2059765166217048410,2062822684963000763,https://x.com/i/status/2062822684963000763,1,batch_0007.json
2059765166217048410,2062850060577038473,https://x.com/i/status/2062850060577038473,1,batch_0007.json
2059765166217048410,2062877431858389200,https://x.com/i/status/2062877431858389200,1,batch_0007.json
2059765166217048410,2062899626848506367,https://x.com/i/status/2062899626848506367,1,batch_0007.json
2059765166217048410,2063090853762240630,https://x.com/i/status/2063090853762240630,1,batch_0007.json
2059765166217048410,2063101582749868091,https://x.com/i/status/2063101582749868091,1,batch_0007.json
2059765166217048410,2063155975163363810,https://x.com/i/status/2063155975163363810,1,batch_0007.json
2059765166217048410,2063186651069751609,https://x.com/i/status/2063186651069751609,1,batch_0007.json
2059765166217048410,2063221023437111470,https://x.com/i/status/2063221023437111470,1,batch_0007.json
2059765166217048410,2063255531557372311,https://x.com/i/status/2063255531557372311,1,batch_0007.json
2059765166217048410,2063272078803886260,https://x.com/i/status/2063272078803886260,1,batch_0007.json
2059765166217048410,2063273618650321280,https://x.com/i/status/2063273618650321280,1,batch_0007.json
2059765166217048410,2063293855240212815,https://x.com/i/status/2063293855240212815,1,batch_0007.json
2059765166217048410,2063299551939969077,https://x.com/i/status/2063299551939969077,1,batch_0007.json
2059765166217048410,2063299565877592389,https://x.com/i/status/2063299565877592389,1,batch_0007.json
2059765166217048410,2063309217667363118,https://x.com/i/status/2063309217667363118,1,batch_0007.json
2059765166217048410,2063311425305534948,https://x.com/i/status/2063311425305534948,1,batch_0007.json
2059765166217048410,2063345023299510771,https://x.com/i/status/2063345023299510771,1,batch_0007.json
2059765166217048410,2063404457397022860,https://x.com/i/status/2063404457397022860,1,batch_0007.json
2059765166217048410,2063471509302055114,https://x.com/i/status/2063471509302055114,1,batch_0007.json
2059765166217048410,2063551678721237150,https://x.com/i/status/2063551678721237150,1,batch_0007.json
2059765166217048410,2063626018607243599,https://x.com/i/status/2063626018607243599,1,batch_0007.json
2059765166217048410,2068744740682490339,https://x.com/i/status/2068744740682490339,1,batch_0007.json
2059765166217048410,2070788119884976637,https://x.com/i/status/2070788119884976637,1,batch_0007.json
2059765166217048410,2070870898488623588,https://x.com/i/status/2070870898488623588,1,batch_0007.json
2059765166217048410,2071037930559213939,https://x.com/i/status/2071037930559213939,1,batch_0007.json
2059765166217048410,2078820948531204222,https://x.com/i/status/2078820948531204222,1,batch_0007.json
2059765166217048410,2080180066835722675,https://x.com/i/status/2080180066835722675,1,batch_0007.json
2059765166217048410,2081098743542137111,https://x.com/i/status/2081098743542137111,1,batch_0007.json
2059765166217048410,2081462826728845485,https://x.com/i/status/2081462826728845485,1,batch_0007.json
2059765166217048410,2082887747728019677,https://x.com/i/status/2082887747728019677,1,batch_0007.json
2059765166217048410,2084678666382889341,https://x.com/i/status/2084678666382889341,1,batch_0007.json
2059765166217048410,2086717616777785411,https://x.com/i/status/2086717616777785411,1,batch_0007.json
2059765166217048410,2092505623904518503,https://x.com/i/status/2092505623904518503,1,batch_0007.json
2059765166217048410,2096282522477068720,https://x.com/i/status/2096282522477068720,1,batch_0007.json
2059765166217048410,2102889726415880680,https://x.com/i/status/2102889726415880680,1,batch_0007.json
2059765166217048410,2103733782285316378,https://x.com/i/status/2103733782285316378,1,batch_0007.json
2059776271178223943,2052418123131748496,https://x.com/i/status/2052418123131748496,1,batch_0007.json
2059776271178223943,2052448591487050068,https://x.com/i/status/2052448591487050068,1,batch_0007.json
2059776271178223943,2052870484979785792,https://x.com/i/status/2052870484979785792,1,batch_0007.json
2059776271178223943,2052911445071757697,https://x.com/i/status/2052911445071757697,1,batch_0007.json
2059776271178223943,2053083307579945369,https://x.com/i/status/2053083307579945369,1,batch_0007.json
2059776271178223943,2053143419153690852,https://x.com/i/status/2053143419153690852,1,batch_0007.json
2059776271178223943,2053196852300861794,https://x.com/i/status/2053196852300861794,1,batch_0007.json
2059776271178223943,2054373438148518242,https://x.com/i/status/2054373438148518242,1,batch_0007.json
2059776271178223943,2054761059357958349,https://x.com/i/status/2054761059357958349,1,batch_0007.json
2059776271178223943,2056353006195503534,https://x.com/i/status/2056353006195503534,1,batch_0007.json
2059776271178223943,2057421309580083598,https://x.com/i/status/2057421309580083598,1,batch_0007.json
2059776271178223943,2059370852882247712,https://x.com/i/status/2059370852882247712,1,batch_0007.json
2059776271178223943,2059535440378831187,https://x.com/i/status/2059535440378831187,1,batch_0007.json
2059776271178223943,2059539811594305844,https://x.com/i/status/2059539811594305844,1,batch_0007.json
2059776271178223943,2059560142006325705,https://x.com/i/status/2059560142006325705,1,batch_0007.json
2059776271178223943,2059560491165614476,https://x.com/i/status/2059560491165614476,1,batch_0007.json
2059776271178223943,2059563510317642187,https://x.com/i/status/2059563510317642187,1,batch_0007.json
2059776271178223943,2059568582371996020,https://x.com/i/status/2059568582371996020,1,batch_0007.json
2059776271178223943,2059570152845226165,https://x.com/i/status/2059570152845226165,1,batch_0007.json
2059776271178223943,2059570764697997630,https://x.com/i/status/2059570764697997630,1,batch_0007.json
2059776271178223943,2059589809689997644,https://x.com/i/status/2059589809689997644,1,batch_0007.json
2059776271178223943,2059603236009497015,https://x.com/i/status/2059603236009497015,1,batch_0007.json
2059776271178223943,2059616322665791603,https://x.com/i/status/2059616322665791603,1,batch_0007.json
2059776271178223943,2059618031081230645,https://x.com/i/status/2059618031081230645,1,batch_0007.json
2059776271178223943,2059627275214352885,https://x.com/i/status/2059627275214352885,1,batch_0007.json
2059776271178223943,2059632159057457555,https://x.com/i/status/2059632159057457555,1,batch_0007.json
2059776271178223943,2059641349792506301,https://x.com/i/status/2059641349792506301,1,batch_0007.json
2059776271178223943,2059642401740738958,https://x.com/i/status/2059642401740738958,1,batch_0007.json
2059776271178223943,2059648387876851850,https://x.com/i/status/2059648387876851850,1,batch_0007.json
2059776271178223943,2059654693962289353,https://x.com/i/status/2059654693962289353,1,batch_0007.json
2059776271178223943,2059679905781338511,https://x.com/i/status/2059679905781338511,1,batch_0007.json
2059776271178223943,2059706044180320442,https://x.com/i/status/2059706044180320442,1,batch_0007.json
2059776271178223943,2059851480878690744,https://x.com/i/status/2059851480878690744,1,batch_0007.json
2059776271178223943,2059857333312753880,https://x.com/i/status/2059857333312753880,1,batch_0007.json
2059776271178223943,2060005676311613668,https://x.com/i/status/2060005676311613668,1,batch_0007.json
2059776271178223943,2060012175691804871,https://x.com/i/status/2060012175691804871,1,batch_0007.json
2059776271178223943,2060406558924697647,https://x.com/i/status/2060406558924697647,1,batch_0007.json
2059776271178223943,2060695664292470894,https://x.com/i/status/2060695664292470894,1,batch_0007.json
2059776271178223943,2060738893415366674,https://x.com/i/status/2060738893415366674,1,batch_0007.json
2059776271178223943,2061005765721072056,https://x.com/i/status/2061005765721072056,1,batch_0007.json
2059776271178223943,2061849659526599096,https://x.com/i/status/2061849659526599096,1,batch_0007.json
2059776271178223943,2062511800113901910,https://x.com/i/status/2062511800113901910,1,batch_0007.json
2059776271178223943,2062515784744669616,https://x.com/i/status/2062515784744669616,1,batch_0007.json
2059776271178223943,2062735253391770064,https://x.com/i/status/2062735253391770064,1,batch_0007.json
2059776271178223943,2064190498068394432,https://x.com/i/status/2064190498068394432,1,batch_0007.json
2060042233445855613,2059711070953226333,https://x.com/i/status/2059711070953226333,1,batch_0007.json
2060042233445855613,2059754937110745236,https://x.com/i/status/2059754937110745236,1,batch_0007.json
2060042233445855613,2059834183908737297,https://x.com/i/status/2059834183908737297,1,batch_0007.json
2060042233445855613,2059862590281371651,https://x.com/i/status/2059862590281371651,1,batch_0007.json
2060042233445855613,2059874152886993108,https://x.com/i/status/2059874152886993108,1,batch_0007.json
2060042233445855613,2059881602482680028,https://x.com/i/status/2059881602482680028,1,batch_0007.json
2060042233445855613,2059886033198559678,https://x.com/i/status/2059886033198559678,1,batch_0007.json
2060042233445855613,2059887586001211508,https://x.com/i/status/2059887586001211508,1,batch_0007.json
2060042233445855613,2059888155189273037,https://x.com/i/status/2059888155189273037,1,batch_0007.json
2060042233445855613,2059891026907586859,https://x.com/i/status/2059891026907586859,1,batch_0007.json
2060042233445855613,2059898478814200026,https://x.com/i/status/2059898478814200026,1,batch_0007.json
2060042233445855613,2059900243781501344,https://x.com/i/status/2059900243781501344,1,batch_0007.json
2060042233445855613,2059906186447569099,https://x.com/i/status/2059906186447569099,1,batch_0007.json
2060042233445855613,2059912853952385274,https://x.com/i/status/2059912853952385274,1,batch_0007.json
2060042233445855613,2059914490045415671,https://x.com/i/status/2059914490045415671,1,batch_0007.json
2060042233445855613,2059920599535743028,https://x.com/i/status/2059920599535743028,1,batch_0007.json
2060042233445855613,2059921971723289033,https://x.com/i/status/2059921971723289033,1,batch_0007.json
2060042233445855613,2059922616282927255,https://x.com/i/status/2059922616282927255,1,batch_0007.json
2060042233445855613,2059924428738244989,https://x.com/i/status/2059924428738244989,1,batch_0007.json
2060042233445855613,2059925433777283079,https://x.com/i/status/2059925433777283079,1,batch_0007.json
2060042233445855613,2059927642191585765,https://x.com/i/status/2059927642191585765,1,batch_0007.json
2060042233445855613,2059929003771744327,https://x.com/i/status/2059929003771744327,1,batch_0007.json
2060042233445855613,2059930256161509443,https://x.com/i/status/2059930256161509443,1,batch_0007.json
2060042233445855613,2059931335540576645,https://x.com/i/status/2059931335540576645,1,batch_0007.json
2060042233445855613,2059934081157083547,https://x.com/i/status/2059934081157083547,1,batch_0007.json
2060042233445855613,2059937514232672551,https://x.com/i/status/2059937514232672551,1,batch_0007.json
2060042233445855613,2059942136003362993,https://x.com/i/status/2059942136003362993,1,batch_0007.json
2060042233445855613,2059942256228889009,https://x.com/i/status/2059942256228889009,1,batch_0007.json
2060042233445855613,2059942394108268572,https://x.com/i/status/2059942394108268572,1,batch_0007.json
2060042233445855613,2059944441532555513,https://x.com/i/status/2059944441532555513,1,batch_0007.json
2060042233445855613,2059945971367268672,https://x.com/i/status/2059945971367268672,1,batch_0007.json
2060042233445855613,2059947589521268839,https://x.com/i/status/2059947589521268839,1,batch_0007.json
2060042233445855613,2059953717663740147,https://x.com/i/status/2059953717663740147,1,batch_0007.json
2060042233445855613,2059956301610778841,https://x.com/i/status/2059956301610778841,1,batch_0007.json
2060042233445855613,2059959295672774847,https://x.com/i/status/2059959295672774847,1,batch_0007.json
2060042233445855613,2059962840102891562,https://x.com/i/status/2059962840102891562,1,batch_0007.json
2060042233445855613,2059966610836726238,https://x.com/i/status/2059966610836726238,1,batch_0007.json
2060042233445855613,2059969811770130873,https://x.com/i/status/2059969811770130873,1,batch_0007.json
2060042233445855613,2059973195189408013,https://x.com/i/status/2059973195189408013,1,batch_0007.json
2060042233445855613,2059982160757485645,https://x.com/i/status/2059982160757485645,1,batch_0007.json
2060042233445855613,2059983361095958636,https://x.com/i/status/2059983361095958636,1,batch_0007.json
2060042233445855613,2059990003967525205,https://x.com/i/status/2059990003967525205,1,batch_0007.json
2060042233445855613,2059990625324339649,https://x.com/i/status/2059990625324339649,1,batch_0007.json
2060042233445855613,2059991452885930407,https://x.com/i/status/2059991452885930407,1,batch_0007.json
2060042233445855613,2059991688446419383,https://x.com/i/status/2059991688446419383,1,batch_0007.json
2060042233445855613,2060006317486408183,https://x.com/i/status/2060006317486408183,1,batch_0007.json
2060042233445855613,2060010997125943522,https://x.com/i/status/2060010997125943522,1,batch_0007.json
2060042233445855613,2060011636803391979,https://x.com/i/status/2060011636803391979,1,batch_0007.json
2060042233445855613,2060019310525861947,https://x.com/i/status/2060019310525861947,1,batch_0007.json
2060042233445855613,2060024993359056978,https://x.com/i/status/2060024993359056978,1,batch_0007.json
2060042233445855613,2060027599783428595,https://x.com/i/status/2060027599783428595,1,batch_0007.json
2060042233445855613,2060031234324181048,https://x.com/i/status/2060031234324181048,1,batch_0007.json
2060042233445855613,2060032293096350168,https://x.com/i/status/2060032293096350168,1,batch_0007.json
2060042233445855613,2060037619531080032,https://x.com/i/status/2060037619531080032,1,batch_0007.json
2060042233445855613,2060045169878069632,https://x.com/i/status/2060045169878069632,1,batch_0007.json
2060042233445855613,2060046521874165951,https://x.com/i/status/2060046521874165951,1,batch_0007.json
2060042233445855613,2060060827969876355,https://x.com/i/status/2060060827969876355,1,batch_0007.json
2060042233445855613,2060070434712760809,https://x.com/i/status/2060070434712760809,1,batch_0007.json
2060042233445855613,2060071655914020940,https://x.com/i/status/2060071655914020940,1,batch_0007.json
2060042233445855613,2060079905707327503,https://x.com/i/status/2060079905707327503,1,batch_0007.json
2060042233445855613,2060089931104415820,https://x.com/i/status/2060089931104415820,1,batch_0007.json
2060042233445855613,2060099485603434961,https://x.com/i/status/2060099485603434961,1,batch_0007.json
2060042233445855613,2060101967368581295,https://x.com/i/status/2060101967368581295,1,batch_0007.json
2060042233445855613,2060104351579001226,https://x.com/i/status/2060104351579001226,1,batch_0007.json
2060042233445855613,2060105592534901014,https://x.com/i/status/2060105592534901014,1,batch_0007.json
2060042233445855613,2060111131474051406,https://x.com/i/status/2060111131474051406,1,batch_0007.json
2060042233445855613,2060119933002866965,https://x.com/i/status/2060119933002866965,1,batch_0007.json
2060042233445855613,2060167558381359355,https://x.com/i/status/2060167558381359355,1,batch_0007.json
2060042233445855613,2060174744289182068,https://x.com/i/status/2060174744289182068,1,batch_0007.json
2060042233445855613,2060178720007352522,https://x.com/i/status/2060178720007352522,1,batch_0007.json
2060042233445855613,2060201296930423217,https://x.com/i/status/2060201296930423217,1,batch_0007.json
2060042233445855613,2060224363069108569,https://x.com/i/status/2060224363069108569,1,batch_0007.json
2060042233445855613,2060225218610975134,https://x.com/i/status/2060225218610975134,1,batch_0007.json
2060042233445855613,2060233199842926694,https://x.com/i/status/2060233199842926694,1,batch_0007.json
2060042233445855613,2060234176847401147,https://x.com/i/status/2060234176847401147,1,batch_0007.json
2060042233445855613,2060234693585285509,https://x.com/i/status/2060234693585285509,1,batch_0007.json
2060042233445855613,2060239988713988496,https://x.com/i/status/2060239988713988496,1,batch_0007.json
2060042233445855613,2060242045416227304,https://x.com/i/status/2060242045416227304,1,batch_0007.json
2060042233445855613,2060244363892998563,https://x.com/i/status/2060244363892998563,1,batch_0007.json
2060042233445855613,2060247384328933633,https://x.com/i/status/2060247384328933633,1,batch_0007.json
2060042233445855613,2060249733227008240,https://x.com/i/status/2060249733227008240,1,batch_0007.json
2060042233445855613,2060250073594769595,https://x.com/i/status/2060250073594769595,1,batch_0007.json
2060042233445855613,2060253401267458425,https://x.com/i/status/2060253401267458425,1,batch_0007.json
2060042233445855613,2060257663087481153,https://x.com/i/status/2060257663087481153,1,batch_0007.json
2060042233445855613,2060259765289132283,https://x.com/i/status/2060259765289132283,1,batch_0007.json
2060042233445855613,2060267030167650370,https://x.com/i/status/2060267030167650370,1,batch_0007.json
2060042233445855613,2060272641286480252,https://x.com/i/status/2060272641286480252,1,batch_0007.json
2060042233445855613,2060273400044794291,https://x.com/i/status/2060273400044794291,1,batch_0007.json
2060042233445855613,2060274846848659879,https://x.com/i/status/2060274846848659879,1,batch_0007.json
2060042233445855613,2060276817848905833,https://x.com/i/status/2060276817848905833,1,batch_0007.json
2060042233445855613,2060301940546834566,https://x.com/i/status/2060301940546834566,1,batch_0007.json
2060042233445855613,2060311705704349786,https://x.com/i/status/2060311705704349786,1,batch_0007.json
2060042233445855613,2060313307232280831,https://x.com/i/status/2060313307232280831,1,batch_0007.json
2060042233445855613,2060313542377509250,https://x.com/i/status/2060313542377509250,1,batch_0007.json
2060042233445855613,2060314301966225898,https://x.com/i/status/2060314301966225898,1,batch_0007.json
2060042233445855613,2060317624307687547,https://x.com/i/status/2060317624307687547,1,batch_0007.json
2060042233445855613,2060323351973802415,https://x.com/i/status/2060323351973802415,1,batch_0007.json
2060042233445855613,2060330613421363457,https://x.com/i/status/2060330613421363457,1,batch_0007.json
2060042233445855613,2060333900539298160,https://x.com/i/status/2060333900539298160,1,batch_0007.json
2060042233445855613,2060336536378384774,https://x.com/i/status/2060336536378384774,1,batch_0007.json
2060042233445855613,2060344286659702841,https://x.com/i/status/2060344286659702841,1,batch_0007.json
2060042233445855613,2060345018628395424,https://x.com/i/status/2060345018628395424,1,batch_0007.json
2060042233445855613,2060358950638227718,https://x.com/i/status/2060358950638227718,1,batch_0007.json
2060042233445855613,2060366940602872055,https://x.com/i/status/2060366940602872055,1,batch_0007.json
2060042233445855613,2060367670126530582,https://x.com/i/status/2060367670126530582,1,batch_0007.json
2060042233445855613,2060369940478103957,https://x.com/i/status/2060369940478103957,1,batch_0007.json
2060042233445855613,2060371427220459643,https://x.com/i/status/2060371427220459643,1,batch_0007.json
2060042233445855613,2060379630859698538,https://x.com/i/status/2060379630859698538,1,batch_0007.json
2060042233445855613,2060383539410198926,https://x.com/i/status/2060383539410198926,1,batch_0007.json
2060042233445855613,2060409979337609606,https://x.com/i/status/2060409979337609606,1,batch_0007.json
2060042233445855613,2060411030891610145,https://x.com/i/status/2060411030891610145,1,batch_0007.json
2060042233445855613,2060415097865224321,https://x.com/i/status/2060415097865224321,1,batch_0007.json
2060042233445855613,2060440410829529474,https://x.com/i/status/2060440410829529474,1,batch_0007.json
2060042233445855613,2060462648031055990,https://x.com/i/status/2060462648031055990,1,batch_0007.json
2060042233445855613,2060478974522765584,https://x.com/i/status/2060478974522765584,1,batch_0007.json
2060042233445855613,2060479268681879892,https://x.com/i/status/2060479268681879892,1,batch_0007.json
2060042233445855613,2060486837303476494,https://x.com/i/status/2060486837303476494,1,batch_0007.json
2060042233445855613,2060520067142406165,https://x.com/i/status/2060520067142406165,1,batch_0007.json
2060042233445855613,2060550034018681146,https://x.com/i/status/2060550034018681146,1,batch_0007.json
2060042233445855613,2060558819596337491,https://x.com/i/status/2060558819596337491,1,batch_0007.json
2060042233445855613,2060588525163106680,https://x.com/i/status/2060588525163106680,1,batch_0007.json
2060042233445855613,2060604138304774236,https://x.com/i/status/2060604138304774236,1,batch_0007.json
2060042233445855613,2060673045799510459,https://x.com/i/status/2060673045799510459,1,batch_0007.json
2060042233445855613,2060683186896621964,https://x.com/i/status/2060683186896621964,1,batch_0007.json
2060042233445855613,2060910001724473680,https://x.com/i/status/2060910001724473680,1,batch_0007.json
2060042233445855613,2061772789980250614,https://x.com/i/status/2061772789980250614,1,batch_0007.json
2060042233445855613,2062290000553595026,https://x.com/i/status/2062290000553595026,1,batch_0007.json
2060042233445855613,2063422177156780033,https://x.com/i/status/2063422177156780033,1,batch_0007.json
2060046835759153628,2059629264375332901,https://x.com/i/status/2059629264375332901,1,batch_0007.json
2060046835759153628,2059658265202483222,https://x.com/i/status/2059658265202483222,1,batch_0007.json
2060046835759153628,2059663473093521720,https://x.com/i/status/2059663473093521720,1,batch_0007.json
2060046835759153628,2059665227814453257,https://x.com/i/status/2059665227814453257,1,batch_0007.json
2060046835759153628,2059683300151812529,https://x.com/i/status/2059683300151812529,1,batch_0007.json
2060046835759153628,2059683446167941239,https://x.com/i/status/2059683446167941239,1,batch_0007.json
2060046835759153628,2059689336866746787,https://x.com/i/status/2059689336866746787,1,batch_0007.json
2060046835759153628,2059694422133272601,https://x.com/i/status/2059694422133272601,1,batch_0007.json
2060046835759153628,2059728750040773049,https://x.com/i/status/2059728750040773049,1,batch_0007.json
2060046835759153628,2059801777348788435,https://x.com/i/status/2059801777348788435,1,batch_0007.json
2060046835759153628,2059852405622145381,https://x.com/i/status/2059852405622145381,1,batch_0007.json
2060046835759153628,2059982922120073450,https://x.com/i/status/2059982922120073450,1,batch_0007.json
2060270376496546275,2056659621427994933,https://x.com/i/status/2056659621427994933,1,batch_0007.json
2060270376496546275,2056722141740167529,https://x.com/i/status/2056722141740167529,1,batch_0007.json
2060270376496546275,2056752507238690938,https://x.com/i/status/2056752507238690938,1,batch_0007.json
2060270376496546275,2057308860978020581,https://x.com/i/status/2057308860978020581,1,batch_0007.json
2060271536028741716,2056076344987914586,https://x.com/i/status/2056076344987914586,1,batch_0007.json
2060271536028741716,2056803716238356701,https://x.com/i/status/2056803716238356701,1,batch_0007.json
2060378960416981043,2060175157663084779,https://x.com/i/status/2060175157663084779,1,batch_0007.json
2060389735105724918,2060287139221258655,https://x.com/i/status/2060287139221258655,1,batch_0007.json
2060389735105724918,2060335917814989077,https://x.com/i/status/2060335917814989077,1,batch_0007.json
2060389735105724918,2060336999203066259,https://x.com/i/status/2060336999203066259,1,batch_0007.json
2060389735105724918,2060337563127152846,https://x.com/i/status/2060337563127152846,1,batch_0007.json
2060389735105724918,2060343673573802212,https://x.com/i/status/2060343673573802212,1,batch_0007.json
2060389735105724918,2060361479472156934,https://x.com/i/status/2060361479472156934,1,batch_0007.json
2060389735105724918,2060366269858087031,https://x.com/i/status/2060366269858087031,1,batch_0007.json
2060389735105724918,2060384460848156952,https://x.com/i/status/2060384460848156952,1,batch_0007.json
2060400205950836907,2060105687259042018,https://x.com/i/status/2060105687259042018,1,batch_0007.json
2060400205950836907,2060285626847461649,https://x.com/i/status/2060285626847461649,1,batch_0007.json
2060709994585116810,2060455047985586480,https://x.com/i/status/2060455047985586480,1,batch_0007.json
2060709994585116810,2060458594202464678,https://x.com/i/status/2060458594202464678,1,batch_0007.json
2060709994585116810,2060462347802554741,https://x.com/i/status/2060462347802554741,1,batch_0007.json
2060709994585116810,2060507182093758713,https://x.com/i/status/2060507182093758713,1,batch_0007.json
2060709994585116810,2060512623649493104,https://x.com/i/status/2060512623649493104,1,batch_0007.json
2060709994585116810,2060512696005431729,https://x.com/i/status/2060512696005431729,1,batch_0007.json
2060709994585116810,2060512711327244541,https://x.com/i/status/2060512711327244541,1,batch_0007.json
2060709994585116810,2060515439763939615,https://x.com/i/status/2060515439763939615,1,batch_0007.json
2060709994585116810,2060515605975871879,https://x.com/i/status/2060515605975871879,1,batch_0007.json
2060709994585116810,2060520046103785756,https://x.com/i/status/2060520046103785756,1,batch_0007.json
2060709994585116810,2060521065374249368,https://x.com/i/status/2060521065374249368,1,batch_0007.json
2060709994585116810,2060521729273872653,https://x.com/i/status/2060521729273872653,1,batch_0007.json
2060709994585116810,2060523281082441805,https://x.com/i/status/2060523281082441805,1,batch_0007.json
2060709994585116810,2060524447245693251,https://x.com/i/status/2060524447245693251,1,batch_0007.json
2060709994585116810,2060524584747553001,https://x.com/i/status/2060524584747553001,1,batch_0007.json
2060709994585116810,2060525546115653920,https://x.com/i/status/2060525546115653920,1,batch_0007.json
2060709994585116810,2060526356757201122,https://x.com/i/status/2060526356757201122,1,batch_0007.json
2060709994585116810,2060527029854839013,https://x.com/i/status/2060527029854839013,1,batch_0007.json
2060709994585116810,2060527143302426871,https://x.com/i/status/2060527143302426871,1,batch_0007.json
2060709994585116810,2060527947358834907,https://x.com/i/status/2060527947358834907,1,batch_0007.json
2060709994585116810,2060528606384632129,https://x.com/i/status/2060528606384632129,1,batch_0007.json
2060709994585116810,2060529110250651870,https://x.com/i/status/2060529110250651870,1,batch_0007.json
2060709994585116810,2060530515816362225,https://x.com/i/status/2060530515816362225,1,batch_0007.json
2060709994585116810,2060533435429482719,https://x.com/i/status/2060533435429482719,1,batch_0007.json
2060709994585116810,2060533915039785193,https://x.com/i/status/2060533915039785193,1,batch_0007.json
2060709994585116810,2060534380095742153,https://x.com/i/status/2060534380095742153,1,batch_0007.json
2060709994585116810,2060534876005138622,https://x.com/i/status/2060534876005138622,1,batch_0007.json
2060709994585116810,2060536530850963684,https://x.com/i/status/2060536530850963684,1,batch_0007.json
2060709994585116810,2060536667509817740,https://x.com/i/status/2060536667509817740,1,batch_0007.json
2060709994585116810,2060537349868560564,https://x.com/i/status/2060537349868560564,1,batch_0007.json
2060709994585116810,2060538502031262012,https://x.com/i/status/2060538502031262012,1,batch_0007.json
2060709994585116810,2060540439405482412,https://x.com/i/status/2060540439405482412,1,batch_0007.json
2060709994585116810,2060542268562444594,https://x.com/i/status/2060542268562444594,1,batch_0007.json
2060709994585116810,2060542405791612945,https://x.com/i/status/2060542405791612945,1,batch_0007.json
2060709994585116810,2060542456177848506,https://x.com/i/status/2060542456177848506,1,batch_0007.json
2060709994585116810,2060542588134752321,https://x.com/i/status/2060542588134752321,1,batch_0007.json
2060709994585116810,2060542961964728722,https://x.com/i/status/2060542961964728722,1,batch_0007.json
2060709994585116810,2060543110782779592,https://x.com/i/status/2060543110782779592,1,batch_0007.json
2060709994585116810,2060547731110645803,https://x.com/i/status/2060547731110645803,1,batch_0007.json
2060709994585116810,2060548010400948561,https://x.com/i/status/2060548010400948561,1,batch_0007.json
2060709994585116810,2060548719393558904,https://x.com/i/status/2060548719393558904,1,batch_0007.json
2060709994585116810,2060550199324344752,https://x.com/i/status/2060550199324344752,1,batch_0007.json
2060709994585116810,2060551315894202480,https://x.com/i/status/2060551315894202480,1,batch_0007.json
2060709994585116810,2060552284212269238,https://x.com/i/status/2060552284212269238,1,batch_0007.json
2060709994585116810,2060552833330516473,https://x.com/i/status/2060552833330516473,1,batch_0007.json
2060709994585116810,2060553029632303243,https://x.com/i/status/2060553029632303243,1,batch_0007.json
2060709994585116810,2060553425004163403,https://x.com/i/status/2060553425004163403,1,batch_0007.json
2060709994585116810,2060554383465586970,https://x.com/i/status/2060554383465586970,1,batch_0007.json
2060709994585116810,2060557563599462583,https://x.com/i/status/2060557563599462583,1,batch_0007.json
2060709994585116810,2060560047977939012,https://x.com/i/status/2060560047977939012,1,batch_0007.json
2060709994585116810,2060561314045378708,https://x.com/i/status/2060561314045378708,1,batch_0007.json
2060709994585116810,2060561825800831093,https://x.com/i/status/2060561825800831093,1,batch_0007.json
2060709994585116810,2060562084824219885,https://x.com/i/status/2060562084824219885,1,batch_0007.json
2060709994585116810,2060562351938498967,https://x.com/i/status/2060562351938498967,1,batch_0007.json
2060709994585116810,2060563717788492035,https://x.com/i/status/2060563717788492035,1,batch_0007.json
2060709994585116810,2060564593622036864,https://x.com/i/status/2060564593622036864,1,batch_0007.json
2060709994585116810,2060566347977838909,https://x.com/i/status/2060566347977838909,1,batch_0007.json
2060709994585116810,2060566722176839749,https://x.com/i/status/2060566722176839749,1,batch_0007.json
2060709994585116810,2060568948727284026,https://x.com/i/status/2060568948727284026,1,batch_0007.json
2060709994585116810,2060570613501108577,https://x.com/i/status/2060570613501108577,1,batch_0007.json
2060709994585116810,2060570745550295354,https://x.com/i/status/2060570745550295354,1,batch_0007.json
2060709994585116810,2060574152872862054,https://x.com/i/status/2060574152872862054,1,batch_0007.json
2060709994585116810,2060575270990385216,https://x.com/i/status/2060575270990385216,1,batch_0007.json
2060709994585116810,2060578809074553279,https://x.com/i/status/2060578809074553279,1,batch_0007.json
2060709994585116810,2060582612180082803,https://x.com/i/status/2060582612180082803,1,batch_0007.json
2060709994585116810,2060590459504779602,https://x.com/i/status/2060590459504779602,1,batch_0007.json
2060709994585116810,2060590963387457580,https://x.com/i/status/2060590963387457580,1,batch_0007.json
2060709994585116810,2060592523593031840,https://x.com/i/status/2060592523593031840,1,batch_0007.json
2060709994585116810,2060593668096950433,https://x.com/i/status/2060593668096950433,1,batch_0007.json
2060709994585116810,2060594755097022711,https://x.com/i/status/2060594755097022711,1,batch_0007.json
2060709994585116810,2060594803453087891,https://x.com/i/status/2060594803453087891,1,batch_0007.json
2060709994585116810,2060596529891574227,https://x.com/i/status/2060596529891574227,1,batch_0007.json
2060709994585116810,2060597736529961368,https://x.com/i/status/2060597736529961368,1,batch_0007.json
2060709994585116810,2060599318566859090,https://x.com/i/status/2060599318566859090,1,batch_0007.json
2060709994585116810,2060599887469728222,https://x.com/i/status/2060599887469728222,1,batch_0007.json
2060709994585116810,2060601593087631667,https://x.com/i/status/2060601593087631667,1,batch_0007.json
2060709994585116810,2060601829801550325,https://x.com/i/status/2060601829801550325,1,batch_0007.json
2060709994585116810,2060603742806753654,https://x.com/i/status/2060603742806753654,1,batch_0007.json
2060709994585116810,2060610813107339682,https://x.com/i/status/2060610813107339682,1,batch_0007.json
2060709994585116810,2060613302506438975,https://x.com/i/status/2060613302506438975,1,batch_0007.json
2060709994585116810,2060613653355725081,https://x.com/i/status/2060613653355725081,1,batch_0007.json
2060709994585116810,2060616782235177401,https://x.com/i/status/2060616782235177401,1,batch_0007.json
2060709994585116810,2060617331106046041,https://x.com/i/status/2060617331106046041,1,batch_0007.json
2060709994585116810,2060617627030966519,https://x.com/i/status/2060617627030966519,1,batch_0007.json
2060709994585116810,2060622960705024102,https://x.com/i/status/2060622960705024102,1,batch_0007.json
2060709994585116810,2060623347604480255,https://x.com/i/status/2060623347604480255,1,batch_0007.json
2060709994585116810,2060626652636361070,https://x.com/i/status/2060626652636361070,1,batch_0007.json
2060709994585116810,2060627791067160641,https://x.com/i/status/2060627791067160641,1,batch_0007.json
2060709994585116810,2060627801296814394,https://x.com/i/status/2060627801296814394,1,batch_0007.json
2060709994585116810,2060627945274724600,https://x.com/i/status/2060627945274724600,1,batch_0007.json
2060709994585116810,2060628396166578470,https://x.com/i/status/2060628396166578470,1,batch_0007.json
2060709994585116810,2060628707509739640,https://x.com/i/status/2060628707509739640,1,batch_0007.json
2060709994585116810,2060629137342038166,https://x.com/i/status/2060629137342038166,1,batch_0007.json
2060709994585116810,2060629746904424574,https://x.com/i/status/2060629746904424574,1,batch_0007.json
2060709994585116810,2060630017365746173,https://x.com/i/status/2060630017365746173,1,batch_0007.json
2060709994585116810,2060631544943743441,https://x.com/i/status/2060631544943743441,1,batch_0007.json
2060709994585116810,2060631905528111404,https://x.com/i/status/2060631905528111404,1,batch_0007.json
2060709994585116810,2060635234224214210,https://x.com/i/status/2060635234224214210,1,batch_0007.json
2060709994585116810,2060638919897530861,https://x.com/i/status/2060638919897530861,1,batch_0007.json
2060709994585116810,2060639354926539103,https://x.com/i/status/2060639354926539103,1,batch_0007.json
2060709994585116810,2060639752278171895,https://x.com/i/status/2060639752278171895,1,batch_0007.json
2060709994585116810,2060641966233186373,https://x.com/i/status/2060641966233186373,1,batch_0007.json
2060709994585116810,2060643939925782568,https://x.com/i/status/2060643939925782568,1,batch_0007.json
2060709994585116810,2060645682369704209,https://x.com/i/status/2060645682369704209,1,batch_0007.json
2060709994585116810,2060645758852894734,https://x.com/i/status/2060645758852894734,1,batch_0007.json
2060709994585116810,2060646519896760824,https://x.com/i/status/2060646519896760824,1,batch_0007.json
2060709994585116810,2060646603245916506,https://x.com/i/status/2060646603245916506,1,batch_0007.json
2060709994585116810,2060648038775828522,https://x.com/i/status/2060648038775828522,1,batch_0007.json
2060709994585116810,2060648655313322434,https://x.com/i/status/2060648655313322434,1,batch_0007.json
2060709994585116810,2060650502367379882,https://x.com/i/status/2060650502367379882,1,batch_0007.json
2060709994585116810,2060650761898295691,https://x.com/i/status/2060650761898295691,1,batch_0007.json
2060709994585116810,2060653802236023008,https://x.com/i/status/2060653802236023008,1,batch_0007.json
2060709994585116810,2060654863634084308,https://x.com/i/status/2060654863634084308,1,batch_0007.json
2060709994585116810,2060655078923534717,https://x.com/i/status/2060655078923534717,1,batch_0007.json
2060709994585116810,2060655266467610959,https://x.com/i/status/2060655266467610959,1,batch_0007.json
2060709994585116810,2060655971815276604,https://x.com/i/status/2060655971815276604,1,batch_0007.json
2060709994585116810,2060656138610184271,https://x.com/i/status/2060656138610184271,1,batch_0007.json
2060709994585116810,2060657333282238940,https://x.com/i/status/2060657333282238940,1,batch_0007.json
2060709994585116810,2060658077020442670,https://x.com/i/status/2060658077020442670,1,batch_0007.json
2060709994585116810,2060659353397481559,https://x.com/i/status/2060659353397481559,1,batch_0007.json
2060709994585116810,2060663541984546977,https://x.com/i/status/2060663541984546977,1,batch_0007.json
2060709994585116810,2060663624893386892,https://x.com/i/status/2060663624893386892,1,batch_0007.json
2060709994585116810,2060664011453071727,https://x.com/i/status/2060664011453071727,1,batch_0007.json
2060709994585116810,2060664804860170325,https://x.com/i/status/2060664804860170325,1,batch_0007.json
2060709994585116810,2060664883448799385,https://x.com/i/status/2060664883448799385,1,batch_0007.json
2060709994585116810,2060665602885161054,https://x.com/i/status/2060665602885161054,1,batch_0007.json
2060709994585116810,2060666971901899011,https://x.com/i/status/2060666971901899011,1,batch_0007.json
2060709994585116810,2060667577907466419,https://x.com/i/status/2060667577907466419,1,batch_0007.json
2060709994585116810,2060667595183800620,https://x.com/i/status/2060667595183800620,1,batch_0007.json
2060709994585116810,2060667631498088659,https://x.com/i/status/2060667631498088659,1,batch_0007.json
2060709994585116810,2060668353694363927,https://x.com/i/status/2060668353694363927,1,batch_0007.json
2060709994585116810,2060668498573926909,https://x.com/i/status/2060668498573926909,1,batch_0007.json
2060709994585116810,2060668640534372551,https://x.com/i/status/2060668640534372551,1,batch_0007.json
2060709994585116810,2060669080978305175,https://x.com/i/status/2060669080978305175,1,batch_0007.json
2060709994585116810,2060669741753065553,https://x.com/i/status/2060669741753065553,1,batch_0007.json
2060709994585116810,2060670808129703995,https://x.com/i/status/2060670808129703995,1,batch_0007.json
2060709994585116810,2060671008021836287,https://x.com/i/status/2060671008021836287,1,batch_0007.json
2060709994585116810,2060671317913849943,https://x.com/i/status/2060671317913849943,1,batch_0007.json
2060709994585116810,2060671814951419918,https://x.com/i/status/2060671814951419918,1,batch_0007.json
2060709994585116810,2060671980777435340,https://x.com/i/status/2060671980777435340,1,batch_0007.json
2060709994585116810,2060673194617340228,https://x.com/i/status/2060673194617340228,1,batch_0007.json
2060709994585116810,2060674528263782622,https://x.com/i/status/2060674528263782622,1,batch_0007.json
2060709994585116810,2060674605140881774,https://x.com/i/status/2060674605140881774,1,batch_0007.json
2060709994585116810,2060675214950764784,https://x.com/i/status/2060675214950764784,1,batch_0007.json
2060709994585116810,2060675362653155689,https://x.com/i/status/2060675362653155689,1,batch_0007.json
2060709994585116810,2060675568375328792,https://x.com/i/status/2060675568375328792,1,batch_0007.json
2060709994585116810,2060676001428865362,https://x.com/i/status/2060676001428865362,1,batch_0007.json
2060709994585116810,2060676291691438314,https://x.com/i/status/2060676291691438314,1,batch_0007.json
2060709994585116810,2060676744495915466,https://x.com/i/status/2060676744495915466,1,batch_0007.json
2060709994585116810,2060677888022577520,https://x.com/i/status/2060677888022577520,1,batch_0007.json
2060709994585116810,2060678740644892985,https://x.com/i/status/2060678740644892985,1,batch_0007.json
2060709994585116810,2060679272432333225,https://x.com/i/status/2060679272432333225,1,batch_0007.json
2060709994585116810,2060679394348159327,https://x.com/i/status/2060679394348159327,1,batch_0007.json
2060709994585116810,2060679916329353450,https://x.com/i/status/2060679916329353450,1,batch_0007.json
2060709994585116810,2060680226732941329,https://x.com/i/status/2060680226732941329,1,batch_0007.json
2060709994585116810,2060680484338708544,https://x.com/i/status/2060680484338708544,1,batch_0007.json
2060709994585116810,2060680575850037436,https://x.com/i/status/2060680575850037436,1,batch_0007.json
2060709994585116810,2060680621144322482,https://x.com/i/status/2060680621144322482,1,batch_0007.json
2060709994585116810,2060681125975003218,https://x.com/i/status/2060681125975003218,1,batch_0007.json
2060709994585116810,2060681521959231674,https://x.com/i/status/2060681521959231674,1,batch_0007.json
2060709994585116810,2060681923312144473,https://x.com/i/status/2060681923312144473,1,batch_0007.json
2060709994585116810,2060682269426102485,https://x.com/i/status/2060682269426102485,1,batch_0007.json
2060709994585116810,2060682497885704328,https://x.com/i/status/2060682497885704328,1,batch_0007.json
2060709994585116810,2060682640127123603,https://x.com/i/status/2060682640127123603,1,batch_0007.json
2060709994585116810,2060682688206413977,https://x.com/i/status/2060682688206413977,1,batch_0007.json
2060709994585116810,2060686944019853695,https://x.com/i/status/2060686944019853695,1,batch_0007.json
2060709994585116810,2060686997841162300,https://x.com/i/status/2060686997841162300,1,batch_0007.json
2060709994585116810,2060687106121380008,https://x.com/i/status/2060687106121380008,1,batch_0007.json
2060709994585116810,2060687915810742501,https://x.com/i/status/2060687915810742501,1,batch_0007.json
2060709994585116810,2060688158040195209,https://x.com/i/status/2060688158040195209,1,batch_0007.json
2060709994585116810,2060688222213058569,https://x.com/i/status/2060688222213058569,1,batch_0007.json
2060709994585116810,2060688562203316485,https://x.com/i/status/2060688562203316485,1,batch_0007.json
2060709994585116810,2060689448321314989,https://x.com/i/status/2060689448321314989,1,batch_0007.json
2060709994585116810,2060690291200258110,https://x.com/i/status/2060690291200258110,1,batch_0007.json
2060709994585116810,2060690409009959013,https://x.com/i/status/2060690409009959013,1,batch_0007.json
2060709994585116810,2060690458200732148,https://x.com/i/status/2060690458200732148,1,batch_0007.json
2060709994585116810,2060690673276228087,https://x.com/i/status/2060690673276228087,1,batch_0007.json
2060709994585116810,2060691103750221958,https://x.com/i/status/2060691103750221958,1,batch_0007.json
2060709994585116810,2060691224260903116,https://x.com/i/status/2060691224260903116,1,batch_0007.json
2060709994585116810,2060691886231388388,https://x.com/i/status/2060691886231388388,1,batch_0007.json
2060709994585116810,2060693279373406257,https://x.com/i/status/2060693279373406257,1,batch_0007.json
2060709994585116810,2060694161204863412,https://x.com/i/status/2060694161204863412,1,batch_0007.json
2060709994585116810,2060694189889736895,https://x.com/i/status/2060694189889736895,1,batch_0007.json
2060709994585116810,2060694768053547405,https://x.com/i/status/2060694768053547405,1,batch_0007.json
2060709994585116810,2060694833010778427,https://x.com/i/status/2060694833010778427,1,batch_0007.json
2060709994585116810,2060694851021156730,https://x.com/i/status/2060694851021156730,1,batch_0007.json
2060709994585116810,2060696305718948176,https://x.com/i/status/2060696305718948176,1,batch_0007.json
2060709994585116810,2060696410509525192,https://x.com/i/status/2060696410509525192,1,batch_0007.json
2060709994585116810,2060696661244948636,https://x.com/i/status/2060696661244948636,1,batch_0007.json
2060709994585116810,2060697114653393224,https://x.com/i/status/2060697114653393224,1,batch_0007.json
2060709994585116810,2060697126703693844,https://x.com/i/status/2060697126703693844,1,batch_0007.json
2060709994585116810,2060697956743831789,https://x.com/i/status/2060697956743831789,1,batch_0007.json
2060709994585116810,2060698095478784196,https://x.com/i/status/2060698095478784196,1,batch_0007.json
2060709994585116810,2060698518663131359,https://x.com/i/status/2060698518663131359,1,batch_0007.json
2060709994585116810,2060698554755080287,https://x.com/i/status/2060698554755080287,1,batch_0007.json
2060709994585116810,2060700104655266232,https://x.com/i/status/2060700104655266232,1,batch_0007.json
2060709994585116810,2060700139056988495,https://x.com/i/status/2060700139056988495,1,batch_0007.json
2060709994585116810,2060700396486562225,https://x.com/i/status/2060700396486562225,1,batch_0007.json
2060709994585116810,2060700407337279697,https://x.com/i/status/2060700407337279697,1,batch_0007.json
2060709994585116810,2060700679589482608,https://x.com/i/status/2060700679589482608,1,batch_0007.json
2060709994585116810,2060701499877904486,https://x.com/i/status/2060701499877904486,1,batch_0007.json
2060709994585116810,2060701839343939764,https://x.com/i/status/2060701839343939764,1,batch_0007.json
2060709994585116810,2060701895975485896,https://x.com/i/status/2060701895975485896,1,batch_0007.json
2060709994585116810,2060703801481343046,https://x.com/i/status/2060703801481343046,1,batch_0007.json
2060709994585116810,2060703823849492942,https://x.com/i/status/2060703823849492942,1,batch_0007.json
2060709994585116810,2060704192474263697,https://x.com/i/status/2060704192474263697,1,batch_0007.json
2060709994585116810,2060704710701564121,https://x.com/i/status/2060704710701564121,1,batch_0007.json
2060709994585116810,2060705429273866259,https://x.com/i/status/2060705429273866259,1,batch_0007.json
2060709994585116810,2060706235112972335,https://x.com/i/status/2060706235112972335,1,batch_0007.json
2060709994585116810,2060706364431700139,https://x.com/i/status/2060706364431700139,1,batch_0007.json
2060709994585116810,2060707438978879935,https://x.com/i/status/2060707438978879935,1,batch_0007.json
2060709994585116810,2060707647142191301,https://x.com/i/status/2060707647142191301,1,batch_0007.json
2060709994585116810,2060708064903200881,https://x.com/i/status/2060708064903200881,1,batch_0007.json
2060709994585116810,2060708965151842571,https://x.com/i/status/2060708965151842571,1,batch_0007.json
2060709994585116810,2060709050149491101,https://x.com/i/status/2060709050149491101,1,batch_0007.json
2060709994585116810,2060710316149719425,https://x.com/i/status/2060710316149719425,1,batch_0007.json
2060709994585116810,2060711307846770689,https://x.com/i/status/2060711307846770689,1,batch_0007.json
2060709994585116810,2060711676802924888,https://x.com/i/status/2060711676802924888,1,batch_0007.json
2060709994585116810,2060711839554572783,https://x.com/i/status/2060711839554572783,1,batch_0007.json
2060709994585116810,2060712796812148772,https://x.com/i/status/2060712796812148772,1,batch_0007.json
2060709994585116810,2060713131358253479,https://x.com/i/status/2060713131358253479,1,batch_0007.json
2060709994585116810,2060714726431035528,https://x.com/i/status/2060714726431035528,1,batch_0007.json
2060709994585116810,2060715045139480945,https://x.com/i/status/2060715045139480945,1,batch_0007.json
2060709994585116810,2060715066874368373,https://x.com/i/status/2060715066874368373,1,batch_0007.json
2060709994585116810,2060715284583907480,https://x.com/i/status/2060715284583907480,1,batch_0007.json
2060709994585116810,2060715330763161909,https://x.com/i/status/2060715330763161909,1,batch_0007.json
2060709994585116810,2060716241463943593,https://x.com/i/status/2060716241463943593,1,batch_0007.json
2060709994585116810,2060716369985802478,https://x.com/i/status/2060716369985802478,1,batch_0007.json
2060709994585116810,2060717014272925761,https://x.com/i/status/2060717014272925761,1,batch_0007.json
2060709994585116810,2060717499163779354,https://x.com/i/status/2060717499163779354,1,batch_0007.json
2060709994585116810,2060718377195143298,https://x.com/i/status/2060718377195143298,1,batch_0007.json
2060709994585116810,2060720564650578026,https://x.com/i/status/2060720564650578026,1,batch_0007.json
2060709994585116810,2060721017341853871,https://x.com/i/status/2060721017341853871,1,batch_0007.json
2060709994585116810,2060721236758380787,https://x.com/i/status/2060721236758380787,1,batch_0007.json
2060709994585116810,2060722527794598097,https://x.com/i/status/2060722527794598097,1,batch_0007.json
2060709994585116810,2060725813394506150,https://x.com/i/status/2060725813394506150,1,batch_0007.json
2060709994585116810,2060726674551894190,https://x.com/i/status/2060726674551894190,1,batch_0007.json
2060709994585116810,2060732113154924716,https://x.com/i/status/2060732113154924716,1,batch_0007.json
2060709994585116810,2060733613310607566,https://x.com/i/status/2060733613310607566,1,batch_0007.json
2060709994585116810,2060734944507281734,https://x.com/i/status/2060734944507281734,1,batch_0007.json
2060709994585116810,2060738394766942274,https://x.com/i/status/2060738394766942274,1,batch_0007.json
2060709994585116810,2060749769920680291,https://x.com/i/status/2060749769920680291,1,batch_0007.json
2060709994585116810,2060757623406727325,https://x.com/i/status/2060757623406727325,1,batch_0007.json
2060709994585116810,2060760464200446330,https://x.com/i/status/2060760464200446330,1,batch_0007.json
2060709994585116810,2060761518128398709,https://x.com/i/status/2060761518128398709,1,batch_0007.json
2060709994585116810,2060763772248052035,https://x.com/i/status/2060763772248052035,1,batch_0007.json
2060709994585116810,2060763834701283572,https://x.com/i/status/2060763834701283572,1,batch_0007.json
2060709994585116810,2060764099366052268,https://x.com/i/status/2060764099366052268,1,batch_0007.json
2060709994585116810,2060764296343154956,https://x.com/i/status/2060764296343154956,1,batch_0007.json
2060709994585116810,2060780775163772987,https://x.com/i/status/2060780775163772987,1,batch_0007.json
2060709994585116810,2060782236215984142,https://x.com/i/status/2060782236215984142,1,batch_0007.json
2060709994585116810,2060786207588561301,https://x.com/i/status/2060786207588561301,1,batch_0007.json
2060709994585116810,2060791201599476071,https://x.com/i/status/2060791201599476071,1,batch_0007.json
2060709994585116810,2060794554798784889,https://x.com/i/status/2060794554798784889,1,batch_0007.json
2060709994585116810,2060796477618729374,https://x.com/i/status/2060796477618729374,1,batch_0007.json
2060709994585116810,2060803042023276902,https://x.com/i/status/2060803042023276902,1,batch_0007.json
2060709994585116810,2060803835590025601,https://x.com/i/status/2060803835590025601,1,batch_0007.json
2060709994585116810,2060806663897014592,https://x.com/i/status/2060806663897014592,1,batch_0007.json
2060709994585116810,2060809416153428168,https://x.com/i/status/2060809416153428168,1,batch_0007.json
2060709994585116810,2060812082862235913,https://x.com/i/status/2060812082862235913,1,batch_0007.json
2060709994585116810,2060812123769339940,https://x.com/i/status/2060812123769339940,1,batch_0007.json
2060709994585116810,2060825388582887592,https://x.com/i/status/2060825388582887592,1,batch_0007.json
2060709994585116810,2060834449710096465,https://x.com/i/status/2060834449710096465,1,batch_0007.json
2060709994585116810,2060841285276107074,https://x.com/i/status/2060841285276107074,1,batch_0007.json
2060709994585116810,2060854307323564209,https://x.com/i/status/2060854307323564209,1,batch_0007.json
2060709994585116810,2060856226804904310,https://x.com/i/status/2060856226804904310,1,batch_0007.json
2060709994585116810,2060872841537749351,https://x.com/i/status/2060872841537749351,1,batch_0007.json
2060709994585116810,2060888999653187803,https://x.com/i/status/2060888999653187803,1,batch_0007.json
2060709994585116810,2060911064405910010,https://x.com/i/status/2060911064405910010,1,batch_0007.json
2060709994585116810,2060961601981714765,https://x.com/i/status/2060961601981714765,1,batch_0007.json
2060709994585116810,2060984897607491648,https://x.com/i/status/2060984897607491648,1,batch_0007.json
2060709994585116810,2061027373563232568,https://x.com/i/status/2061027373563232568,1,batch_0007.json
2060709994585116810,2061040060405895230,https://x.com/i/status/2061040060405895230,1,batch_0007.json
2060709994585116810,2061062328313909473,https://x.com/i/status/2061062328313909473,1,batch_0007.json
2060709994585116810,2061065082109296833,https://x.com/i/status/2061065082109296833,1,batch_0007.json
2060709994585116810,2061068764318200289,https://x.com/i/status/2061068764318200289,1,batch_0007.json
2060709994585116810,2061071142752751812,https://x.com/i/status/2061071142752751812,1,batch_0007.json
2060709994585116810,2061071843474194518,https://x.com/i/status/2061071843474194518,1,batch_0007.json
2060709994585116810,2061074584472830145,https://x.com/i/status/2061074584472830145,1,batch_0007.json
2060709994585116810,2061080125974659247,https://x.com/i/status/2061080125974659247,1,batch_0007.json
2060709994585116810,2061083522153021743,https://x.com/i/status/2061083522153021743,1,batch_0007.json
2060709994585116810,2061088586770919766,https://x.com/i/status/2061088586770919766,1,batch_0007.json
2060709994585116810,2061088985049399375,https://x.com/i/status/2061088985049399375,1,batch_0007.json
2060709994585116810,2061131124236050793,https://x.com/i/status/2061131124236050793,1,batch_0007.json
2060709994585116810,2061138348488507442,https://x.com/i/status/2061138348488507442,1,batch_0007.json
2060709994585116810,2061140173736366084,https://x.com/i/status/2061140173736366084,1,batch_0007.json
2060709994585116810,2061140608589128061,https://x.com/i/status/2061140608589128061,1,batch_0007.json
2060709994585116810,2061150039754322270,https://x.com/i/status/2061150039754322270,1,batch_0007.json
2060709994585116810,2061151117887615160,https://x.com/i/status/2061151117887615160,1,batch_0007.json
2060709994585116810,2061155328645849372,https://x.com/i/status/2061155328645849372,1,batch_0007.json
2060709994585116810,2061160265555517694,https://x.com/i/status/2061160265555517694,1,batch_0007.json
2060709994585116810,2061181168758722630,https://x.com/i/status/2061181168758722630,1,batch_0007.json
2060709994585116810,2061188545222500670,https://x.com/i/status/2061188545222500670,1,batch_0007.json
2060709994585116810,2061194842613469604,https://x.com/i/status/2061194842613469604,1,batch_0007.json
2060709994585116810,2061209037027324132,https://x.com/i/status/2061209037027324132,1,batch_0007.json
2060709994585116810,2061219652450082818,https://x.com/i/status/2061219652450082818,1,batch_0007.json
2060709994585116810,2061240858658140202,https://x.com/i/status/2061240858658140202,1,batch_0007.json
2060709994585116810,2061274303748841837,https://x.com/i/status/2061274303748841837,1,batch_0007.json
2060709994585116810,2061396417059450983,https://x.com/i/status/2061396417059450983,1,batch_0007.json
2060709994585116810,2061413857508073952,https://x.com/i/status/2061413857508073952,1,batch_0007.json
2060709994585116810,2061413931915059335,https://x.com/i/status/2061413931915059335,1,batch_0007.json
2060709994585116810,2061445660897837151,https://x.com/i/status/2061445660897837151,1,batch_0007.json
2060709994585116810,2061455430316863601,https://x.com/i/status/2061455430316863601,1,batch_0007.json
2060709994585116810,2061514252519702537,https://x.com/i/status/2061514252519702537,1,batch_0007.json
2060709994585116810,2061515124481929234,https://x.com/i/status/2061515124481929234,1,batch_0007.json
2060709994585116810,2061528427308740892,https://x.com/i/status/2061528427308740892,1,batch_0007.json
2060709994585116810,2061537930242408552,https://x.com/i/status/2061537930242408552,1,batch_0007.json
2060709994585116810,2061538390319743288,https://x.com/i/status/2061538390319743288,1,batch_0007.json
2060709994585116810,2061559903940968809,https://x.com/i/status/2061559903940968809,1,batch_0007.json
2060709994585116810,2061666233825579302,https://x.com/i/status/2061666233825579302,1,batch_0007.json
2060709994585116810,2061902011021381888,https://x.com/i/status/2061902011021381888,1,batch_0007.json
2060709994585116810,2061975323084820611,https://x.com/i/status/2061975323084820611,1,batch_0007.json
2060709994585116810,2062161054939988301,https://x.com/i/status/2062161054939988301,1,batch_0007.json
2060709994585116810,2062219815192813843,https://x.com/i/status/2062219815192813843,1,batch_0007.json
2060709994585116810,2063937410720018503,https://x.com/i/status/2063937410720018503,1,batch_0007.json
2060709994585116810,2064252070442750272,https://x.com/i/status/2064252070442750272,1,batch_0007.json
2060709994585116810,2064272388783538565,https://x.com/i/status/2064272388783538565,1,batch_0007.json
2060828276990333101,2060546339553861707,https://x.com/i/status/2060546339553861707,1,batch_0007.json
2060828276990333101,2060663180263649582,https://x.com/i/status/2060663180263649582,1,batch_0007.json
2060828276990333101,2060666135519867125,https://x.com/i/status/2060666135519867125,1,batch_0007.json
2060828276990333101,2060689924295188484,https://x.com/i/status/2060689924295188484,1,batch_0007.json
2060828276990333101,2060696598347403475,https://x.com/i/status/2060696598347403475,1,batch_0007.json
2060828276990333101,2060698133013647480,https://x.com/i/status/2060698133013647480,1,batch_0007.json
2060828276990333101,2060703075011084377,https://x.com/i/status/2060703075011084377,1,batch_0007.json
2060828276990333101,2060707675889938931,https://x.com/i/status/2060707675889938931,1,batch_0007.json
2060828276990333101,2060710520210985392,https://x.com/i/status/2060710520210985392,1,batch_0007.json
2060828276990333101,2060714919364841627,https://x.com/i/status/2060714919364841627,1,batch_0007.json
2060828276990333101,2060717119235408023,https://x.com/i/status/2060717119235408023,1,batch_0007.json
2060828276990333101,2060719427952263389,https://x.com/i/status/2060719427952263389,1,batch_0007.json
2060828276990333101,2060727896604373383,https://x.com/i/status/2060727896604373383,1,batch_0007.json
2060828276990333101,2060730437492678834,https://x.com/i/status/2060730437492678834,1,batch_0007.json
2060828276990333101,2060744794423378188,https://x.com/i/status/2060744794423378188,1,batch_0007.json
2060828276990333101,2060745398109532548,https://x.com/i/status/2060745398109532548,1,batch_0007.json
2060828276990333101,2060759475460464909,https://x.com/i/status/2060759475460464909,1,batch_0007.json
2060828276990333101,2060768078728757427,https://x.com/i/status/2060768078728757427,1,batch_0007.json
2060828276990333101,2060771081779069263,https://x.com/i/status/2060771081779069263,1,batch_0007.json
2060828276990333101,2060772972676202758,https://x.com/i/status/2060772972676202758,1,batch_0007.json
2060828276990333101,2060773141232894445,https://x.com/i/status/2060773141232894445,1,batch_0007.json
2060828276990333101,2060773399874371647,https://x.com/i/status/2060773399874371647,1,batch_0007.json
2060828276990333101,2060784768069845193,https://x.com/i/status/2060784768069845193,1,batch_0007.json
2060828276990333101,2060787749913805051,https://x.com/i/status/2060787749913805051,1,batch_0007.json
2060828276990333101,2060811792658337813,https://x.com/i/status/2060811792658337813,1,batch_0007.json
2060828276990333101,2060816148032061671,https://x.com/i/status/2060816148032061671,1,batch_0007.json
2060828276990333101,2060825517989732657,https://x.com/i/status/2060825517989732657,1,batch_0007.json
2060828276990333101,2060882792322334799,https://x.com/i/status/2060882792322334799,1,batch_0007.json
2060830002447339710,2056344517893329126,https://x.com/i/status/2056344517893329126,1,batch_0007.json
2060830002447339710,2058243979943239738,https://x.com/i/status/2058243979943239738,1,batch_0007.json
2061077695782383765,2060212199910465561,https://x.com/i/status/2060212199910465561,1,batch_0007.json
2061077695782383765,2060229562567446838,https://x.com/i/status/2060229562567446838,1,batch_0007.json
2061077695782383765,2060234339296624809,https://x.com/i/status/2060234339296624809,1,batch_0007.json
2061077695782383765,2060238553049677902,https://x.com/i/status/2060238553049677902,1,batch_0007.json
2061077695782383765,2060243155891405140,https://x.com/i/status/2060243155891405140,1,batch_0007.json
2061077695782383765,2060247069491663314,https://x.com/i/status/2060247069491663314,1,batch_0007.json
2061077695782383765,2060254107252777314,https://x.com/i/status/2060254107252777314,1,batch_0007.json
2061077695782383765,2060267922631585955,https://x.com/i/status/2060267922631585955,1,batch_0007.json
2061077695782383765,2060289994829279286,https://x.com/i/status/2060289994829279286,1,batch_0007.json
2061077695782383765,2060306095172698232,https://x.com/i/status/2060306095172698232,1,batch_0007.json
2061077695782383765,2060307122160869468,https://x.com/i/status/2060307122160869468,1,batch_0007.json
2061077695782383765,2060310625562017976,https://x.com/i/status/2060310625562017976,1,batch_0007.json
2061077695782383765,2060314240532050049,https://x.com/i/status/2060314240532050049,1,batch_0007.json
2061077695782383765,2060320424140165329,https://x.com/i/status/2060320424140165329,1,batch_0007.json
2061077695782383765,2060325759877624220,https://x.com/i/status/2060325759877624220,1,batch_0007.json
2061077695782383765,2060328862882337255,https://x.com/i/status/2060328862882337255,1,batch_0007.json
2061077695782383765,2060350292827234817,https://x.com/i/status/2060350292827234817,1,batch_0007.json
2061077695782383765,2060356636909445158,https://x.com/i/status/2060356636909445158,1,batch_0007.json
2061077695782383765,2060387204413763598,https://x.com/i/status/2060387204413763598,1,batch_0007.json
2061077695782383765,2060408985426026836,https://x.com/i/status/2060408985426026836,1,batch_0007.json
2061077695782383765,2060419460716994561,https://x.com/i/status/2060419460716994561,1,batch_0007.json
2061077695782383765,2060464785032921430,https://x.com/i/status/2060464785032921430,1,batch_0007.json
2061077695782383765,2060538317116993889,https://x.com/i/status/2060538317116993889,1,batch_0007.json
2061077695782383765,2060543098522923053,https://x.com/i/status/2060543098522923053,1,batch_0007.json
2061077695782383765,2060610937778737449,https://x.com/i/status/2060610937778737449,1,batch_0007.json
2061077695782383765,2060673378063675900,https://x.com/i/status/2060673378063675900,1,batch_0007.json
2061077695782383765,2060828046874001894,https://x.com/i/status/2060828046874001894,1,batch_0007.json
2061077695782383765,2061100512519266341,https://x.com/i/status/2061100512519266341,1,batch_0007.json
2061148336896311495,2060751553636745264,https://x.com/i/status/2060751553636745264,1,batch_0007.json
2061148336896311495,2060857138105237613,https://x.com/i/status/2060857138105237613,1,batch_0007.json
2061148336896311495,2060859430728593708,https://x.com/i/status/2060859430728593708,1,batch_0007.json
2061148336896311495,2060860849749672278,https://x.com/i/status/2060860849749672278,1,batch_0007.json
2061148336896311495,2060870119438405737,https://x.com/i/status/2060870119438405737,1,batch_0007.json
2061148336896311495,2060902633045459078,https://x.com/i/status/2060902633045459078,1,batch_0007.json
2061148336896311495,2060922614642856168,https://x.com/i/status/2060922614642856168,1,batch_0007.json
2061148336896311495,2060957123660358086,https://x.com/i/status/2060957123660358086,1,batch_0007.json
2061148336896311495,2060961305461190685,https://x.com/i/status/2060961305461190685,1,batch_0007.json
2061148336896311495,2060962716114882990,https://x.com/i/status/2060962716114882990,1,batch_0007.json
2061148336896311495,2060982432309141513,https://x.com/i/status/2060982432309141513,1,batch_0007.json
2061148336896311495,2061028354078159228,https://x.com/i/status/2061028354078159228,1,batch_0007.json
2061148336896311495,2061033694727405852,https://x.com/i/status/2061033694727405852,1,batch_0007.json
2061148336896311495,2061049102306078874,https://x.com/i/status/2061049102306078874,1,batch_0007.json
2061148336896311495,2061053644011606069,https://x.com/i/status/2061053644011606069,1,batch_0007.json
2061148336896311495,2061064379139801561,https://x.com/i/status/2061064379139801561,1,batch_0007.json
2061148336896311495,2061083862210372059,https://x.com/i/status/2061083862210372059,1,batch_0007.json
2061148336896311495,2061094949584572519,https://x.com/i/status/2061094949584572519,1,batch_0007.json
2061148336896311495,2061100911607292236,https://x.com/i/status/2061100911607292236,1,batch_0007.json
2061148336896311495,2061119548175098281,https://x.com/i/status/2061119548175098281,1,batch_0007.json
2061169183229190464,2061095336215552500,https://x.com/i/status/2061095336215552500,1,batch_0007.json
2061169183229190464,2061111186813260034,https://x.com/i/status/2061111186813260034,1,batch_0007.json
2061169183229190464,2061117080536072259,https://x.com/i/status/2061117080536072259,1,batch_0007.json
2061169183229190464,2061141765457940921,https://x.com/i/status/2061141765457940921,1,batch_0007.json
2061209456692613429,2061247114865488368,https://x.com/i/status/2061247114865488368,1,batch_0007.json
2061216640587452827,2061207036122054739,https://x.com/i/status/2061207036122054739,1,batch_0007.json
2061216640587452827,2061207404209967433,https://x.com/i/status/2061207404209967433,1,batch_0007.json
2061216640587452827,2063777808422228223,https://x.com/i/status/2063777808422228223,1,batch_0007.json
2061217292906528818,2061072024080953444,https://x.com/i/status/2061072024080953444,1,batch_0002 (1).json
2061217292906528818,2061103602932875593,https://x.com/i/status/2061103602932875593,1,batch_0002 (1).json
2061217292906528818,2061120925433819551,https://x.com/i/status/2061120925433819551,1,batch_0002 (1).json
2061217292906528818,2061124230356345065,https://x.com/i/status/2061124230356345065,1,batch_0002 (1).json
2061217292906528818,2061148582145626210,https://x.com/i/status/2061148582145626210,1,batch_0002 (1).json
2061217292906528818,2061157033102151831,https://x.com/i/status/2061157033102151831,1,batch_0002 (1).json
2061217292906528818,2061164564763582808,https://x.com/i/status/2061164564763582808,1,batch_0002 (1).json
2061217292906528818,2061180753300410633,https://x.com/i/status/2061180753300410633,1,batch_0002 (1).json
2061217292906528818,2061189670097105117,https://x.com/i/status/2061189670097105117,1,batch_0002 (1).json
2061217292906528818,2061216117167894577,https://x.com/i/status/2061216117167894577,1,batch_0002 (1).json
2061217292906528818,2061217881984291307,https://x.com/i/status/2061217881984291307,1,batch_0002 (1).json
2061217292906528818,2061218196406091846,https://x.com/i/status/2061218196406091846,1,batch_0002 (1).json
2061217292906528818,2061220525389627543,https://x.com/i/status/2061220525389627543,1,batch_0002 (1).json
2061217292906528818,2061220555043361197,https://x.com/i/status/2061220555043361197,1,batch_0002 (1).json
2061217292906528818,2061223255273271509,https://x.com/i/status/2061223255273271509,1,batch_0002 (1).json
2061217292906528818,2061224535467110505,https://x.com/i/status/2061224535467110505,1,batch_0002 (1).json
2061217292906528818,2061227889404620993,https://x.com/i/status/2061227889404620993,1,batch_0002 (1).json
2061217292906528818,2061232912624951515,https://x.com/i/status/2061232912624951515,1,batch_0002 (1).json
2061217292906528818,2061233913586983365,https://x.com/i/status/2061233913586983365,1,batch_0002 (1).json
2061217292906528818,2061234326130635190,https://x.com/i/status/2061234326130635190,1,batch_0002 (1).json
2061217292906528818,2061240481791582638,https://x.com/i/status/2061240481791582638,1,batch_0002 (1).json
2061217292906528818,2061260816834285842,https://x.com/i/status/2061260816834285842,1,batch_0002 (1).json
2061217292906528818,2061265938591174883,https://x.com/i/status/2061265938591174883,1,batch_0002 (1).json
2061217292906528818,2061267367150157847,https://x.com/i/status/2061267367150157847,1,batch_0002 (1).json
2061217292906528818,2061275191792029947,https://x.com/i/status/2061275191792029947,1,batch_0002 (1).json
2061217292906528818,2061279648667812089,https://x.com/i/status/2061279648667812089,1,batch_0002 (1).json
2061217292906528818,2061289653236617615,https://x.com/i/status/2061289653236617615,1,batch_0002 (1).json
2061217292906528818,2061308996397449668,https://x.com/i/status/2061308996397449668,1,batch_0002 (1).json
2061217292906528818,2061357731978629131,https://x.com/i/status/2061357731978629131,1,batch_0002 (1).json
2061217292906528818,2061362986405523607,https://x.com/i/status/2061362986405523607,1,batch_0002 (1).json
2061217292906528818,2061409059765387329,https://x.com/i/status/2061409059765387329,1,batch_0002 (1).json
2061217292906528818,2061417489385304571,https://x.com/i/status/2061417489385304571,1,batch_0002 (1).json
2061217292906528818,2061427505240699086,https://x.com/i/status/2061427505240699086,1,batch_0002 (1).json
2061217292906528818,2061453525096480972,https://x.com/i/status/2061453525096480972,1,batch_0002 (1).json
2061217292906528818,2061466137561649646,https://x.com/i/status/2061466137561649646,1,batch_0002 (1).json
2061217292906528818,2061481563942944815,https://x.com/i/status/2061481563942944815,1,batch_0002 (1).json
2061217292906528818,2061542825204789504,https://x.com/i/status/2061542825204789504,1,batch_0002 (1).json
2061217292906528818,2061606089053929668,https://x.com/i/status/2061606089053929668,1,batch_0002 (1).json
2061217292906528818,2062221933278556656,https://x.com/i/status/2062221933278556656,1,batch_0002 (1).json
2061217292906528818,2062540642228830489,https://x.com/i/status/2062540642228830489,1,batch_0002 (1).json
2061217292906528818,2062557152833860017,https://x.com/i/status/2062557152833860017,1,batch_0002 (1).json
2061217292906528818,2062696093209571467,https://x.com/i/status/2062696093209571467,1,batch_0002 (1).json
2061217292906528818,2062777352610857092,https://x.com/i/status/2062777352610857092,1,batch_0002 (1).json
2061217292906528818,2065156001163063340,https://x.com/i/status/2065156001163063340,1,batch_0002 (1).json
2061217292906528818,2065514518466224304,https://x.com/i/status/2065514518466224304,1,batch_0002 (1).json
2061217292906528818,2065576660368244760,https://x.com/i/status/2065576660368244760,1,batch_0002 (1).json
2061217292906528818,2065954459432128802,https://x.com/i/status/2065954459432128802,1,batch_0002 (1).json
2061217292906528818,2066212962130391489,https://x.com/i/status/2066212962130391489,1,batch_0002 (1).json
2061217292906528818,2066213072256041432,https://x.com/i/status/2066213072256041432,1,batch_0002 (1).json
2061243914191860163,2054170338246758588,https://x.com/i/status/2054170338246758588,1,batch_0007.json
2061243914191860163,2057168329584828749,https://x.com/i/status/2057168329584828749,1,batch_0007.json
2061243914191860163,2057932773659206057,https://x.com/i/status/2057932773659206057,1,batch_0007.json
2061243914191860163,2058964690274062413,https://x.com/i/status/2058964690274062413,1,batch_0007.json
2061243914191860163,2058964756812157002,https://x.com/i/status/2058964756812157002,1,batch_0007.json
2061429925798703354,2061105921527292394,https://x.com/i/status/2061105921527292394,1,batch_0007.json
2061433249541341404,2061192886025167032,https://x.com/i/status/2061192886025167032,1,batch_0008.json
2061433249541341404,2061341417058836738,https://x.com/i/status/2061341417058836738,1,batch_0008.json
2061433249541341404,2061419669831946598,https://x.com/i/status/2061419669831946598,1,batch_0008.json
2061613220498927741,2060677179994968084,https://x.com/i/status/2060677179994968084,1,batch_0008.json
2061613220498927741,2060770045907685886,https://x.com/i/status/2060770045907685886,1,batch_0008.json
2061613220498927741,2060791394143260927,https://x.com/i/status/2060791394143260927,1,batch_0008.json
2061613220498927741,2060797764594749461,https://x.com/i/status/2060797764594749461,1,batch_0008.json
2061613220498927741,2061039343041474936,https://x.com/i/status/2061039343041474936,1,batch_0008.json
2061613220498927741,2061181028933534177,https://x.com/i/status/2061181028933534177,1,batch_0008.json
2061613220498927741,2061496330963583029,https://x.com/i/status/2061496330963583029,1,batch_0008.json
2061613622388773355,2059610681989607925,https://x.com/i/status/2059610681989607925,1,batch_0008.json
2061613622388773355,2059724149824565261,https://x.com/i/status/2059724149824565261,1,batch_0008.json
2061613622388773355,2059757162134704518,https://x.com/i/status/2059757162134704518,1,batch_0008.json
2061613622388773355,2059791456597139675,https://x.com/i/status/2059791456597139675,1,batch_0008.json
2061613622388773355,2059892272636788968,https://x.com/i/status/2059892272636788968,1,batch_0008.json
2061613622388773355,2059899262826148081,https://x.com/i/status/2059899262826148081,1,batch_0008.json
2061613622388773355,2059947583661855188,https://x.com/i/status/2059947583661855188,1,batch_0008.json
2061613622388773355,2060110798563807380,https://x.com/i/status/2060110798563807380,1,batch_0008.json
2061613622388773355,2060510947043901774,https://x.com/i/status/2060510947043901774,1,batch_0008.json
2061613622388773355,2061016970728751145,https://x.com/i/status/2061016970728751145,1,batch_0008.json
2061613622388773355,2061039789806154130,https://x.com/i/status/2061039789806154130,1,batch_0008.json
2061613622388773355,2061297412413788440,https://x.com/i/status/2061297412413788440,1,batch_0008.json
2061613622388773355,2061421795987837361,https://x.com/i/status/2061421795987837361,1,batch_0008.json
2061613793558634696,2059848225691975980,https://x.com/i/status/2059848225691975980,1,batch_0008.json
2061613793558634696,2059940606760067239,https://x.com/i/status/2059940606760067239,1,batch_0008.json
2061613793558634696,2059949793749737964,https://x.com/i/status/2059949793749737964,1,batch_0008.json
2061613793558634696,2059960113247514744,https://x.com/i/status/2059960113247514744,1,batch_0008.json
2061613793558634696,2059962658586255825,https://x.com/i/status/2059962658586255825,1,batch_0008.json
2061613793558634696,2059963569287152120,https://x.com/i/status/2059963569287152120,1,batch_0008.json
2061613793558634696,2059966504393703729,https://x.com/i/status/2059966504393703729,1,batch_0008.json
2061613793558634696,2059974280625193193,https://x.com/i/status/2059974280625193193,1,batch_0008.json
2061613793558634696,2059984328658977165,https://x.com/i/status/2059984328658977165,1,batch_0008.json
2061613793558634696,2059989376646430964,https://x.com/i/status/2059989376646430964,1,batch_0008.json
2061613793558634696,2059995352397127686,https://x.com/i/status/2059995352397127686,1,batch_0008.json
2061613793558634696,2060002685659808247,https://x.com/i/status/2060002685659808247,1,batch_0008.json
2061613793558634696,2060005951587905626,https://x.com/i/status/2060005951587905626,1,batch_0008.json
2061613793558634696,2060007179864993832,https://x.com/i/status/2060007179864993832,1,batch_0008.json
2061613793558634696,2060008111528612243,https://x.com/i/status/2060008111528612243,1,batch_0008.json
2061613793558634696,2060015771129168325,https://x.com/i/status/2060015771129168325,1,batch_0008.json
2061613793558634696,2060016915687567467,https://x.com/i/status/2060016915687567467,1,batch_0008.json
2061613793558634696,2060019486896300513,https://x.com/i/status/2060019486896300513,1,batch_0008.json
2061613793558634696,2060033621101040118,https://x.com/i/status/2060033621101040118,1,batch_0008.json
2061613793558634696,2060039886699450582,https://x.com/i/status/2060039886699450582,1,batch_0008.json
2061613793558634696,2060051393046630873,https://x.com/i/status/2060051393046630873,1,batch_0008.json
2061613793558634696,2060084172958343619,https://x.com/i/status/2060084172958343619,1,batch_0008.json
2061613793558634696,2060093428239601809,https://x.com/i/status/2060093428239601809,1,batch_0008.json
2061613793558634696,2060094499867574318,https://x.com/i/status/2060094499867574318,1,batch_0008.json
2061613793558634696,2060167992634155414,https://x.com/i/status/2060167992634155414,1,batch_0008.json
2061613793558634696,2060173534920347905,https://x.com/i/status/2060173534920347905,1,batch_0008.json
2061613793558634696,2060199425658462559,https://x.com/i/status/2060199425658462559,1,batch_0008.json
2061613793558634696,2060211695805464828,https://x.com/i/status/2060211695805464828,1,batch_0008.json
2061613793558634696,2060233507687874789,https://x.com/i/status/2060233507687874789,1,batch_0008.json
2061613793558634696,2060265793070244248,https://x.com/i/status/2060265793070244248,1,batch_0008.json
2061613793558634696,2060268140055957551,https://x.com/i/status/2060268140055957551,1,batch_0008.json
2061613793558634696,2060300228125749381,https://x.com/i/status/2060300228125749381,1,batch_0008.json
2061613793558634696,2060313042215424227,https://x.com/i/status/2060313042215424227,1,batch_0008.json
2061613793558634696,2060374588006261182,https://x.com/i/status/2060374588006261182,1,batch_0008.json
2061613793558634696,2060572091095605284,https://x.com/i/status/2060572091095605284,1,batch_0008.json
2061613793558634696,2061000372530139163,https://x.com/i/status/2061000372530139163,1,batch_0008.json
2061613793558634696,2061010264527388740,https://x.com/i/status/2061010264527388740,1,batch_0008.json
2061613793558634696,2061017006514839739,https://x.com/i/status/2061017006514839739,1,batch_0008.json
2061613793558634696,2061242162784915832,https://x.com/i/status/2061242162784915832,1,batch_0008.json
2061794980725739975,2060922614831259705,https://x.com/i/status/2060922614831259705,1,batch_0008.json
2061794980725739975,2060979223402017271,https://x.com/i/status/2060979223402017271,1,batch_0008.json
2061794980725739975,2061032050396745779,https://x.com/i/status/2061032050396745779,1,batch_0008.json
2061794980725739975,2061050670338179132,https://x.com/i/status/2061050670338179132,1,batch_0008.json
2061794980725739975,2061053907187446163,https://x.com/i/status/2061053907187446163,1,batch_0008.json
2061794980725739975,2061059473360158917,https://x.com/i/status/2061059473360158917,1,batch_0008.json
2061794980725739975,2061063722748318144,https://x.com/i/status/2061063722748318144,1,batch_0008.json
2061794980725739975,2061075698786189610,https://x.com/i/status/2061075698786189610,1,batch_0008.json
2061794980725739975,2061076911053320207,https://x.com/i/status/2061076911053320207,1,batch_0008.json
2061794980725739975,2061080232099041780,https://x.com/i/status/2061080232099041780,1,batch_0008.json
2061794980725739975,2061081094124970188,https://x.com/i/status/2061081094124970188,1,batch_0008.json
2061794980725739975,2061081604357824776,https://x.com/i/status/2061081604357824776,1,batch_0008.json
2061794980725739975,2061082473824403536,https://x.com/i/status/2061082473824403536,1,batch_0008.json
2061794980725739975,2061085551676080486,https://x.com/i/status/2061085551676080486,1,batch_0008.json
2061794980725739975,2061086484707328014,https://x.com/i/status/2061086484707328014,1,batch_0008.json
2061794980725739975,2061089009086927047,https://x.com/i/status/2061089009086927047,1,batch_0008.json
2061794980725739975,2061091319846498327,https://x.com/i/status/2061091319846498327,1,batch_0008.json
2061794980725739975,2061091610373288153,https://x.com/i/status/2061091610373288153,1,batch_0008.json
2061794980725739975,2061092152336118026,https://x.com/i/status/2061092152336118026,1,batch_0008.json
2061794980725739975,2061096411396026779,https://x.com/i/status/2061096411396026779,1,batch_0008.json
2061794980725739975,2061098078715666764,https://x.com/i/status/2061098078715666764,1,batch_0008.json
2061794980725739975,2061099829262987527,https://x.com/i/status/2061099829262987527,1,batch_0008.json
2061794980725739975,2061101333923430580,https://x.com/i/status/2061101333923430580,1,batch_0008.json
2061794980725739975,2061102197283143853,https://x.com/i/status/2061102197283143853,1,batch_0008.json
2061794980725739975,2061105092045021593,https://x.com/i/status/2061105092045021593,1,batch_0008.json
2061794980725739975,2061106815853539410,https://x.com/i/status/2061106815853539410,1,batch_0008.json
2061794980725739975,2061107501228040632,https://x.com/i/status/2061107501228040632,1,batch_0008.json
2061794980725739975,2061108030515601767,https://x.com/i/status/2061108030515601767,1,batch_0008.json
2061794980725739975,2061113359932477748,https://x.com/i/status/2061113359932477748,1,batch_0008.json
2061794980725739975,2061113458351862196,https://x.com/i/status/2061113458351862196,1,batch_0008.json
2061794980725739975,2061113459773751386,https://x.com/i/status/2061113459773751386,1,batch_0008.json
2061794980725739975,2061118629052035404,https://x.com/i/status/2061118629052035404,1,batch_0008.json
2061794980725739975,2061121458055643304,https://x.com/i/status/2061121458055643304,1,batch_0008.json
2061794980725739975,2061128976454586642,https://x.com/i/status/2061128976454586642,1,batch_0008.json
2061794980725739975,2061129920105869714,https://x.com/i/status/2061129920105869714,1,batch_0008.json
2061794980725739975,2061134784445718627,https://x.com/i/status/2061134784445718627,1,batch_0008.json
2061794980725739975,2061137734362648711,https://x.com/i/status/2061137734362648711,1,batch_0008.json
2061794980725739975,2061137846224716260,https://x.com/i/status/2061137846224716260,1,batch_0008.json
2061794980725739975,2061137896195670388,https://x.com/i/status/2061137896195670388,1,batch_0008.json
2061794980725739975,2061144519605670280,https://x.com/i/status/2061144519605670280,1,batch_0008.json
2061794980725739975,2061145662721339488,https://x.com/i/status/2061145662721339488,1,batch_0008.json
2061794980725739975,2061145789104058582,https://x.com/i/status/2061145789104058582,1,batch_0008.json
2061794980725739975,2061146224447586360,https://x.com/i/status/2061146224447586360,1,batch_0008.json
2061794980725739975,2061148480848961776,https://x.com/i/status/2061148480848961776,1,batch_0008.json
2061794980725739975,2061149598526144745,https://x.com/i/status/2061149598526144745,1,batch_0008.json
2061794980725739975,2061154862054727936,https://x.com/i/status/2061154862054727936,1,batch_0008.json
2061794980725739975,2061158419831169403,https://x.com/i/status/2061158419831169403,1,batch_0008.json
2061794980725739975,2061159285816803357,https://x.com/i/status/2061159285816803357,1,batch_0008.json
2061794980725739975,2061159534492516503,https://x.com/i/status/2061159534492516503,1,batch_0008.json
2061794980725739975,2061159802231734514,https://x.com/i/status/2061159802231734514,1,batch_0008.json
2061794980725739975,2061161233886117984,https://x.com/i/status/2061161233886117984,1,batch_0008.json
2061794980725739975,2061161597913964690,https://x.com/i/status/2061161597913964690,1,batch_0008.json
2061794980725739975,2061166509263593907,https://x.com/i/status/2061166509263593907,1,batch_0008.json
2061794980725739975,2061171895915942162,https://x.com/i/status/2061171895915942162,1,batch_0008.json
2061794980725739975,2061174592949862405,https://x.com/i/status/2061174592949862405,1,batch_0008.json
2061794980725739975,2061174964196159724,https://x.com/i/status/2061174964196159724,1,batch_0008.json
2061794980725739975,2061175694931955919,https://x.com/i/status/2061175694931955919,1,batch_0008.json
2061794980725739975,2061179892809494886,https://x.com/i/status/2061179892809494886,1,batch_0008.json
2061794980725739975,2061183517006897494,https://x.com/i/status/2061183517006897494,1,batch_0008.json
2061794980725739975,2061188432915775738,https://x.com/i/status/2061188432915775738,1,batch_0008.json
2061794980725739975,2061188484581212206,https://x.com/i/status/2061188484581212206,1,batch_0008.json
2061794980725739975,2061198587308958048,https://x.com/i/status/2061198587308958048,1,batch_0008.json
2061794980725739975,2061205857627500994,https://x.com/i/status/2061205857627500994,1,batch_0008.json
2061794980725739975,2061224153160499284,https://x.com/i/status/2061224153160499284,1,batch_0008.json
2061794980725739975,2061226363445506343,https://x.com/i/status/2061226363445506343,1,batch_0008.json
2061794980725739975,2061227773138444321,https://x.com/i/status/2061227773138444321,1,batch_0008.json
2061794980725739975,2061228006392136092,https://x.com/i/status/2061228006392136092,1,batch_0008.json
2061794980725739975,2061230633683419450,https://x.com/i/status/2061230633683419450,1,batch_0008.json
2061794980725739975,2061233061283443041,https://x.com/i/status/2061233061283443041,1,batch_0008.json
2061794980725739975,2061245142380491057,https://x.com/i/status/2061245142380491057,1,batch_0008.json
2061794980725739975,2061252867512537476,https://x.com/i/status/2061252867512537476,1,batch_0008.json
2061794980725739975,2061253009644949868,https://x.com/i/status/2061253009644949868,1,batch_0008.json
2061794980725739975,2061261738465443959,https://x.com/i/status/2061261738465443959,1,batch_0008.json
2061794980725739975,2061279722005217538,https://x.com/i/status/2061279722005217538,1,batch_0008.json
2061794980725739975,2061292557166899547,https://x.com/i/status/2061292557166899547,1,batch_0008.json
2061794980725739975,2061297544861204846,https://x.com/i/status/2061297544861204846,1,batch_0008.json
2061794980725739975,2061305931405685076,https://x.com/i/status/2061305931405685076,1,batch_0008.json
2061794980725739975,2061306036267503705,https://x.com/i/status/2061306036267503705,1,batch_0008.json
2061794980725739975,2061323816412893205,https://x.com/i/status/2061323816412893205,1,batch_0008.json
2061794980725739975,2061334619908350361,https://x.com/i/status/2061334619908350361,1,batch_0008.json
2061794980725739975,2061338604266295345,https://x.com/i/status/2061338604266295345,1,batch_0008.json
2061794980725739975,2061377655862178069,https://x.com/i/status/2061377655862178069,1,batch_0008.json
2061794980725739975,2061378407087079715,https://x.com/i/status/2061378407087079715,1,batch_0008.json
2061794980725739975,2061391670294265867,https://x.com/i/status/2061391670294265867,1,batch_0008.json
2061794980725739975,2061395354445046089,https://x.com/i/status/2061395354445046089,1,batch_0008.json
2061794980725739975,2061401099030950374,https://x.com/i/status/2061401099030950374,1,batch_0008.json
2061794980725739975,2061401889808302463,https://x.com/i/status/2061401889808302463,1,batch_0008.json
2061794980725739975,2061406847035167092,https://x.com/i/status/2061406847035167092,1,batch_0008.json
2061794980725739975,2061408056563351795,https://x.com/i/status/2061408056563351795,1,batch_0008.json
2061794980725739975,2061413569376194565,https://x.com/i/status/2061413569376194565,1,batch_0008.json
2061794980725739975,2061413986709479783,https://x.com/i/status/2061413986709479783,1,batch_0008.json
2061794980725739975,2061414749422666152,https://x.com/i/status/2061414749422666152,1,batch_0008.json
2061794980725739975,2061426966532698449,https://x.com/i/status/2061426966532698449,1,batch_0008.json
2061794980725739975,2061430472354255171,https://x.com/i/status/2061430472354255171,1,batch_0008.json
2061794980725739975,2061432192178192757,https://x.com/i/status/2061432192178192757,1,batch_0008.json
2061794980725739975,2061432398961631626,https://x.com/i/status/2061432398961631626,1,batch_0008.json
2061794980725739975,2061437418553708859,https://x.com/i/status/2061437418553708859,1,batch_0008.json
2061794980725739975,2061443487451447551,https://x.com/i/status/2061443487451447551,1,batch_0008.json
2061794980725739975,2061446339351789749,https://x.com/i/status/2061446339351789749,1,batch_0008.json
2061794980725739975,2061457809611370759,https://x.com/i/status/2061457809611370759,1,batch_0008.json
2061794980725739975,2061458459095191975,https://x.com/i/status/2061458459095191975,1,batch_0008.json
2061794980725739975,2061459909070250484,https://x.com/i/status/2061459909070250484,1,batch_0008.json
2061794980725739975,2061478730728407432,https://x.com/i/status/2061478730728407432,1,batch_0008.json
2061794980725739975,2061486170622562456,https://x.com/i/status/2061486170622562456,1,batch_0008.json
2061794980725739975,2061488783044776258,https://x.com/i/status/2061488783044776258,1,batch_0008.json
2061794980725739975,2061525429106987488,https://x.com/i/status/2061525429106987488,1,batch_0008.json
2061794980725739975,2061554987709223234,https://x.com/i/status/2061554987709223234,1,batch_0008.json
2061794980725739975,2061576897037791591,https://x.com/i/status/2061576897037791591,1,batch_0008.json
2061794980725739975,2061578541016178863,https://x.com/i/status/2061578541016178863,1,batch_0008.json
2061794980725739975,2061580940271309257,https://x.com/i/status/2061580940271309257,1,batch_0008.json
2061794980725739975,2061623081613856880,https://x.com/i/status/2061623081613856880,1,batch_0008.json
2061794980725739975,2061650655161237672,https://x.com/i/status/2061650655161237672,1,batch_0008.json
2061794980725739975,2061681160078418414,https://x.com/i/status/2061681160078418414,1,batch_0008.json
2061794980725739975,2061704305158005058,https://x.com/i/status/2061704305158005058,1,batch_0008.json
2061794980725739975,2061713790660485241,https://x.com/i/status/2061713790660485241,1,batch_0008.json
2061794980725739975,2061721151697539396,https://x.com/i/status/2061721151697539396,1,batch_0008.json
2061794980725739975,2061743599444701427,https://x.com/i/status/2061743599444701427,1,batch_0008.json
2061794980725739975,2061752973869432847,https://x.com/i/status/2061752973869432847,1,batch_0008.json
2061794980725739975,2061764167384621209,https://x.com/i/status/2061764167384621209,1,batch_0008.json
2061794980725739975,2061792717601157204,https://x.com/i/status/2061792717601157204,1,batch_0008.json
2061794980725739975,2061798338475720836,https://x.com/i/status/2061798338475720836,1,batch_0008.json
2061824722203992081,2055262516377174193,https://x.com/i/status/2055262516377174193,1,batch_0008.json
2061824722203992081,2056433656705548603,https://x.com/i/status/2056433656705548603,1,batch_0008.json
2061824722203992081,2056468833011917033,https://x.com/i/status/2056468833011917033,1,batch_0008.json
2061824722203992081,2056779638266122546,https://x.com/i/status/2056779638266122546,1,batch_0008.json
2061824722203992081,2056785902748451001,https://x.com/i/status/2056785902748451001,1,batch_0008.json
2061824722203992081,2056909729931333764,https://x.com/i/status/2056909729931333764,1,batch_0008.json
2061824722203992081,2057029706311233937,https://x.com/i/status/2057029706311233937,1,batch_0008.json
2061824722203992081,2057033192738054310,https://x.com/i/status/2057033192738054310,1,batch_0008.json
2061824722203992081,2057039155662635046,https://x.com/i/status/2057039155662635046,1,batch_0008.json
2061824722203992081,2057059101775962430,https://x.com/i/status/2057059101775962430,1,batch_0008.json
2061824722203992081,2057060405424398826,https://x.com/i/status/2057060405424398826,1,batch_0008.json
2061824722203992081,2057075863535890540,https://x.com/i/status/2057075863535890540,1,batch_0008.json
2061824722203992081,2057086590737137970,https://x.com/i/status/2057086590737137970,1,batch_0008.json
2061824722203992081,2057088614220046494,https://x.com/i/status/2057088614220046494,1,batch_0008.json
2061824722203992081,2057095052682219591,https://x.com/i/status/2057095052682219591,1,batch_0008.json
2061824722203992081,2057099064835977351,https://x.com/i/status/2057099064835977351,1,batch_0008.json
2061824722203992081,2057108851825221891,https://x.com/i/status/2057108851825221891,1,batch_0008.json
2061824722203992081,2057110307118739554,https://x.com/i/status/2057110307118739554,1,batch_0008.json
2061824722203992081,2057140695324913992,https://x.com/i/status/2057140695324913992,1,batch_0008.json
2061824722203992081,2057192759988039713,https://x.com/i/status/2057192759988039713,1,batch_0008.json
2061824722203992081,2057215222608220278,https://x.com/i/status/2057215222608220278,1,batch_0008.json
2061824722203992081,2057331437964230728,https://x.com/i/status/2057331437964230728,1,batch_0008.json
2061824722203992081,2057349387383124420,https://x.com/i/status/2057349387383124420,1,batch_0008.json
2061824722203992081,2057377722930802789,https://x.com/i/status/2057377722930802789,1,batch_0008.json
2061824722203992081,2057414988025983325,https://x.com/i/status/2057414988025983325,1,batch_0008.json
2061824722203992081,2057416250033135739,https://x.com/i/status/2057416250033135739,1,batch_0008.json
2061824722203992081,2057420530517500056,https://x.com/i/status/2057420530517500056,1,batch_0008.json
2061824722203992081,2057422541627801802,https://x.com/i/status/2057422541627801802,1,batch_0008.json
2061824722203992081,2057432840409669985,https://x.com/i/status/2057432840409669985,1,batch_0008.json
2061824722203992081,2057441790555234313,https://x.com/i/status/2057441790555234313,1,batch_0008.json
2061824722203992081,2057460906691567863,https://x.com/i/status/2057460906691567863,1,batch_0008.json
2061824722203992081,2057533235039519182,https://x.com/i/status/2057533235039519182,1,batch_0008.json
2061824722203992081,2057681357804048504,https://x.com/i/status/2057681357804048504,1,batch_0008.json
2061824722203992081,2057711259328385124,https://x.com/i/status/2057711259328385124,1,batch_0008.json
2061824722203992081,2057771572711043482,https://x.com/i/status/2057771572711043482,1,batch_0008.json
2061824722203992081,2057907588247753046,https://x.com/i/status/2057907588247753046,1,batch_0008.json
2061824722203992081,2058137879621087393,https://x.com/i/status/2058137879621087393,1,batch_0008.json
2061824722203992081,2058790258880237785,https://x.com/i/status/2058790258880237785,1,batch_0008.json
2061824722203992081,2058861483270787229,https://x.com/i/status/2058861483270787229,1,batch_0008.json
2061824722203992081,2059017656095928550,https://x.com/i/status/2059017656095928550,1,batch_0008.json
2061824722203992081,2059042448882438247,https://x.com/i/status/2059042448882438247,1,batch_0008.json
2061824722203992081,2059103629282619707,https://x.com/i/status/2059103629282619707,1,batch_0008.json
2061824722203992081,2059109512158793940,https://x.com/i/status/2059109512158793940,1,batch_0008.json
2061824722203992081,2059119009468166347,https://x.com/i/status/2059119009468166347,1,batch_0008.json
2061824722203992081,2059126822026023340,https://x.com/i/status/2059126822026023340,1,batch_0008.json
2061824722203992081,2060247199972302920,https://x.com/i/status/2060247199972302920,1,batch_0008.json
2061824722203992081,2060394698624073998,https://x.com/i/status/2060394698624073998,1,batch_0008.json
2061824722203992081,2060845784627622218,https://x.com/i/status/2060845784627622218,1,batch_0008.json
2061824722203992081,2061539549805789418,https://x.com/i/status/2061539549805789418,1,batch_0008.json
2061824722203992081,2061796258382000164,https://x.com/i/status/2061796258382000164,1,batch_0008.json
2061824722203992081,2061872347095900546,https://x.com/i/status/2061872347095900546,1,batch_0008.json
2061824722203992081,2063531683408728102,https://x.com/i/status/2063531683408728102,1,batch_0008.json
2061824722203992081,2063536678203965923,https://x.com/i/status/2063536678203965923,1,batch_0008.json
2061824722203992081,2064687640155509125,https://x.com/i/status/2064687640155509125,1,batch_0008.json
2061824722203992081,2064949475538567255,https://x.com/i/status/2064949475538567255,1,batch_0008.json
2061824722203992081,2065398214233133555,https://x.com/i/status/2065398214233133555,1,batch_0008.json
2061824722203992081,2065516174822281435,https://x.com/i/status/2065516174822281435,1,batch_0008.json
2061824722203992081,2065799985216786534,https://x.com/i/status/2065799985216786534,1,batch_0008.json
2061863195317354875,2061775763607785937,https://x.com/i/status/2061775763607785937,1,batch_0008.json
2062081908876443916,2061399738327380366,https://x.com/i/status/2061399738327380366,1,batch_0008.json
2062081908876443916,2061497436460204535,https://x.com/i/status/2061497436460204535,1,batch_0008.json
2062081908876443916,2061497812504732142,https://x.com/i/status/2061497812504732142,1,batch_0008.json
2062081908876443916,2061509853130969123,https://x.com/i/status/2061509853130969123,1,batch_0008.json
2062081908876443916,2061529470259941837,https://x.com/i/status/2061529470259941837,1,batch_0008.json
2062081908876443916,2061560719435280423,https://x.com/i/status/2061560719435280423,1,batch_0008.json
2062081908876443916,2061586964420141302,https://x.com/i/status/2061586964420141302,1,batch_0008.json
2062081908876443916,2061609388821925938,https://x.com/i/status/2061609388821925938,1,batch_0008.json
2062081908876443916,2061634925460168870,https://x.com/i/status/2061634925460168870,1,batch_0008.json
2062081908876443916,2061644157316190441,https://x.com/i/status/2061644157316190441,1,batch_0008.json
2062081908876443916,2061685618984313285,https://x.com/i/status/2061685618984313285,1,batch_0008.json
2062081908876443916,2061708383325990933,https://x.com/i/status/2061708383325990933,1,batch_0008.json
2062081908876443916,2061806149632991382,https://x.com/i/status/2061806149632991382,1,batch_0008.json
2062081908876443916,2061861079710413003,https://x.com/i/status/2061861079710413003,1,batch_0008.json
2062081908876443916,2061914290609659942,https://x.com/i/status/2061914290609659942,1,batch_0008.json
2062081908876443916,2061925323051073642,https://x.com/i/status/2061925323051073642,1,batch_0008.json
2062081908876443916,2061929349733830868,https://x.com/i/status/2061929349733830868,1,batch_0008.json
2062081908876443916,2061936271119777812,https://x.com/i/status/2061936271119777812,1,batch_0008.json
2062081908876443916,2061988895567315100,https://x.com/i/status/2061988895567315100,1,batch_0008.json
2062081908876443916,2061997348905968058,https://x.com/i/status/2061997348905968058,1,batch_0008.json
2062081908876443916,2062035596961288529,https://x.com/i/status/2062035596961288529,1,batch_0008.json
2062081908876443916,2062069765875659085,https://x.com/i/status/2062069765875659085,1,batch_0008.json
2062082445529264476,2054491427145482419,https://x.com/i/status/2054491427145482419,1,batch_0008.json
2062082445529264476,2054510773444194425,https://x.com/i/status/2054510773444194425,1,batch_0008.json
2062082445529264476,2055242880025772090,https://x.com/i/status/2055242880025772090,1,batch_0008.json
2062082445529264476,2056266733330346428,https://x.com/i/status/2056266733330346428,1,batch_0008.json
2062082445529264476,2056273689054982187,https://x.com/i/status/2056273689054982187,1,batch_0008.json
2062082445529264476,2056279221065097479,https://x.com/i/status/2056279221065097479,1,batch_0008.json
2062082445529264476,2057227399230574750,https://x.com/i/status/2057227399230574750,1,batch_0008.json
2062082445529264476,2057227791112802529,https://x.com/i/status/2057227791112802529,1,batch_0008.json
2062082445529264476,2057228476671754652,https://x.com/i/status/2057228476671754652,1,batch_0008.json
2062082445529264476,2058321603537035635,https://x.com/i/status/2058321603537035635,1,batch_0008.json
2062082445529264476,2059636728143720763,https://x.com/i/status/2059636728143720763,1,batch_0008.json
2062082445529264476,2060383162228961403,https://x.com/i/status/2060383162228961403,1,batch_0008.json
2062082445529264476,2061792890276257942,https://x.com/i/status/2061792890276257942,1,batch_0008.json
2062082445529264476,2061826362663399458,https://x.com/i/status/2061826362663399458,1,batch_0008.json
2062082445529264476,2061832696976847096,https://x.com/i/status/2061832696976847096,1,batch_0008.json
2062082445529264476,2061839388078743587,https://x.com/i/status/2061839388078743587,1,batch_0008.json
2062082445529264476,2061847224594620783,https://x.com/i/status/2061847224594620783,1,batch_0008.json
2062082445529264476,2061854377107763392,https://x.com/i/status/2061854377107763392,1,batch_0008.json
2062082445529264476,2061862213133258860,https://x.com/i/status/2061862213133258860,1,batch_0008.json
2062082445529264476,2061877493225730323,https://x.com/i/status/2061877493225730323,1,batch_0008.json
2062082445529264476,2061878284716237030,https://x.com/i/status/2061878284716237030,1,batch_0008.json
2062082445529264476,2061884559768093084,https://x.com/i/status/2061884559768093084,1,batch_0008.json
2062082445529264476,2061902857993965572,https://x.com/i/status/2061902857993965572,1,batch_0008.json
2062082445529264476,2061906693135511922,https://x.com/i/status/2061906693135511922,1,batch_0008.json
2062082445529264476,2061908481116971232,https://x.com/i/status/2061908481116971232,1,batch_0008.json
2062082445529264476,2061912190102245844,https://x.com/i/status/2061912190102245844,1,batch_0008.json
2062082445529264476,2061915470014345434,https://x.com/i/status/2061915470014345434,1,batch_0008.json
2062082445529264476,2061916681979809855,https://x.com/i/status/2061916681979809855,1,batch_0008.json
2062082445529264476,2061921829120352390,https://x.com/i/status/2061921829120352390,1,batch_0008.json
2062082445529264476,2061924668169244776,https://x.com/i/status/2061924668169244776,1,batch_0008.json
2062082445529264476,2061930209767461220,https://x.com/i/status/2061930209767461220,1,batch_0008.json
2062082445529264476,2061936438535430588,https://x.com/i/status/2061936438535430588,1,batch_0008.json
2062082445529264476,2061944331422822465,https://x.com/i/status/2061944331422822465,1,batch_0008.json
2062082445529264476,2061952189170397545,https://x.com/i/status/2061952189170397545,1,batch_0008.json
2062082445529264476,2061963287789776993,https://x.com/i/status/2061963287789776993,1,batch_0008.json
2062082445529264476,2061991314095554646,https://x.com/i/status/2061991314095554646,1,batch_0008.json
2062082445529264476,2061995531195629921,https://x.com/i/status/2061995531195629921,1,batch_0008.json
2062082445529264476,2062000164177395722,https://x.com/i/status/2062000164177395722,1,batch_0008.json
2062263519421014152,2055029122259390707,https://x.com/i/status/2055029122259390707,1,batch_0008.json
2062278898696520073,2058892985727869096,https://x.com/i/status/2058892985727869096,1,batch_0008.json
2062278898696520073,2058920967208939762,https://x.com/i/status/2058920967208939762,1,batch_0008.json
2062278898696520073,2058924661946134912,https://x.com/i/status/2058924661946134912,1,batch_0008.json
2062278898696520073,2058933980125151741,https://x.com/i/status/2058933980125151741,1,batch_0008.json
2062278898696520073,2058937881222054176,https://x.com/i/status/2058937881222054176,1,batch_0008.json
2062278898696520073,2058943664085414311,https://x.com/i/status/2058943664085414311,1,batch_0008.json
2062278898696520073,2058945141084500204,https://x.com/i/status/2058945141084500204,1,batch_0008.json
2062278898696520073,2058954401415299115,https://x.com/i/status/2058954401415299115,1,batch_0008.json
2062278898696520073,2058963700539699634,https://x.com/i/status/2058963700539699634,1,batch_0008.json
2062278898696520073,2058968663240196556,https://x.com/i/status/2058968663240196556,1,batch_0008.json
2062278898696520073,2058970821209559373,https://x.com/i/status/2058970821209559373,1,batch_0008.json
2062278898696520073,2058971699589398800,https://x.com/i/status/2058971699589398800,1,batch_0008.json
2062278898696520073,2058974037938741334,https://x.com/i/status/2058974037938741334,1,batch_0008.json
2062278898696520073,2058975710954553747,https://x.com/i/status/2058975710954553747,1,batch_0008.json
2062278898696520073,2058982697415131408,https://x.com/i/status/2058982697415131408,1,batch_0008.json
2062278898696520073,2058983478541385737,https://x.com/i/status/2058983478541385737,1,batch_0008.json
2062278898696520073,2058991611321958747,https://x.com/i/status/2058991611321958747,1,batch_0008.json
2062278898696520073,2058993134592540763,https://x.com/i/status/2058993134592540763,1,batch_0008.json
2062278898696520073,2058993464751391168,https://x.com/i/status/2058993464751391168,1,batch_0008.json
2062278898696520073,2059002810998591886,https://x.com/i/status/2059002810998591886,1,batch_0008.json
2062278898696520073,2059019339739877808,https://x.com/i/status/2059019339739877808,1,batch_0008.json
2062278898696520073,2059026868947263988,https://x.com/i/status/2059026868947263988,1,batch_0008.json
2062278898696520073,2059046767690121483,https://x.com/i/status/2059046767690121483,1,batch_0008.json
2062278898696520073,2059046917309342143,https://x.com/i/status/2059046917309342143,1,batch_0008.json
2062278898696520073,2059123617552646265,https://x.com/i/status/2059123617552646265,1,batch_0008.json
2062278898696520073,2059177390857670854,https://x.com/i/status/2059177390857670854,1,batch_0008.json
2062278898696520073,2059223600423706719,https://x.com/i/status/2059223600423706719,1,batch_0008.json
2062278898696520073,2059305991670489420,https://x.com/i/status/2059305991670489420,1,batch_0008.json
2062278898696520073,2059308246591234322,https://x.com/i/status/2059308246591234322,1,batch_0008.json
2062278898696520073,2059462846723842228,https://x.com/i/status/2059462846723842228,1,batch_0008.json
2062278898696520073,2060257775004066196,https://x.com/i/status/2060257775004066196,1,batch_0008.json
2062451266622546177,2061124605583007820,https://x.com/i/status/2061124605583007820,1,batch_0008.json
2062474867182628995,2062460253221142850,https://x.com/i/status/2062460253221142850,1,batch_0008.json
2062494141066482123,2062478469137592679,https://x.com/i/status/2062478469137592679,1,batch_0008.json
2062521599207555540,2062136920696590598,https://x.com/i/status/2062136920696590598,1,batch_0008.json
2062550331326607362,2062266391458177539,https://x.com/i/status/2062266391458177539,1,batch_0008.json
2062550331326607362,2062279981036679379,https://x.com/i/status/2062279981036679379,1,batch_0008.json
2062550331326607362,2062286801721520262,https://x.com/i/status/2062286801721520262,1,batch_0008.json
2062550331326607362,2062340090995634566,https://x.com/i/status/2062340090995634566,1,batch_0008.json
2062550331326607362,2062341541645951401,https://x.com/i/status/2062341541645951401,1,batch_0008.json
2062550331326607362,2062353535673491635,https://x.com/i/status/2062353535673491635,1,batch_0008.json
2062550331326607362,2062448882064257080,https://x.com/i/status/2062448882064257080,1,batch_0008.json
2062552204368609418,2062536286687170629,https://x.com/i/status/2062536286687170629,1,batch_0008.json
2062552204368609418,2062543415972094366,https://x.com/i/status/2062543415972094366,1,batch_0008.json
2062552204368609418,2062549463990665233,https://x.com/i/status/2062549463990665233,1,batch_0008.json
2062676443755053391,2062622652900991017,https://x.com/i/status/2062622652900991017,1,batch_0008.json
2062877091733860662,2061798359149543748,https://x.com/i/status/2061798359149543748,1,batch_0008.json
2062877091733860662,2061798770279358820,https://x.com/i/status/2061798770279358820,1,batch_0008.json
2062877091733860662,2061800407777607710,https://x.com/i/status/2061800407777607710,1,batch_0008.json
2062877091733860662,2061800781280342404,https://x.com/i/status/2061800781280342404,1,batch_0008.json
2062877091733860662,2061804855400841223,https://x.com/i/status/2061804855400841223,1,batch_0008.json
2062877091733860662,2061820941483540668,https://x.com/i/status/2061820941483540668,1,batch_0008.json
2062877091733860662,2062371601446850753,https://x.com/i/status/2062371601446850753,1,batch_0008.json
2062877091733860662,2062378993848848744,https://x.com/i/status/2062378993848848744,1,batch_0008.json
2062877091733860662,2062411105683591305,https://x.com/i/status/2062411105683591305,1,batch_0008.json
2062877091733860662,2062412829160821229,https://x.com/i/status/2062412829160821229,1,batch_0008.json
2062877091733860662,2062416639736357050,https://x.com/i/status/2062416639736357050,1,batch_0008.json
2062877091733860662,2062442369773977974,https://x.com/i/status/2062442369773977974,1,batch_0008.json
2062877091733860662,2062449695218192591,https://x.com/i/status/2062449695218192591,1,batch_0008.json
2062877091733860662,2062472263375507804,https://x.com/i/status/2062472263375507804,1,batch_0008.json
2062877091733860662,2062503798707466690,https://x.com/i/status/2062503798707466690,1,batch_0008.json
2062877091733860662,2062670644492304703,https://x.com/i/status/2062670644492304703,1,batch_0008.json
2062877091733860662,2062791003870781848,https://x.com/i/status/2062791003870781848,1,batch_0008.json
2062877091733860662,2063871581391057160,https://x.com/i/status/2063871581391057160,1,batch_0008.json
2062877091733860662,2067080933803507896,https://x.com/i/status/2067080933803507896,1,batch_0008.json
2062961315509866819,2062663403546517884,https://x.com/i/status/2062663403546517884,1,batch_0008.json
2062961315509866819,2062710003350257901,https://x.com/i/status/2062710003350257901,1,batch_0008.json
2062961315509866819,2062710056202670109,https://x.com/i/status/2062710056202670109,1,batch_0008.json
2062961315509866819,2062710245659414887,https://x.com/i/status/2062710245659414887,1,batch_0008.json
2062961315509866819,2062711022276751666,https://x.com/i/status/2062711022276751666,1,batch_0008.json
2062961315509866819,2062718526465474908,https://x.com/i/status/2062718526465474908,1,batch_0008.json
2062961315509866819,2062724752406425925,https://x.com/i/status/2062724752406425925,1,batch_0008.json
2062961315509866819,2062736038351536198,https://x.com/i/status/2062736038351536198,1,batch_0008.json
2062961315509866819,2062758647864926447,https://x.com/i/status/2062758647864926447,1,batch_0008.json
2062961315509866819,2062764955452272818,https://x.com/i/status/2062764955452272818,1,batch_0008.json
2062961315509866819,2062777541778444685,https://x.com/i/status/2062777541778444685,1,batch_0008.json
2062961315509866819,2062778549258670565,https://x.com/i/status/2062778549258670565,1,batch_0008.json
2062961315509866819,2062784175233511766,https://x.com/i/status/2062784175233511766,1,batch_0008.json
2062961315509866819,2062793533803651440,https://x.com/i/status/2062793533803651440,1,batch_0008.json
2062961315509866819,2062795188129444212,https://x.com/i/status/2062795188129444212,1,batch_0008.json
2062961315509866819,2062797016741126516,https://x.com/i/status/2062797016741126516,1,batch_0008.json
2062961315509866819,2062799938996650009,https://x.com/i/status/2062799938996650009,1,batch_0008.json
2062961315509866819,2062809528853471682,https://x.com/i/status/2062809528853471682,1,batch_0008.json
2062961315509866819,2062831242945413398,https://x.com/i/status/2062831242945413398,1,batch_0008.json
2062961315509866819,2062857846388113506,https://x.com/i/status/2062857846388113506,1,batch_0008.json
2062961315509866819,2062859842952282354,https://x.com/i/status/2062859842952282354,1,batch_0008.json
2062961315509866819,2062865212580024521,https://x.com/i/status/2062865212580024521,1,batch_0008.json
2062961315509866819,2062878924716040552,https://x.com/i/status/2062878924716040552,1,batch_0008.json
2062961315509866819,2062899066220982689,https://x.com/i/status/2062899066220982689,1,batch_0008.json
2062961315509866819,2062899524712956079,https://x.com/i/status/2062899524712956079,1,batch_0008.json
2062961315509866819,2062937160332779873,https://x.com/i/status/2062937160332779873,1,batch_0008.json
2062961315509866819,2062947162804387884,https://x.com/i/status/2062947162804387884,1,batch_0008.json
2062961315509866819,2062956958936875134,https://x.com/i/status/2062956958936875134,1,batch_0008.json
2062961315509866819,2062965008477434128,https://x.com/i/status/2062965008477434128,1,batch_0008.json
2062961315509866819,2062968028925689858,https://x.com/i/status/2062968028925689858,1,batch_0008.json
2062961315509866819,2062973238708511158,https://x.com/i/status/2062973238708511158,1,batch_0008.json
2062961315509866819,2062988372927467815,https://x.com/i/status/2062988372927467815,1,batch_0008.json
2062961315509866819,2063107698577551494,https://x.com/i/status/2063107698577551494,1,batch_0008.json
2062961315509866819,2063160336371368288,https://x.com/i/status/2063160336371368288,1,batch_0008.json
2062961315509866819,2063199738241974558,https://x.com/i/status/2063199738241974558,1,batch_0008.json
2062961315509866819,2063204826809315691,https://x.com/i/status/2063204826809315691,1,batch_0008.json
2062961315509866819,2063216110099484741,https://x.com/i/status/2063216110099484741,1,batch_0008.json
2062961315509866819,2063217792875123060,https://x.com/i/status/2063217792875123060,1,batch_0008.json
2062961315509866819,2063217867890335982,https://x.com/i/status/2063217867890335982,1,batch_0008.json
2062961315509866819,2063219661299147070,https://x.com/i/status/2063219661299147070,1,batch_0008.json
2062961315509866819,2063232872417218661,https://x.com/i/status/2063232872417218661,1,batch_0008.json
2062961315509866819,2063238204476567725,https://x.com/i/status/2063238204476567725,1,batch_0008.json
2062961315509866819,2063243943198724230,https://x.com/i/status/2063243943198724230,1,batch_0008.json
2062961315509866819,2063258704426758256,https://x.com/i/status/2063258704426758256,1,batch_0008.json
2062961315509866819,2063338121836524003,https://x.com/i/status/2063338121836524003,1,batch_0008.json
2062961315509866819,2063623872717427047,https://x.com/i/status/2063623872717427047,1,batch_0008.json
2062961315509866819,2064478626007957713,https://x.com/i/status/2064478626007957713,1,batch_0008.json
2062961315509866819,2064909042032562548,https://x.com/i/status/2064909042032562548,1,batch_0008.json
2062961315509866819,2066044262387499511,https://x.com/i/status/2066044262387499511,1,batch_0008.json
2063003592739450895,2062929725060764155,https://x.com/i/status/2062929725060764155,1,batch_0008.json
2063003592739450895,2062949815172923567,https://x.com/i/status/2062949815172923567,1,batch_0008.json
2063003592739450895,2062964675457810534,https://x.com/i/status/2062964675457810534,1,batch_0008.json
2063003592739450895,2062986843562315829,https://x.com/i/status/2062986843562315829,1,batch_0008.json
2063003592739450895,2063005026289668466,https://x.com/i/status/2063005026289668466,1,batch_0008.json
2063033245827043350,2062998603417706811,https://x.com/i/status/2062998603417706811,1,batch_0008.json
2063033245827043350,2063037013012390060,https://x.com/i/status/2063037013012390060,1,batch_0008.json
2063033245827043350,2063054274024636516,https://x.com/i/status/2063054274024636516,1,batch_0008.json
2063033245827043350,2063060487986643260,https://x.com/i/status/2063060487986643260,1,batch_0008.json
2063033245827043350,2063066605731381693,https://x.com/i/status/2063066605731381693,1,batch_0008.json
2063033245827043350,2063138995253760427,https://x.com/i/status/2063138995253760427,1,batch_0008.json
2063033245827043350,2063200476305273073,https://x.com/i/status/2063200476305273073,1,batch_0008.json
2063033245827043350,2063358355909857548,https://x.com/i/status/2063358355909857548,1,batch_0008.json
2063033932543602700,2062950229587177757,https://x.com/i/status/2062950229587177757,1,batch_0008.json
2063033932543602700,2062951558870929771,https://x.com/i/status/2062951558870929771,1,batch_0008.json
2063222852866765207,2062818778602434622,https://x.com/i/status/2062818778602434622,1,batch_0009.json
2063222852866765207,2062887160701648966,https://x.com/i/status/2062887160701648966,1,batch_0009.json
2063222852866765207,2062914843259097551,https://x.com/i/status/2062914843259097551,1,batch_0009.json
2063222852866765207,2062930073246658679,https://x.com/i/status/2062930073246658679,1,batch_0009.json
2063222852866765207,2062933579907170613,https://x.com/i/status/2062933579907170613,1,batch_0009.json
2063222852866765207,2062935315724349885,https://x.com/i/status/2062935315724349885,1,batch_0009.json
2063222852866765207,2062936240341569923,https://x.com/i/status/2062936240341569923,1,batch_0009.json
2063222852866765207,2062937616249401588,https://x.com/i/status/2062937616249401588,1,batch_0009.json
2063222852866765207,2062945073718022524,https://x.com/i/status/2062945073718022524,1,batch_0009.json
2063222852866765207,2062945083133997550,https://x.com/i/status/2062945083133997550,1,batch_0009.json
2063222852866765207,2062947635896443197,https://x.com/i/status/2062947635896443197,1,batch_0009.json
2063222852866765207,2062949518597882226,https://x.com/i/status/2062949518597882226,1,batch_0009.json
2063222852866765207,2062949989807002080,https://x.com/i/status/2062949989807002080,1,batch_0009.json
2063222852866765207,2062952448734511364,https://x.com/i/status/2062952448734511364,1,batch_0009.json
2063222852866765207,2062952628087353742,https://x.com/i/status/2062952628087353742,1,batch_0009.json
2063222852866765207,2062954103437676946,https://x.com/i/status/2062954103437676946,1,batch_0009.json
2063222852866765207,2062955525130895632,https://x.com/i/status/2062955525130895632,1,batch_0009.json
2063222852866765207,2062958951881196030,https://x.com/i/status/2062958951881196030,1,batch_0009.json
2063222852866765207,2062960535977554245,https://x.com/i/status/2062960535977554245,1,batch_0009.json
2063222852866765207,2062961067027034286,https://x.com/i/status/2062961067027034286,1,batch_0009.json
2063222852866765207,2062961914989384183,https://x.com/i/status/2062961914989384183,1,batch_0009.json
2063222852866765207,2062962344993649130,https://x.com/i/status/2062962344993649130,1,batch_0009.json
2063222852866765207,2062962359732162753,https://x.com/i/status/2062962359732162753,1,batch_0009.json
2063222852866765207,2062962820753522712,https://x.com/i/status/2062962820753522712,1,batch_0009.json
2063222852866765207,2062963804950970566,https://x.com/i/status/2062963804950970566,1,batch_0009.json
2063222852866765207,2062963920202092980,https://x.com/i/status/2062963920202092980,1,batch_0009.json
2063222852866765207,2062965426061992445,https://x.com/i/status/2062965426061992445,1,batch_0009.json
2063222852866765207,2062965962349912566,https://x.com/i/status/2062965962349912566,1,batch_0009.json
2063222852866765207,2062966187814699510,https://x.com/i/status/2062966187814699510,1,batch_0009.json
2063222852866765207,2062966230684737574,https://x.com/i/status/2062966230684737574,1,batch_0009.json
2063222852866765207,2062966299353837972,https://x.com/i/status/2062966299353837972,1,batch_0009.json
2063222852866765207,2062967776952660110,https://x.com/i/status/2062967776952660110,1,batch_0009.json
2063222852866765207,2062969559661842778,https://x.com/i/status/2062969559661842778,1,batch_0009.json
2063222852866765207,2062971262071148691,https://x.com/i/status/2062971262071148691,1,batch_0009.json
2063222852866765207,2062972013762028019,https://x.com/i/status/2062972013762028019,1,batch_0009.json
2063222852866765207,2062972622837514574,https://x.com/i/status/2062972622837514574,1,batch_0009.json
2063222852866765207,2062972672321958216,https://x.com/i/status/2062972672321958216,1,batch_0009.json
2063222852866765207,2062975275047014829,https://x.com/i/status/2062975275047014829,1,batch_0009.json
2063222852866765207,2062976469455016023,https://x.com/i/status/2062976469455016023,1,batch_0009.json
2063222852866765207,2062977166439031249,https://x.com/i/status/2062977166439031249,1,batch_0009.json
2063222852866765207,2062977550952067106,https://x.com/i/status/2062977550952067106,1,batch_0009.json
2063222852866765207,2062977578927902724,https://x.com/i/status/2062977578927902724,1,batch_0009.json
2063222852866765207,2062977640429171070,https://x.com/i/status/2062977640429171070,1,batch_0009.json
2063222852866765207,2062978037059027144,https://x.com/i/status/2062978037059027144,1,batch_0009.json
2063222852866765207,2062978144584224971,https://x.com/i/status/2062978144584224971,1,batch_0009.json
2063222852866765207,2062978233176408558,https://x.com/i/status/2062978233176408558,1,batch_0009.json
2063222852866765207,2062978666334724146,https://x.com/i/status/2062978666334724146,1,batch_0009.json
2063222852866765207,2062981556184977819,https://x.com/i/status/2062981556184977819,1,batch_0009.json
2063222852866765207,2062983041992012190,https://x.com/i/status/2062983041992012190,1,batch_0009.json
2063222852866765207,2062983836259254763,https://x.com/i/status/2062983836259254763,1,batch_0009.json
2063222852866765207,2062984485553979564,https://x.com/i/status/2062984485553979564,1,batch_0009.json
2063222852866765207,2062988218795008300,https://x.com/i/status/2062988218795008300,1,batch_0009.json
2063222852866765207,2062988365121610007,https://x.com/i/status/2062988365121610007,1,batch_0009.json
2063222852866765207,2062990862250877100,https://x.com/i/status/2062990862250877100,1,batch_0009.json
2063222852866765207,2062991127020466330,https://x.com/i/status/2062991127020466330,1,batch_0009.json
2063222852866765207,2062991458978656387,https://x.com/i/status/2062991458978656387,1,batch_0009.json
2063222852866765207,2062993370436575687,https://x.com/i/status/2062993370436575687,1,batch_0009.json
2063222852866765207,2062993528544715185,https://x.com/i/status/2062993528544715185,1,batch_0009.json
2063222852866765207,2062993584513515672,https://x.com/i/status/2062993584513515672,1,batch_0009.json
2063222852866765207,2062993791762538838,https://x.com/i/status/2062993791762538838,1,batch_0009.json
2063222852866765207,2062993898847211838,https://x.com/i/status/2062993898847211838,1,batch_0009.json
2063222852866765207,2062998284872925596,https://x.com/i/status/2062998284872925596,1,batch_0009.json
2063222852866765207,2062999764396851250,https://x.com/i/status/2062999764396851250,1,batch_0009.json
2063222852866765207,2063000329864569342,https://x.com/i/status/2063000329864569342,1,batch_0009.json
2063222852866765207,2063001799364358229,https://x.com/i/status/2063001799364358229,1,batch_0009.json
2063222852866765207,2063003910512492605,https://x.com/i/status/2063003910512492605,1,batch_0009.json
2063222852866765207,2063004278831378456,https://x.com/i/status/2063004278831378456,1,batch_0009.json
2063222852866765207,2063004315745141085,https://x.com/i/status/2063004315745141085,1,batch_0009.json
2063222852866765207,2063004389493661881,https://x.com/i/status/2063004389493661881,1,batch_0009.json
2063222852866765207,2063005571498783097,https://x.com/i/status/2063005571498783097,1,batch_0009.json
2063222852866765207,2063006714362773815,https://x.com/i/status/2063006714362773815,1,batch_0009.json
2063222852866765207,2063008442176942479,https://x.com/i/status/2063008442176942479,1,batch_0009.json
2063222852866765207,2063008506127769748,https://x.com/i/status/2063008506127769748,1,batch_0009.json
2063222852866765207,2063008717952504011,https://x.com/i/status/2063008717952504011,1,batch_0009.json
2063222852866765207,2063012610967027928,https://x.com/i/status/2063012610967027928,1,batch_0009.json
2063222852866765207,2063012812184535260,https://x.com/i/status/2063012812184535260,1,batch_0009.json
2063222852866765207,2063013039780032819,https://x.com/i/status/2063013039780032819,1,batch_0009.json
2063222852866765207,2063014648182342091,https://x.com/i/status/2063014648182342091,1,batch_0009.json
2063222852866765207,2063017037996183938,https://x.com/i/status/2063017037996183938,1,batch_0009.json
2063222852866765207,2063017367102214208,https://x.com/i/status/2063017367102214208,1,batch_0009.json
2063222852866765207,2063017929461862675,https://x.com/i/status/2063017929461862675,1,batch_0009.json
2063222852866765207,2063018860689711202,https://x.com/i/status/2063018860689711202,1,batch_0009.json
2063222852866765207,2063018862635790531,https://x.com/i/status/2063018862635790531,1,batch_0009.json
2063222852866765207,2063019613512716621,https://x.com/i/status/2063019613512716621,1,batch_0009.json
2063222852866765207,2063021882060784042,https://x.com/i/status/2063021882060784042,1,batch_0009.json
2063222852866765207,2063022100110053699,https://x.com/i/status/2063022100110053699,1,batch_0009.json
2063222852866765207,2063022563136004288,https://x.com/i/status/2063022563136004288,1,batch_0009.json
2063222852866765207,2063025369670680955,https://x.com/i/status/2063025369670680955,1,batch_0009.json
2063222852866765207,2063025636436848898,https://x.com/i/status/2063025636436848898,1,batch_0009.json
2063222852866765207,2063025934488285276,https://x.com/i/status/2063025934488285276,1,batch_0009.json
2063222852866765207,2063026397807804662,https://x.com/i/status/2063026397807804662,1,batch_0009.json
2063222852866765207,2063026414304313529,https://x.com/i/status/2063026414304313529,1,batch_0009.json
2063222852866765207,2063026939296727291,https://x.com/i/status/2063026939296727291,1,batch_0009.json
2063222852866765207,2063027493016043782,https://x.com/i/status/2063027493016043782,1,batch_0009.json
2063222852866765207,2063027821186838627,https://x.com/i/status/2063027821186838627,1,batch_0009.json
2063222852866765207,2063028051156275507,https://x.com/i/status/2063028051156275507,1,batch_0009.json
2063222852866765207,2063028758882529300,https://x.com/i/status/2063028758882529300,1,batch_0009.json
2063222852866765207,2063030527947428123,https://x.com/i/status/2063030527947428123,1,batch_0009.json
2063222852866765207,2063036472685690957,https://x.com/i/status/2063036472685690957,1,batch_0009.json
2063222852866765207,2063045095423639858,https://x.com/i/status/2063045095423639858,1,batch_0009.json
2063222852866765207,2063046699854053463,https://x.com/i/status/2063046699854053463,1,batch_0009.json
2063222852866765207,2063047603882008756,https://x.com/i/status/2063047603882008756,1,batch_0009.json
2063222852866765207,2063052786821165339,https://x.com/i/status/2063052786821165339,1,batch_0009.json
2063222852866765207,2063054917162430737,https://x.com/i/status/2063054917162430737,1,batch_0009.json
2063222852866765207,2063057982783373494,https://x.com/i/status/2063057982783373494,1,batch_0009.json
2063222852866765207,2063062647743103146,https://x.com/i/status/2063062647743103146,1,batch_0009.json
2063222852866765207,2063066766335451449,https://x.com/i/status/2063066766335451449,1,batch_0009.json
2063222852866765207,2063067323531948165,https://x.com/i/status/2063067323531948165,1,batch_0009.json
2063222852866765207,2063070872429314051,https://x.com/i/status/2063070872429314051,1,batch_0009.json
2063222852866765207,2063076333308027341,https://x.com/i/status/2063076333308027341,1,batch_0009.json
2063222852866765207,2063078678578524304,https://x.com/i/status/2063078678578524304,1,batch_0009.json
2063222852866765207,2063082677721342124,https://x.com/i/status/2063082677721342124,1,batch_0009.json
2063222852866765207,2063083544646226200,https://x.com/i/status/2063083544646226200,1,batch_0009.json
2063222852866765207,2063084394680930695,https://x.com/i/status/2063084394680930695,1,batch_0009.json
2063222852866765207,2063085927308591196,https://x.com/i/status/2063085927308591196,1,batch_0009.json
2063222852866765207,2063086914022830466,https://x.com/i/status/2063086914022830466,1,batch_0009.json
2063222852866765207,2063089997008224364,https://x.com/i/status/2063089997008224364,1,batch_0009.json
2063222852866765207,2063091067021393921,https://x.com/i/status/2063091067021393921,1,batch_0009.json
2063222852866765207,2063091663996965016,https://x.com/i/status/2063091663996965016,1,batch_0009.json
2063222852866765207,2063094611221073962,https://x.com/i/status/2063094611221073962,1,batch_0009.json
2063222852866765207,2063096421608472712,https://x.com/i/status/2063096421608472712,1,batch_0009.json
2063222852866765207,2063098766908125481,https://x.com/i/status/2063098766908125481,1,batch_0009.json
2063222852866765207,2063099151978791158,https://x.com/i/status/2063099151978791158,1,batch_0009.json
2063222852866765207,2063100076478873716,https://x.com/i/status/2063100076478873716,1,batch_0009.json
2063222852866765207,2063100255420477735,https://x.com/i/status/2063100255420477735,1,batch_0009.json
2063222852866765207,2063100652964937874,https://x.com/i/status/2063100652964937874,1,batch_0009.json
2063222852866765207,2063101421617361030,https://x.com/i/status/2063101421617361030,1,batch_0009.json
2063222852866765207,2063107147572134239,https://x.com/i/status/2063107147572134239,1,batch_0009.json
2063222852866765207,2063110133605867913,https://x.com/i/status/2063110133605867913,1,batch_0009.json
2063222852866765207,2063111595669197238,https://x.com/i/status/2063111595669197238,1,batch_0009.json
2063222852866765207,2063112887095169222,https://x.com/i/status/2063112887095169222,1,batch_0009.json
2063222852866765207,2063113168201580646,https://x.com/i/status/2063113168201580646,1,batch_0009.json
2063222852866765207,2063120240477614358,https://x.com/i/status/2063120240477614358,1,batch_0009.json
2063222852866765207,2063122250644042015,https://x.com/i/status/2063122250644042015,1,batch_0009.json
2063222852866765207,2063123191778754607,https://x.com/i/status/2063123191778754607,1,batch_0009.json
2063222852866765207,2063123197130580055,https://x.com/i/status/2063123197130580055,1,batch_0009.json
2063222852866765207,2063123574353691115,https://x.com/i/status/2063123574353691115,1,batch_0009.json
2063222852866765207,2063124880116342792,https://x.com/i/status/2063124880116342792,1,batch_0009.json
2063222852866765207,2063127196848238706,https://x.com/i/status/2063127196848238706,1,batch_0009.json
2063222852866765207,2063127584427172033,https://x.com/i/status/2063127584427172033,1,batch_0009.json
2063222852866765207,2063130506863001721,https://x.com/i/status/2063130506863001721,1,batch_0009.json
2063222852866765207,2063130669581230196,https://x.com/i/status/2063130669581230196,1,batch_0009.json
2063222852866765207,2063133039618674898,https://x.com/i/status/2063133039618674898,1,batch_0009.json
2063222852866765207,2063133047026065626,https://x.com/i/status/2063133047026065626,1,batch_0009.json
2063222852866765207,2063133964080910340,https://x.com/i/status/2063133964080910340,1,batch_0009.json
2063222852866765207,2063134826774114342,https://x.com/i/status/2063134826774114342,1,batch_0009.json
2063222852866765207,2063138542465753290,https://x.com/i/status/2063138542465753290,1,batch_0009.json
2063222852866765207,2063139230545563754,https://x.com/i/status/2063139230545563754,1,batch_0009.json
2063222852866765207,2063140427008749869,https://x.com/i/status/2063140427008749869,1,batch_0009.json
2063222852866765207,2063140656826986582,https://x.com/i/status/2063140656826986582,1,batch_0009.json
2063222852866765207,2063142055665164510,https://x.com/i/status/2063142055665164510,1,batch_0009.json
2063222852866765207,2063143004370530572,https://x.com/i/status/2063143004370530572,1,batch_0009.json
2063222852866765207,2063145879700205598,https://x.com/i/status/2063145879700205598,1,batch_0009.json
2063222852866765207,2063146635593716167,https://x.com/i/status/2063146635593716167,1,batch_0009.json
2063222852866765207,2063147114587152634,https://x.com/i/status/2063147114587152634,1,batch_0009.json
2063222852866765207,2063148355770024272,https://x.com/i/status/2063148355770024272,1,batch_0009.json
2063222852866765207,2063151165219696937,https://x.com/i/status/2063151165219696937,1,batch_0009.json
2063222852866765207,2063151381335187505,https://x.com/i/status/2063151381335187505,1,batch_0009.json
2063222852866765207,2063152363888668798,https://x.com/i/status/2063152363888668798,1,batch_0009.json
2063222852866765207,2063159651793764405,https://x.com/i/status/2063159651793764405,1,batch_0009.json
2063222852866765207,2063159796027547754,https://x.com/i/status/2063159796027547754,1,batch_0009.json
2063222852866765207,2063159883172548832,https://x.com/i/status/2063159883172548832,1,batch_0009.json
2063222852866765207,2063161006986031452,https://x.com/i/status/2063161006986031452,1,batch_0009.json
2063222852866765207,2063161966244327439,https://x.com/i/status/2063161966244327439,1,batch_0009.json
2063222852866765207,2063162146763223544,https://x.com/i/status/2063162146763223544,1,batch_0009.json
2063222852866765207,2063163316906689010,https://x.com/i/status/2063163316906689010,1,batch_0009.json
2063222852866765207,2063165452923138330,https://x.com/i/status/2063165452923138330,1,batch_0009.json
2063222852866765207,2063166587264184641,https://x.com/i/status/2063166587264184641,1,batch_0009.json
2063222852866765207,2063171376509591871,https://x.com/i/status/2063171376509591871,1,batch_0009.json
2063222852866765207,2063172298043961584,https://x.com/i/status/2063172298043961584,1,batch_0009.json
2063222852866765207,2063175890222063640,https://x.com/i/status/2063175890222063640,1,batch_0009.json
2063222852866765207,2063177117026898417,https://x.com/i/status/2063177117026898417,1,batch_0009.json
2063222852866765207,2063178143062426059,https://x.com/i/status/2063178143062426059,1,batch_0009.json
2063222852866765207,2063180389577842756,https://x.com/i/status/2063180389577842756,1,batch_0009.json
2063222852866765207,2063183911203840255,https://x.com/i/status/2063183911203840255,1,batch_0009.json
2063222852866765207,2063187884186755529,https://x.com/i/status/2063187884186755529,1,batch_0009.json
2063222852866765207,2063192246879728048,https://x.com/i/status/2063192246879728048,1,batch_0009.json
2063222852866765207,2063193405182910926,https://x.com/i/status/2063193405182910926,1,batch_0009.json
2063222852866765207,2063193848889897378,https://x.com/i/status/2063193848889897378,1,batch_0009.json
2063222852866765207,2063196598704689495,https://x.com/i/status/2063196598704689495,1,batch_0009.json
2063222852866765207,2063196810340975014,https://x.com/i/status/2063196810340975014,1,batch_0009.json
2063222852866765207,2063197769662185774,https://x.com/i/status/2063197769662185774,1,batch_0009.json
2063222852866765207,2063199223676555564,https://x.com/i/status/2063199223676555564,1,batch_0009.json
2063222852866765207,2063205311138402612,https://x.com/i/status/2063205311138402612,1,batch_0009.json
2063222852866765207,2063205434128011461,https://x.com/i/status/2063205434128011461,1,batch_0009.json
2063222852866765207,2063209279075627074,https://x.com/i/status/2063209279075627074,1,batch_0009.json
2063222852866765207,2063213827978645828,https://x.com/i/status/2063213827978645828,1,batch_0009.json
2063222852866765207,2063213870458478773,https://x.com/i/status/2063213870458478773,1,batch_0009.json
2063222852866765207,2063220947071692909,https://x.com/i/status/2063220947071692909,1,batch_0009.json
2063222852866765207,2063221075333230881,https://x.com/i/status/2063221075333230881,1,batch_0009.json
2063222852866765207,2063221448991215896,https://x.com/i/status/2063221448991215896,1,batch_0009.json
2063222852866765207,2063222486032863286,https://x.com/i/status/2063222486032863286,1,batch_0009.json
2063222852866765207,2063228974017245510,https://x.com/i/status/2063228974017245510,1,batch_0009.json
2063259905453126046,2062879338937098621,https://x.com/i/status/2062879338937098621,1,batch_0009.json
2063259905453126046,2063009231947665919,https://x.com/i/status/2063009231947665919,1,batch_0009.json
2063259905453126046,2063051121787015589,https://x.com/i/status/2063051121787015589,1,batch_0009.json
2063259905453126046,2063065067252297816,https://x.com/i/status/2063065067252297816,1,batch_0009.json
2063259905453126046,2063081326408868063,https://x.com/i/status/2063081326408868063,1,batch_0009.json
2063259905453126046,2063084340435685826,https://x.com/i/status/2063084340435685826,1,batch_0009.json
2063259905453126046,2063086935237603803,https://x.com/i/status/2063086935237603803,1,batch_0009.json
2063259905453126046,2063087608088215726,https://x.com/i/status/2063087608088215726,1,batch_0009.json
2063259905453126046,2063087650379063724,https://x.com/i/status/2063087650379063724,1,batch_0009.json
2063259905453126046,2063088623574987150,https://x.com/i/status/2063088623574987150,1,batch_0009.json
2063259905453126046,2063089758562083065,https://x.com/i/status/2063089758562083065,1,batch_0009.json
2063259905453126046,2063095320989274249,https://x.com/i/status/2063095320989274249,1,batch_0009.json
2063259905453126046,2063095475822047696,https://x.com/i/status/2063095475822047696,1,batch_0009.json
2063259905453126046,2063111062308761854,https://x.com/i/status/2063111062308761854,1,batch_0009.json
2063259905453126046,2063112257337270416,https://x.com/i/status/2063112257337270416,1,batch_0009.json
2063259905453126046,2063117514477805641,https://x.com/i/status/2063117514477805641,1,batch_0009.json
2063259905453126046,2063124195886719428,https://x.com/i/status/2063124195886719428,1,batch_0009.json
2063259905453126046,2063147268174176363,https://x.com/i/status/2063147268174176363,1,batch_0009.json
2063259905453126046,2063149070399455609,https://x.com/i/status/2063149070399455609,1,batch_0009.json
2063259905453126046,2063152408587337846,https://x.com/i/status/2063152408587337846,1,batch_0009.json
2063259905453126046,2063156251358347700,https://x.com/i/status/2063156251358347700,1,batch_0009.json
2063259905453126046,2063156704984846674,https://x.com/i/status/2063156704984846674,1,batch_0009.json
2063259905453126046,2063158462234705980,https://x.com/i/status/2063158462234705980,1,batch_0009.json
2063259905453126046,2063161293893235129,https://x.com/i/status/2063161293893235129,1,batch_0009.json
2063259905453126046,2063161897193558206,https://x.com/i/status/2063161897193558206,1,batch_0009.json
2063259905453126046,2063165960610038093,https://x.com/i/status/2063165960610038093,1,batch_0009.json
2063259905453126046,2063166709196894633,https://x.com/i/status/2063166709196894633,1,batch_0009.json
2063259905453126046,2063169202362470480,https://x.com/i/status/2063169202362470480,1,batch_0009.json
2063259905453126046,2063182832520798428,https://x.com/i/status/2063182832520798428,1,batch_0009.json
2063259905453126046,2063184845379936259,https://x.com/i/status/2063184845379936259,1,batch_0009.json
2063259905453126046,2063185980983500900,https://x.com/i/status/2063185980983500900,1,batch_0009.json
2063259905453126046,2063186392935457250,https://x.com/i/status/2063186392935457250,1,batch_0009.json
2063259905453126046,2063188917302542561,https://x.com/i/status/2063188917302542561,1,batch_0009.json
2063259905453126046,2063190626993131538,https://x.com/i/status/2063190626993131538,1,batch_0009.json
2063259905453126046,2063192804306587839,https://x.com/i/status/2063192804306587839,1,batch_0009.json
2063259905453126046,2063196476788899862,https://x.com/i/status/2063196476788899862,1,batch_0009.json
2063259905453126046,2063198300593868801,https://x.com/i/status/2063198300593868801,1,batch_0009.json
2063259905453126046,2063199575280660927,https://x.com/i/status/2063199575280660927,1,batch_0009.json
2063259905453126046,2063200086096527854,https://x.com/i/status/2063200086096527854,1,batch_0009.json
2063259905453126046,2063200489496359312,https://x.com/i/status/2063200489496359312,1,batch_0009.json
2063259905453126046,2063201010802135415,https://x.com/i/status/2063201010802135415,1,batch_0009.json
2063259905453126046,2063201692628173159,https://x.com/i/status/2063201692628173159,1,batch_0009.json
2063259905453126046,2063203076287201357,https://x.com/i/status/2063203076287201357,1,batch_0009.json
2063259905453126046,2063203351093776462,https://x.com/i/status/2063203351093776462,1,batch_0009.json
2063259905453126046,2063203878758232349,https://x.com/i/status/2063203878758232349,1,batch_0009.json
2063259905453126046,2063206147675365601,https://x.com/i/status/2063206147675365601,1,batch_0009.json
2063259905453126046,2063206735288975417,https://x.com/i/status/2063206735288975417,1,batch_0009.json
2063259905453126046,2063208682712695250,https://x.com/i/status/2063208682712695250,1,batch_0009.json
2063259905453126046,2063209671654076749,https://x.com/i/status/2063209671654076749,1,batch_0009.json
2063259905453126046,2063209943533060448,https://x.com/i/status/2063209943533060448,1,batch_0009.json
2063259905453126046,2063212578226983005,https://x.com/i/status/2063212578226983005,1,batch_0009.json
2063259905453126046,2063213318156763521,https://x.com/i/status/2063213318156763521,1,batch_0009.json
2063259905453126046,2063218096114970852,https://x.com/i/status/2063218096114970852,1,batch_0009.json
2063259905453126046,2063218910258778169,https://x.com/i/status/2063218910258778169,1,batch_0009.json
2063259905453126046,2063219712188694812,https://x.com/i/status/2063219712188694812,1,batch_0009.json
2063259905453126046,2063226134095925262,https://x.com/i/status/2063226134095925262,1,batch_0009.json
2063259905453126046,2063227925768401362,https://x.com/i/status/2063227925768401362,1,batch_0009.json
2063259905453126046,2063235535800271200,https://x.com/i/status/2063235535800271200,1,batch_0009.json
2063259905453126046,2063238465475452983,https://x.com/i/status/2063238465475452983,1,batch_0009.json
2063259905453126046,2063239314171969589,https://x.com/i/status/2063239314171969589,1,batch_0009.json
2063259905453126046,2063241749070217406,https://x.com/i/status/2063241749070217406,1,batch_0009.json
2063259905453126046,2063242312105291818,https://x.com/i/status/2063242312105291818,1,batch_0009.json
2063259905453126046,2063247979230749052,https://x.com/i/status/2063247979230749052,1,batch_0009.json
2063259905453126046,2063258806843285570,https://x.com/i/status/2063258806843285570,1,batch_0009.json
2063259905453126046,2063281677435064618,https://x.com/i/status/2063281677435064618,1,batch_0009.json
2063540893517295678,2056369378783019092,https://x.com/i/status/2056369378783019092,1,batch_0009.json
2063540893517295678,2056823917977719212,https://x.com/i/status/2056823917977719212,1,batch_0009.json
2063540893517295678,2057571988613345401,https://x.com/i/status/2057571988613345401,1,batch_0009.json
2063540893517295678,2058017439678378293,https://x.com/i/status/2058017439678378293,1,batch_0009.json
2063646518058344820,2063343174165446994,https://x.com/i/status/2063343174165446994,1,batch_0009.json
2063646518058344820,2063354964882124935,https://x.com/i/status/2063354964882124935,1,batch_0009.json
2063646518058344820,2063596377507053742,https://x.com/i/status/2063596377507053742,1,batch_0009.json
2063646518058344820,2063685751162675549,https://x.com/i/status/2063685751162675549,1,batch_0009.json
2063646518058344820,2063696009012674674,https://x.com/i/status/2063696009012674674,1,batch_0009.json
2063646518058344820,2064389793333510616,https://x.com/i/status/2064389793333510616,1,batch_0009.json
2063649245664579919,2063566421087367616,https://x.com/i/status/2063566421087367616,1,batch_0009.json
2063649245664579919,2063568995517616452,https://x.com/i/status/2063568995517616452,1,batch_0009.json
2063649245664579919,2063575056622530990,https://x.com/i/status/2063575056622530990,1,batch_0009.json
2063649245664579919,2063577849341055456,https://x.com/i/status/2063577849341055456,1,batch_0009.json
2063649245664579919,2063578162550751538,https://x.com/i/status/2063578162550751538,1,batch_0009.json
2063649245664579919,2063580690512216160,https://x.com/i/status/2063580690512216160,1,batch_0009.json
2063649245664579919,2063586114829430883,https://x.com/i/status/2063586114829430883,1,batch_0009.json
2063649245664579919,2063586503876362745,https://x.com/i/status/2063586503876362745,1,batch_0009.json
2063649245664579919,2063587355047375020,https://x.com/i/status/2063587355047375020,1,batch_0009.json
2063649245664579919,2063610257402704195,https://x.com/i/status/2063610257402704195,1,batch_0009.json
2063649245664579919,2063622492858511767,https://x.com/i/status/2063622492858511767,1,batch_0009.json
2063649245664579919,2063633384165740765,https://x.com/i/status/2063633384165740765,1,batch_0009.json
2063649245664579919,2063635148827214205,https://x.com/i/status/2063635148827214205,1,batch_0009.json
2063649245664579919,2063657217161638392,https://x.com/i/status/2063657217161638392,1,batch_0009.json
2063650308975218916,2063591440727355649,https://x.com/i/status/2063591440727355649,1,batch_0009.json
2063650308975218916,2063605781908341081,https://x.com/i/status/2063605781908341081,1,batch_0009.json
2063650308975218916,2063645447449927875,https://x.com/i/status/2063645447449927875,1,batch_0009.json
2063650308975218916,2063645927835832493,https://x.com/i/status/2063645927835832493,1,batch_0009.json
2063650308975218916,2063664813373350057,https://x.com/i/status/2063664813373350057,1,batch_0009.json
2063650308975218916,2063680071009780077,https://x.com/i/status/2063680071009780077,1,batch_0009.json
2063650308975218916,2063680349419266115,https://x.com/i/status/2063680349419266115,1,batch_0009.json
2063710745359978649,2060717594458591392,https://x.com/i/status/2060717594458591392,1,batch_0009.json
2063710745359978649,2061092808577130794,https://x.com/i/status/2061092808577130794,1,batch_0009.json
2063710745359978649,2063289816691646928,https://x.com/i/status/2063289816691646928,1,batch_0009.json
2063710745359978649,2063516309254766677,https://x.com/i/status/2063516309254766677,1,batch_0009.json
2063710745359978649,2063663359627571377,https://x.com/i/status/2063663359627571377,1,batch_0009.json
2063710745359978649,2063666413944864979,https://x.com/i/status/2063666413944864979,1,batch_0009.json
2063710745359978649,2063694832598487425,https://x.com/i/status/2063694832598487425,1,batch_0009.json
2063710745359978649,2063697221896560923,https://x.com/i/status/2063697221896560923,1,batch_0009.json
2063916781266239999,2063576897448182108,https://x.com/i/status/2063576897448182108,0,batch_shard_02_0001.json
2063916781266239999,2063609965613384180,https://x.com/i/status/2063609965613384180,0,batch_shard_02_0001.json
2063916781266239999,2063613075589153202,https://x.com/i/status/2063613075589153202,0,batch_shard_02_0001.json
2063916781266239999,2063613502158209057,https://x.com/i/status/2063613502158209057,0,batch_shard_02_0001.json
2063916781266239999,2063614484241912297,https://x.com/i/status/2063614484241912297,0,batch_shard_02_0001.json
2063916781266239999,2063614595600957577,https://x.com/i/status/2063614595600957577,0,batch_shard_02_0001.json
2063916781266239999,2063615650149412873,https://x.com/i/status/2063615650149412873,0,batch_shard_02_0001.json
2063916781266239999,2063616068233376212,https://x.com/i/status/2063616068233376212,0,batch_shard_02_0001.json
2063916781266239999,2063616209187471394,https://x.com/i/status/2063616209187471394,0,batch_shard_02_0001.json
2063916781266239999,2063616418248024428,https://x.com/i/status/2063616418248024428,0,batch_shard_02_0001.json
2063916781266239999,2063616694686269494,https://x.com/i/status/2063616694686269494,0,batch_shard_02_0001.json
2063916781266239999,2063616820024844772,https://x.com/i/status/2063616820024844772,0,batch_shard_02_0001.json
2063916781266239999,2063616903407665167,https://x.com/i/status/2063616903407665167,0,batch_shard_02_0001.json
2063916781266239999,2063617761436434537,https://x.com/i/status/2063617761436434537,0,batch_shard_02_0001.json
2063916781266239999,2063618061672792245,https://x.com/i/status/2063618061672792245,0,batch_shard_02_0001.json
2063916781266239999,2063619664899342617,https://x.com/i/status/2063619664899342617,0,batch_shard_02_0001.json
2063916781266239999,2063619959700570451,https://x.com/i/status/2063619959700570451,0,batch_shard_02_0001.json
2063916781266239999,2063620211576561787,https://x.com/i/status/2063620211576561787,0,batch_shard_02_0001.json
2063916781266239999,2063620497967890522,https://x.com/i/status/2063620497967890522,0,batch_shard_02_0001.json
2063916781266239999,2063620634546962624,https://x.com/i/status/2063620634546962624,0,batch_shard_02_0001.json
2063916781266239999,2063620705825239328,https://x.com/i/status/2063620705825239328,0,batch_shard_02_0001.json
2063916781266239999,2063621379728056632,https://x.com/i/status/2063621379728056632,0,batch_shard_02_0001.json
2063916781266239999,2063621622716658172,https://x.com/i/status/2063621622716658172,0,batch_shard_02_0001.json
2063916781266239999,2063622027777311105,https://x.com/i/status/2063622027777311105,0,batch_shard_02_0001.json
2063916781266239999,2063623616227377556,https://x.com/i/status/2063623616227377556,0,batch_shard_02_0001.json
2063916781266239999,2063623943039394036,https://x.com/i/status/2063623943039394036,0,batch_shard_02_0001.json
2063916781266239999,2063624891761394027,https://x.com/i/status/2063624891761394027,0,batch_shard_02_0001.json
2063916781266239999,2063625759843828055,https://x.com/i/status/2063625759843828055,0,batch_shard_02_0001.json
2063916781266239999,2063627853317505102,https://x.com/i/status/2063627853317505102,0,batch_shard_02_0001.json
2063916781266239999,2063628415102775335,https://x.com/i/status/2063628415102775335,0,batch_shard_02_0001.json
2063916781266239999,2063628739515175348,https://x.com/i/status/2063628739515175348,0,batch_shard_02_0001.json
2063916781266239999,2063629064259137707,https://x.com/i/status/2063629064259137707,0,batch_shard_02_0001.json
2063916781266239999,2063629251090509843,https://x.com/i/status/2063629251090509843,0,batch_shard_02_0001.json
2063916781266239999,2063630055801073952,https://x.com/i/status/2063630055801073952,0,batch_shard_02_0001.json
2063916781266239999,2063630605905285399,https://x.com/i/status/2063630605905285399,0,batch_shard_02_0001.json
2063916781266239999,2063633273394249892,https://x.com/i/status/2063633273394249892,0,batch_shard_02_0001.json
2063916781266239999,2063634000724516960,https://x.com/i/status/2063634000724516960,0,batch_shard_02_0001.json
2063916781266239999,2063634219604013129,https://x.com/i/status/2063634219604013129,0,batch_shard_02_0001.json
2063916781266239999,2063634350390792309,https://x.com/i/status/2063634350390792309,0,batch_shard_02_0001.json
2063916781266239999,2063634509791150565,https://x.com/i/status/2063634509791150565,0,batch_shard_02_0001.json
2063916781266239999,2063634510139334784,https://x.com/i/status/2063634510139334784,0,batch_shard_02_0001.json
2063916781266239999,2063635127813488671,https://x.com/i/status/2063635127813488671,0,batch_shard_02_0001.json
2063916781266239999,2063635494945104288,https://x.com/i/status/2063635494945104288,0,batch_shard_02_0001.json
2063916781266239999,2063635561739325944,https://x.com/i/status/2063635561739325944,0,batch_shard_02_0001.json
2063916781266239999,2063636104155169108,https://x.com/i/status/2063636104155169108,0,batch_shard_02_0001.json
2063916781266239999,2063636993633120707,https://x.com/i/status/2063636993633120707,0,batch_shard_02_0001.json
2063916781266239999,2063638416969875904,https://x.com/i/status/2063638416969875904,0,batch_shard_02_0001.json
2063916781266239999,2063639341331554626,https://x.com/i/status/2063639341331554626,0,batch_shard_02_0001.json
2063916781266239999,2063639508047065269,https://x.com/i/status/2063639508047065269,0,batch_shard_02_0001.json
2063916781266239999,2063639881650524293,https://x.com/i/status/2063639881650524293,0,batch_shard_02_0001.json
2063916781266239999,2063640157707014428,https://x.com/i/status/2063640157707014428,0,batch_shard_02_0001.json
2063916781266239999,2063640578827403372,https://x.com/i/status/2063640578827403372,0,batch_shard_02_0001.json
2063916781266239999,2063641175152558182,https://x.com/i/status/2063641175152558182,0,batch_shard_02_0001.json
2063916781266239999,2063641204127068397,https://x.com/i/status/2063641204127068397,0,batch_shard_02_0001.json
2063916781266239999,2063642143101530125,https://x.com/i/status/2063642143101530125,0,batch_shard_02_0001.json
2063916781266239999,2063642712092377274,https://x.com/i/status/2063642712092377274,0,batch_shard_02_0001.json
2063916781266239999,2063643894936391862,https://x.com/i/status/2063643894936391862,0,batch_shard_02_0001.json
2063916781266239999,2063645650760159528,https://x.com/i/status/2063645650760159528,0,batch_shard_02_0001.json
2063916781266239999,2063645755840352703,https://x.com/i/status/2063645755840352703,0,batch_shard_02_0001.json
2063916781266239999,2063645975886066024,https://x.com/i/status/2063645975886066024,0,batch_shard_02_0001.json
2063916781266239999,2063646283122843675,https://x.com/i/status/2063646283122843675,0,batch_shard_02_0001.json
2063916781266239999,2063646903066034281,https://x.com/i/status/2063646903066034281,0,batch_shard_02_0001.json
2063916781266239999,2063647374363304444,https://x.com/i/status/2063647374363304444,0,batch_shard_02_0001.json
2063916781266239999,2063649573629768049,https://x.com/i/status/2063649573629768049,0,batch_shard_02_0001.json
2063916781266239999,2063649818296091063,https://x.com/i/status/2063649818296091063,0,batch_shard_02_0001.json
2063916781266239999,2063653057825530099,https://x.com/i/status/2063653057825530099,0,batch_shard_02_0001.json
2063916781266239999,2063654319505760671,https://x.com/i/status/2063654319505760671,0,batch_shard_02_0001.json
2063916781266239999,2063655059137708375,https://x.com/i/status/2063655059137708375,0,batch_shard_02_0001.json
2063916781266239999,2063655629906903124,https://x.com/i/status/2063655629906903124,0,batch_shard_02_0001.json
2063916781266239999,2063655726560465145,https://x.com/i/status/2063655726560465145,0,batch_shard_02_0001.json
2063916781266239999,2063655737327325298,https://x.com/i/status/2063655737327325298,0,batch_shard_02_0001.json
2063916781266239999,2063655853069123959,https://x.com/i/status/2063655853069123959,0,batch_shard_02_0001.json
2063916781266239999,2063655948149723626,https://x.com/i/status/2063655948149723626,0,batch_shard_02_0001.json
2063916781266239999,2063656118707003526,https://x.com/i/status/2063656118707003526,0,batch_shard_02_0001.json
2063916781266239999,2063657090099380303,https://x.com/i/status/2063657090099380303,0,batch_shard_02_0001.json
2063916781266239999,2063657745962664248,https://x.com/i/status/2063657745962664248,0,batch_shard_02_0001.json
2063916781266239999,2063658042315481302,https://x.com/i/status/2063658042315481302,0,batch_shard_02_0001.json
2063916781266239999,2063659881639403575,https://x.com/i/status/2063659881639403575,0,batch_shard_02_0001.json
2063916781266239999,2063660115085930904,https://x.com/i/status/2063660115085930904,0,batch_shard_02_0001.json
2063916781266239999,2063662235994526149,https://x.com/i/status/2063662235994526149,0,batch_shard_02_0001.json
2063916781266239999,2063662606540304838,https://x.com/i/status/2063662606540304838,0,batch_shard_02_0001.json
2063916781266239999,2063663041087172775,https://x.com/i/status/2063663041087172775,0,batch_shard_02_0001.json
2063916781266239999,2063663284436254791,https://x.com/i/status/2063663284436254791,0,batch_shard_02_0001.json
2063916781266239999,2063666454042415128,https://x.com/i/status/2063666454042415128,0,batch_shard_02_0001.json
2063916781266239999,2063666804216459604,https://x.com/i/status/2063666804216459604,0,batch_shard_02_0001.json
2063916781266239999,2063667201232850980,https://x.com/i/status/2063667201232850980,0,batch_shard_02_0001.json
2063916781266239999,2063667781875507649,https://x.com/i/status/2063667781875507649,0,batch_shard_02_0001.json
2063916781266239999,2063667872531193881,https://x.com/i/status/2063667872531193881,0,batch_shard_02_0001.json
2063916781266239999,2063668446445937130,https://x.com/i/status/2063668446445937130,0,batch_shard_02_0001.json
2063916781266239999,2063669360539955524,https://x.com/i/status/2063669360539955524,0,batch_shard_02_0001.json
2063916781266239999,2063669371436720460,https://x.com/i/status/2063669371436720460,0,batch_shard_02_0001.json
2063916781266239999,2063669830251941998,https://x.com/i/status/2063669830251941998,0,batch_shard_02_0001.json
2063916781266239999,2063670553039208580,https://x.com/i/status/2063670553039208580,0,batch_shard_02_0001.json
2063916781266239999,2063670907365675404,https://x.com/i/status/2063670907365675404,0,batch_shard_02_0001.json
2063916781266239999,2063671110143467895,https://x.com/i/status/2063671110143467895,0,batch_shard_02_0001.json
2063916781266239999,2063671713087234446,https://x.com/i/status/2063671713087234446,0,batch_shard_02_0001.json
2063916781266239999,2063671857883005377,https://x.com/i/status/2063671857883005377,0,batch_shard_02_0001.json
2063916781266239999,2063671928578076682,https://x.com/i/status/2063671928578076682,0,batch_shard_02_0001.json
2063916781266239999,2063673124747464887,https://x.com/i/status/2063673124747464887,0,batch_shard_02_0001.json
2063916781266239999,2063673467380051980,https://x.com/i/status/2063673467380051980,0,batch_shard_02_0001.json
2063916781266239999,2063673897136849226,https://x.com/i/status/2063673897136849226,0,batch_shard_02_0001.json
2063916781266239999,2063674352298823852,https://x.com/i/status/2063674352298823852,0,batch_shard_02_0001.json
2063916781266239999,2063674468200067556,https://x.com/i/status/2063674468200067556,0,batch_shard_02_0001.json
2063916781266239999,2063674490161156291,https://x.com/i/status/2063674490161156291,0,batch_shard_02_0001.json
2063916781266239999,2063675952345866393,https://x.com/i/status/2063675952345866393,0,batch_shard_02_0001.json
2063916781266239999,2063678389513224419,https://x.com/i/status/2063678389513224419,0,batch_shard_02_0001.json
2063916781266239999,2063678774718185611,https://x.com/i/status/2063678774718185611,0,batch_shard_02_0001.json
2063916781266239999,2063680119693341012,https://x.com/i/status/2063680119693341012,0,batch_shard_02_0001.json
2063916781266239999,2063680365018153032,https://x.com/i/status/2063680365018153032,0,batch_shard_02_0001.json
2063916781266239999,2063680589484707959,https://x.com/i/status/2063680589484707959,0,batch_shard_02_0001.json
2063916781266239999,2063680746997629139,https://x.com/i/status/2063680746997629139,0,batch_shard_02_0001.json
2063916781266239999,2063681254994624592,https://x.com/i/status/2063681254994624592,0,batch_shard_02_0001.json
2063916781266239999,2063681614337720534,https://x.com/i/status/2063681614337720534,0,batch_shard_02_0001.json
2063916781266239999,2063682253662613731,https://x.com/i/status/2063682253662613731,0,batch_shard_02_0001.json
2063916781266239999,2063682712913777090,https://x.com/i/status/2063682712913777090,0,batch_shard_02_0001.json
2063916781266239999,2063682716697055458,https://x.com/i/status/2063682716697055458,0,batch_shard_02_0001.json
2063916781266239999,2063682797504434582,https://x.com/i/status/2063682797504434582,0,batch_shard_02_0001.json
2063916781266239999,2063683294336573766,https://x.com/i/status/2063683294336573766,0,batch_shard_02_0001.json
2063916781266239999,2063684130961854834,https://x.com/i/status/2063684130961854834,0,batch_shard_02_0001.json
2063916781266239999,2063689010732527860,https://x.com/i/status/2063689010732527860,0,batch_shard_02_0001.json
2063916781266239999,2063689288881942837,https://x.com/i/status/2063689288881942837,0,batch_shard_02_0001.json
2063916781266239999,2063689312521134187,https://x.com/i/status/2063689312521134187,0,batch_shard_02_0001.json
2063916781266239999,2063689551881687322,https://x.com/i/status/2063689551881687322,0,batch_shard_02_0001.json
2063916781266239999,2063689767909253121,https://x.com/i/status/2063689767909253121,0,batch_shard_02_0001.json
2063916781266239999,2063690669005164894,https://x.com/i/status/2063690669005164894,0,batch_shard_02_0001.json
2063916781266239999,2063691260183863509,https://x.com/i/status/2063691260183863509,0,batch_shard_02_0001.json
2063916781266239999,2063691400869511371,https://x.com/i/status/2063691400869511371,0,batch_shard_02_0001.json
2063916781266239999,2063691675872997502,https://x.com/i/status/2063691675872997502,0,batch_shard_02_0001.json
2063916781266239999,2063691831733350900,https://x.com/i/status/2063691831733350900,0,batch_shard_02_0001.json
2063916781266239999,2063692753209336015,https://x.com/i/status/2063692753209336015,0,batch_shard_02_0001.json
2063916781266239999,2063693341439434863,https://x.com/i/status/2063693341439434863,0,batch_shard_02_0001.json
2063916781266239999,2063694627413361086,https://x.com/i/status/2063694627413361086,0,batch_shard_02_0001.json
2063916781266239999,2063696196019892232,https://x.com/i/status/2063696196019892232,0,batch_shard_02_0001.json
2063916781266239999,2063696759105208712,https://x.com/i/status/2063696759105208712,0,batch_shard_02_0001.json
2063916781266239999,2063697871254458469,https://x.com/i/status/2063697871254458469,0,batch_shard_02_0001.json
2063916781266239999,2063698337295999118,https://x.com/i/status/2063698337295999118,0,batch_shard_02_0001.json
2063916781266239999,2063698636974723551,https://x.com/i/status/2063698636974723551,0,batch_shard_02_0001.json
2063916781266239999,2063698914365059521,https://x.com/i/status/2063698914365059521,0,batch_shard_02_0001.json
2063916781266239999,2063700439821086835,https://x.com/i/status/2063700439821086835,0,batch_shard_02_0001.json
2063916781266239999,2063700800375792113,https://x.com/i/status/2063700800375792113,0,batch_shard_02_0001.json
2063916781266239999,2063701243155943545,https://x.com/i/status/2063701243155943545,0,batch_shard_02_0001.json
2063916781266239999,2063701711428956214,https://x.com/i/status/2063701711428956214,0,batch_shard_02_0001.json
2063916781266239999,2063705610680488355,https://x.com/i/status/2063705610680488355,0,batch_shard_02_0001.json
2063916781266239999,2063706233626865695,https://x.com/i/status/2063706233626865695,0,batch_shard_02_0001.json
2063916781266239999,2063707264091873647,https://x.com/i/status/2063707264091873647,0,batch_shard_02_0001.json
2063916781266239999,2063708523247132764,https://x.com/i/status/2063708523247132764,0,batch_shard_02_0001.json
2063916781266239999,2063709065591562629,https://x.com/i/status/2063709065591562629,0,batch_shard_02_0001.json
2063916781266239999,2063709935444406581,https://x.com/i/status/2063709935444406581,0,batch_shard_02_0001.json
2063916781266239999,2063710001189834802,https://x.com/i/status/2063710001189834802,0,batch_shard_02_0001.json
2063916781266239999,2063710283810451536,https://x.com/i/status/2063710283810451536,0,batch_shard_02_0001.json
2063916781266239999,2063710542985154812,https://x.com/i/status/2063710542985154812,0,batch_shard_02_0001.json
2063916781266239999,2063710837009776757,https://x.com/i/status/2063710837009776757,0,batch_shard_02_0001.json
2063916781266239999,2063711074252132581,https://x.com/i/status/2063711074252132581,0,batch_shard_02_0001.json
2063916781266239999,2063711662587175080,https://x.com/i/status/2063711662587175080,0,batch_shard_02_0001.json
2063916781266239999,2063712045988491571,https://x.com/i/status/2063712045988491571,0,batch_shard_02_0001.json
2063916781266239999,2063712077026590804,https://x.com/i/status/2063712077026590804,0,batch_shard_02_0001.json
2063916781266239999,2063712907897291031,https://x.com/i/status/2063712907897291031,0,batch_shard_02_0001.json
2063916781266239999,2063713577018552776,https://x.com/i/status/2063713577018552776,0,batch_shard_02_0001.json
2063916781266239999,2063713579358888132,https://x.com/i/status/2063713579358888132,0,batch_shard_02_0001.json
2063916781266239999,2063715756982817158,https://x.com/i/status/2063715756982817158,0,batch_shard_02_0001.json
2063916781266239999,2063716284827681019,https://x.com/i/status/2063716284827681019,0,batch_shard_02_0001.json
2063916781266239999,2063717613125963922,https://x.com/i/status/2063717613125963922,0,batch_shard_02_0001.json
2063916781266239999,2063719108404035861,https://x.com/i/status/2063719108404035861,0,batch_shard_02_0001.json
2063916781266239999,2063719890016506133,https://x.com/i/status/2063719890016506133,0,batch_shard_02_0001.json
2063916781266239999,2063720125421760569,https://x.com/i/status/2063720125421760569,0,batch_shard_02_0001.json
2063916781266239999,2063720436479750231,https://x.com/i/status/2063720436479750231,0,batch_shard_02_0001.json
2063916781266239999,2063721040082001987,https://x.com/i/status/2063721040082001987,0,batch_shard_02_0001.json
2063916781266239999,2063721996991504756,https://x.com/i/status/2063721996991504756,0,batch_shard_02_0001.json
2063916781266239999,2063723065687543875,https://x.com/i/status/2063723065687543875,0,batch_shard_02_0001.json
2063916781266239999,2063724888985059679,https://x.com/i/status/2063724888985059679,0,batch_shard_02_0001.json
2063916781266239999,2063725277960913332,https://x.com/i/status/2063725277960913332,0,batch_shard_02_0001.json
2063916781266239999,2063728192985473034,https://x.com/i/status/2063728192985473034,0,batch_shard_02_0001.json
2063916781266239999,2063728455184011277,https://x.com/i/status/2063728455184011277,0,batch_shard_02_0001.json
2063916781266239999,2063728637548057003,https://x.com/i/status/2063728637548057003,0,batch_shard_02_0001.json
2063916781266239999,2063729083989823907,https://x.com/i/status/2063729083989823907,0,batch_shard_02_0001.json
2063916781266239999,2063730638310744357,https://x.com/i/status/2063730638310744357,0,batch_shard_02_0001.json
2063916781266239999,2063731566329602271,https://x.com/i/status/2063731566329602271,0,batch_shard_02_0001.json
2063916781266239999,2063734521254568127,https://x.com/i/status/2063734521254568127,0,batch_shard_02_0001.json
2063916781266239999,2063734532994474271,https://x.com/i/status/2063734532994474271,0,batch_shard_02_0001.json
2063916781266239999,2063735643721637943,https://x.com/i/status/2063735643721637943,0,batch_shard_02_0001.json
2063916781266239999,2063735674579153186,https://x.com/i/status/2063735674579153186,0,batch_shard_02_0001.json
2063916781266239999,2063736368916783205,https://x.com/i/status/2063736368916783205,0,batch_shard_02_0001.json
2063916781266239999,2063738265417457985,https://x.com/i/status/2063738265417457985,0,batch_shard_02_0001.json
2070813648461967852,2070732595797913769,https://x.com/i/status/2070732595797913769,1,batch_0002 (1).json
2070813648461967852,2070780378781298884,https://x.com/i/status/2070780378781298884,1,batch_0002 (1).json
2070813648461967852,2070786392787956053,https://x.com/i/status/2070786392787956053,1,batch_0002 (1).json
2070813648461967852,2070800868706767165,https://x.com/i/status/2070800868706767165,1,batch_0002 (1).json
2070813648461967852,2070802051223974266,https://x.com/i/status/2070802051223974266,1,batch_0002 (1).json
2070813648461967852,2070821431315927139,https://x.com/i/status/2070821431315927139,1,batch_0002 (1).json
2070813648461967852,2070822012843631021,https://x.com/i/status/2070822012843631021,1,batch_0002 (1).json
2070813648461967852,2070851294756221114,https://x.com/i/status/2070851294756221114,1,batch_0002 (1).json
2070813648461967852,2070854282170274107,https://x.com/i/status/2070854282170274107,1,batch_0002 (1).json
2070813648461967852,2070860008003342395,https://x.com/i/status/2070860008003342395,1,batch_0002 (1).json
2070813648461967852,2070861311249125487,https://x.com/i/status/2070861311249125487,1,batch_0002 (1).json
2070813648461967852,2070880285655494661,https://x.com/i/status/2070880285655494661,1,batch_0002 (1).json
2070813648461967852,2070880568221573162,https://x.com/i/status/2070880568221573162,1,batch_0002 (1).json
2070813648461967852,2070883250684436678,https://x.com/i/status/2070883250684436678,1,batch_0002 (1).json
2070813648461967852,2070883979859992714,https://x.com/i/status/2070883979859992714,1,batch_0002 (1).json
2070813648461967852,2070898293161529588,https://x.com/i/status/2070898293161529588,1,batch_0002 (1).json
2070813648461967852,2070905825300984092,https://x.com/i/status/2070905825300984092,1,batch_0002 (1).json
2070813648461967852,2070907790374424583,https://x.com/i/status/2070907790374424583,1,batch_0002 (1).json
2070813648461967852,2070909981478785305,https://x.com/i/status/2070909981478785305,1,batch_0002 (1).json
2070813648461967852,2070913737935204618,https://x.com/i/status/2070913737935204618,1,batch_0002 (1).json
2070813648461967852,2070917848369905971,https://x.com/i/status/2070917848369905971,1,batch_0002 (1).json
2070813648461967852,2070919573613027341,https://x.com/i/status/2070919573613027341,1,batch_0002 (1).json
2070813648461967852,2070929278557163881,https://x.com/i/status/2070929278557163881,1,batch_0002 (1).json
2070813648461967852,2070995984398843965,https://x.com/i/status/2070995984398843965,1,batch_0002 (1).json
2070813648461967852,2071023226629795853,https://x.com/i/status/2071023226629795853,1,batch_0002 (1).json
2070813648461967852,2071090058728501439,https://x.com/i/status/2071090058728501439,1,batch_0002 (1).json
2070813648461967852,2071132929980330311,https://x.com/i/status/2071132929980330311,1,batch_0002 (1).json
2070813648461967852,2071140388954337415,https://x.com/i/status/2071140388954337415,1,batch_0002 (1).json
2070813648461967852,2071141319142240308,https://x.com/i/status/2071141319142240308,1,batch_0002 (1).json
2070813648461967852,2071213757108277298,https://x.com/i/status/2071213757108277298,1,batch_0002 (1).json
2070813648461967852,2071391896833048963,https://x.com/i/status/2071391896833048963,1,batch_0002 (1).json
2070813648461967852,2071523382223589379,https://x.com/i/status/2071523382223589379,1,batch_0002 (1).json
2070813648461967852,2072453272749920507,https://x.com/i/status/2072453272749920507,1,batch_0002 (1).json
2070813648461967852,2073880122093105374,https://x.com/i/status/2073880122093105374,1,batch_0002 (1).json
2077448537739047224,2077445700456157315,https://x.com/i/status/2077445700456157315,1,batch_0001 (7).json
2077448537739047224,2077445715136258122,https://x.com/i/status/2077445715136258122,1,batch_0001 (7).json
2077448537739047224,2077446427345633493,https://x.com/i/status/2077446427345633493,1,batch_0001 (7).json
2079472367886098613,2079310967716901353,https://x.com/i/status/2079310967716901353,1,batch_0003.json
2079472367886098613,2079323619587395867,https://x.com/i/status/2079323619587395867,1,batch_0003.json
2079472367886098613,2079326175034241248,https://x.com/i/status/2079326175034241248,1,batch_0003.json
2079472367886098613,2079334151367331983,https://x.com/i/status/2079334151367331983,1,batch_0003.json
2079472367886098613,2079344313390059780,https://x.com/i/status/2079344313390059780,1,batch_0003.json
2079472367886098613,2079346470981939341,https://x.com/i/status/2079346470981939341,1,batch_0003.json
2079472367886098613,2079357058306932745,https://x.com/i/status/2079357058306932745,1,batch_0003.json
2079472367886098613,2079382058447556684,https://x.com/i/status/2079382058447556684,1,batch_0003.json
2079472367886098613,2079403022942114040,https://x.com/i/status/2079403022942114040,1,batch_0003.json
2079472367886098613,2079419216172589108,https://x.com/i/status/2079419216172589108,1,batch_0003.json
2079472367886098613,2079433075071619112,https://x.com/i/status/2079433075071619112,1,batch_0003.json
2079472367886098613,2079440100568547677,https://x.com/i/status/2079440100568547677,1,batch_0003.json
2079472367886098613,2079465359279599736,https://x.com/i/status/2079465359279599736,1,batch_0003.json
2079472367886098613,2079533682210087009,https://x.com/i/status/2079533682210087009,1,batch_0003.json
2079472367886098613,2079550811353256379,https://x.com/i/status/2079550811353256379,1,batch_0003.json
2079472367886098613,2079550865501773924,https://x.com/i/status/2079550865501773924,1,batch_0003.json
2080717827401527386,2080676449678225775,https://x.com/i/status/2080676449678225775,1,batch_0003.json
2080717827401527386,2080707683896664519,https://x.com/i/status/2080707683896664519,1,batch_0003.json
2080717827401527386,2080710799589355795,https://x.com/i/status/2080710799589355795,1,batch_0003.json
2080717827401527386,2080712284783993222,https://x.com/i/status/2080712284783993222,1,batch_0003.json
2080717827401527386,2080714370233819583,https://x.com/i/status/2080714370233819583,1,batch_0003.json
2080717827401527386,2080714910573510873,https://x.com/i/status/2080714910573510873,1,batch_0003.json
2080717827401527386,2080714985689276763,https://x.com/i/status/2080714985689276763,1,batch_0003.json
2080717827401527386,2080715043667079534,https://x.com/i/status/2080715043667079534,1,batch_0003.json
2080717827401527386,2080719852629565701,https://x.com/i/status/2080719852629565701,1,batch_0003.json
2080717827401527386,2080720211783672175,https://x.com/i/status/2080720211783672175,1,batch_0003.json
2080717827401527386,2080720604664066478,https://x.com/i/status/2080720604664066478,1,batch_0003.json
2080717827401527386,2080720860302721237,https://x.com/i/status/2080720860302721237,1,batch_0003.json
2080717827401527386,2080721348008042706,https://x.com/i/status/2080721348008042706,1,batch_0003.json
2080717827401527386,2080722046216962064,https://x.com/i/status/2080722046216962064,1,batch_0003.json
2080717827401527386,2080724409585672663,https://x.com/i/status/2080724409585672663,1,batch_0003.json
2080717827401527386,2080726159130575125,https://x.com/i/status/2080726159130575125,1,batch_0003.json
2080717827401527386,2080726737768390836,https://x.com/i/status/2080726737768390836,1,batch_0003.json
2080717827401527386,2080727445938790819,https://x.com/i/status/2080727445938790819,1,batch_0003.json
2080717827401527386,2080734789619867843,https://x.com/i/status/2080734789619867843,1,batch_0003.json
2080717827401527386,2080740530477015131,https://x.com/i/status/2080740530477015131,1,batch_0003.json
2080717827401527386,2080747070365773895,https://x.com/i/status/2080747070365773895,1,batch_0003.json
2080717827401527386,2080748059453968803,https://x.com/i/status/2080748059453968803,1,batch_0003.json
2080717827401527386,2080751906582859871,https://x.com/i/status/2080751906582859871,1,batch_0003.json
2080717827401527386,2080753045940355115,https://x.com/i/status/2080753045940355115,1,batch_0003.json
2080717827401527386,2080754300221870434,https://x.com/i/status/2080754300221870434,1,batch_0003.json
2080717827401527386,2080761434309333184,https://x.com/i/status/2080761434309333184,1,batch_0003.json
2080717827401527386,2080767432931660137,https://x.com/i/status/2080767432931660137,1,batch_0003.json
2080717827401527386,2080769418003468410,https://x.com/i/status/2080769418003468410,1,batch_0003.json
2080717827401527386,2080805250861006908,https://x.com/i/status/2080805250861006908,1,batch_0003.json
2080717827401527386,2080819594793521335,https://x.com/i/status/2080819594793521335,1,batch_0003.json
2080717827401527386,2080820944012972211,https://x.com/i/status/2080820944012972211,1,batch_0003.json
2080717827401527386,2080822377034715528,https://x.com/i/status/2080822377034715528,1,batch_0003.json
2080717827401527386,2080846935217332667,https://x.com/i/status/2080846935217332667,1,batch_0003.json
2080717827401527386,2080935103522386238,https://x.com/i/status/2080935103522386238,1,batch_0003.json
2080717827401527386,2081530987662430435,https://x.com/i/status/2081530987662430435,1,batch_0003.json
2080717827401527386,2083257336634671180,https://x.com/i/status/2083257336634671180,1,batch_0003.json
2080837853819343306,2080362412906004484,https://x.com/i/status/2080362412906004484,1,batch_0001 (7).json
2080837853819343306,2080585224988103136,https://x.com/i/status/2080585224988103136,1,batch_0001 (7).json
2080837853819343306,2080619274666729951,https://x.com/i/status/2080619274666729951,1,batch_0001 (7).json
2080837853819343306,2080624368153956764,https://x.com/i/status/2080624368153956764,1,batch_0001 (7).json
2080837853819343306,2080636123185860760,https://x.com/i/status/2080636123185860760,1,batch_0001 (7).json
2080837853819343306,2080640345142911475,https://x.com/i/status/2080640345142911475,1,batch_0001 (7).json
2080837853819343306,2080641490536071544,https://x.com/i/status/2080641490536071544,1,batch_0001 (7).json
2080837853819343306,2080641965297733831,https://x.com/i/status/2080641965297733831,1,batch_0001 (7).json
2080837853819343306,2080654070822363615,https://x.com/i/status/2080654070822363615,1,batch_0001 (7).json
2080837853819343306,2080670053972824375,https://x.com/i/status/2080670053972824375,1,batch_0001 (7).json
2080837853819343306,2080678744247648295,https://x.com/i/status/2080678744247648295,1,batch_0001 (7).json
2080837853819343306,2080683861365649588,https://x.com/i/status/2080683861365649588,1,batch_0001 (7).json
2080837853819343306,2080702636483903717,https://x.com/i/status/2080702636483903717,1,batch_0001 (7).json
2080837853819343306,2080714955700031785,https://x.com/i/status/2080714955700031785,1,batch_0001 (7).json
2080837853819343306,2080724470239547767,https://x.com/i/status/2080724470239547767,1,batch_0001 (7).json
2080837853819343306,2080791270184624149,https://x.com/i/status/2080791270184624149,1,batch_0001 (7).json
2081174424221569305,2081134704913162740,https://x.com/i/status/2081134704913162740,1,batch_0001 (7).json
2081174424221569305,2081152686464917992,https://x.com/i/status/2081152686464917992,1,batch_0001 (7).json
2081174424221569305,2081165513170854319,https://x.com/i/status/2081165513170854319,1,batch_0001 (7).json
2081174424221569305,2081167009425789363,https://x.com/i/status/2081167009425789363,1,batch_0001 (7).json
2081174424221569305,2081170699670941981,https://x.com/i/status/2081170699670941981,1,batch_0001 (7).json
2081174424221569305,2081172371021480304,https://x.com/i/status/2081172371021480304,1,batch_0001 (7).json
2081174424221569305,2081175160598507567,https://x.com/i/status/2081175160598507567,1,batch_0001 (7).json
2081174424221569305,2081270839668875356,https://x.com/i/status/2081270839668875356,1,batch_0001 (7).json
2081174424221569305,2081321349046223030,https://x.com/i/status/2081321349046223030,1,batch_0001 (7).json
2081174424221569305,2081325460059807820,https://x.com/i/status/2081325460059807820,1,batch_0001 (7).json
2081174424221569305,2081356782778139024,https://x.com/i/status/2081356782778139024,1,batch_0001 (7).json
2081174424221569305,2081360485706879296,https://x.com/i/status/2081360485706879296,1,batch_0001 (7).json
2081174424221569305,2081372680142397770,https://x.com/i/status/2081372680142397770,1,batch_0001 (7).json
2081174424221569305,2081386369067225096,https://x.com/i/status/2081386369067225096,1,batch_0001 (7).json
2081174424221569305,2081386495303098386,https://x.com/i/status/2081386495303098386,1,batch_0001 (7).json
2081174424221569305,2081410364789395662,https://x.com/i/status/2081410364789395662,1,batch_0001 (7).json
2081174424221569305,2081421778597884218,https://x.com/i/status/2081421778597884218,1,batch_0001 (7).json
2081174424221569305,2081450549266817314,https://x.com/i/status/2081450549266817314,1,batch_0001 (7).json
2081174424221569305,2081663738458116210,https://x.com/i/status/2081663738458116210,1,batch_0001 (7).json
2081174424221569305,2081767640398213464,https://x.com/i/status/2081767640398213464,1,batch_0001 (7).json
2081174424221569305,2081773766623838268,https://x.com/i/status/2081773766623838268,1,batch_0001 (7).json
2081174424221569305,2082782409498542478,https://x.com/i/status/2082782409498542478,1,batch_0001 (7).json
2081204138612805931,2080474419731062807,https://x.com/i/status/2080474419731062807,1,batch_0001 (4).json
2081204138612805931,2080480460409344211,https://x.com/i/status/2080480460409344211,1,batch_0001 (4).json
2081204138612805931,2080497572817539182,https://x.com/i/status/2080497572817539182,1,batch_0001 (4).json
2081204138612805931,2080521170512728137,https://x.com/i/status/2080521170512728137,1,batch_0001 (4).json
2081204138612805931,2080530628127420625,https://x.com/i/status/2080530628127420625,1,batch_0001 (4).json
2081204138612805931,2080539961078493211,https://x.com/i/status/2080539961078493211,1,batch_0001 (4).json
2081204138612805931,2080546321640104302,https://x.com/i/status/2080546321640104302,1,batch_0001 (4).json
2081204138612805931,2080558623319790037,https://x.com/i/status/2080558623319790037,1,batch_0001 (4).json
2081204138612805931,2080581291355873438,https://x.com/i/status/2080581291355873438,1,batch_0001 (4).json
2081204138612805931,2080582945396449364,https://x.com/i/status/2080582945396449364,1,batch_0001 (4).json
2081204138612805931,2080593782655865188,https://x.com/i/status/2080593782655865188,1,batch_0001 (4).json
2081204138612805931,2080605641056391619,https://x.com/i/status/2080605641056391619,1,batch_0001 (4).json
2081204138612805931,2080605707804561565,https://x.com/i/status/2080605707804561565,1,batch_0001 (4).json
2081204138612805931,2080606565044715834,https://x.com/i/status/2080606565044715834,1,batch_0001 (4).json
2081204138612805931,2080608280422785079,https://x.com/i/status/2080608280422785079,1,batch_0001 (4).json
2081204138612805931,2080618924656452048,https://x.com/i/status/2080618924656452048,1,batch_0001 (4).json
2081204138612805931,2080632456462377461,https://x.com/i/status/2080632456462377461,1,batch_0001 (4).json
2081204138612805931,2080660523796890011,https://x.com/i/status/2080660523796890011,1,batch_0001 (4).json
2081204138612805931,2080688728951976391,https://x.com/i/status/2080688728951976391,1,batch_0001 (4).json
2081204138612805931,2080793341856272617,https://x.com/i/status/2080793341856272617,1,batch_0001 (4).json
2081204138612805931,2080805626825855267,https://x.com/i/status/2080805626825855267,1,batch_0001 (4).json
2081204138612805931,2080823077835870282,https://x.com/i/status/2080823077835870282,1,batch_0001 (4).json
2081204138612805931,2080868576378925131,https://x.com/i/status/2080868576378925131,1,batch_0001 (4).json
2081204138612805931,2080894587741081922,https://x.com/i/status/2080894587741081922,1,batch_0001 (4).json
2081204138612805931,2080971519295922411,https://x.com/i/status/2080971519295922411,1,batch_0001 (4).json
2081204138612805931,2081012181416439817,https://x.com/i/status/2081012181416439817,1,batch_0001 (4).json
2081204138612805931,2081014260948504930,https://x.com/i/status/2081014260948504930,1,batch_0001 (4).json
2081204138612805931,2081045961665556648,https://x.com/i/status/2081045961665556648,1,batch_0001 (4).json
2081204138612805931,2081116161996116122,https://x.com/i/status/2081116161996116122,1,batch_0001 (4).json
2081204138612805931,2081167302620266692,https://x.com/i/status/2081167302620266692,1,batch_0001 (4).json
